id,total_count
2058621_Ag_EU_LoCloud_NRA,2910176
9200365_Ag_EU_TEL_a0142_Gallica,1191745
9200359_Ag_EU_TEL_a0601_Newspapers_Netherlands,747773
9200479_NLPoland,644682
9200384_Ag_EU_TEL_a0613_Newspapers_ONB,629498
401_Muuseumid,613372
11614_Royal_Botanic_Gardens_Kew,595140
2048087_Ag_EU_AthenaPlus_CollectionsTrust,584554
2020702_Ag_EU_CARARE_SNHB,547566
2058632_Ag_EU_LoCloud_RCE,526228
2048212_EuropeanaFashion_1020,524717
2048128_Ag_HU_MaNDA_OAI,523029
2058618_Ag_EU_LoCloud_KUAS,518786
03915_Ag_FR_MCC_MEMOIRE_SAP_IMAGE,510877
11650_Ag_EU_OpenUp!_BATCH7:NBCNL_DWCA,499800
11654_Ag_EU_OpenUp!_BATCH3:NBCNL_DWCA,499792
11652_Ag_EU_OpenUp!_BATCH5:NBCNL_DWCA,499400
11651_Ag_EU_OpenUp!_BATCH6:NBCNL_DWCA,499300
11648_Ag_EU_OpenUp!_BATCH9:NBCNL_DWCA,496229
9200302_Ag_EU_TEL_a0597_Newspapers_Spain,480808
794_Ag_BnF_Gallica_typedoc_monographies_v2,459676
9200401_Ag_EU_TEL_ a0026_KB_NL,454678
2021010_Ag_FI_NDL_sanoma,450118
9200408_Ag_EU_TEL_a0599_NewspapersGallica,426943
368_DDB_BSB2,399801
362_DDB_BSB1,399766
358_DDB_BSB,399747
335_CZ_DigitalLibrary_periodical,398784
318_Ag_JHN_NationalLibraryIsrael,395977
2021803_Ag_LT_SNL_documents_and_manuscripts,395577
11649_Ag_EU_OpenUp!_BATCH8:NBCNL_DWCA,389598
08602_EFG_Instituto_Luce_Cinecitta,372187
9200332_NL_ONB_Austrian_Books_Online,361972
726_Ag_ES_Hispana_esebvph_2,359493
725_Ag_ES_Hispana_esebvph_1,351661
866_Hispana_BibliotecaVirtualdePrensaHistorica_esebvph2,351572
437_DDB_SLUB_1,349996
440_DDB_SLUB_2,349989
188_DDB_SLUB_0,349987
90402_M_NL_Rijksmuseum,337641
9200343_Ag_EU_TEL_a1218_eCloud_NL_Denmark,336741
11647_Ag_EU_OpenUp!_BATCH10:NBCNL_DWCA,335966
11653_Ag_EU_OpenUp!_BATCH4:NBCNL_DWCA,320709
199_DDB_BildarchivFotoMarburg,320543
9200518_Ag_BnF_Gallica_typedoc_images,318272
2021009_Ag_FI_NDL_museovirasto,305749
808__RAA_bild,304083
2048441_Ag_DE_DDB_NationalBibliothek,303528
2020737_Ag_EU_CARARE_Danish Agency of Culture,301308
792_Biblioteka_Uniwersytecka_w_Warszawie_pt1,299817
205_FBC_WielkopolskaBibliotekaCyfrowa_Part1,293830
9200521_Ag_BnF_Gallica_typedoc_objets,255336
2020706_Ag_EU_CARARE_NPU,251542
11656_OpenUp_BATCH1_NBCNL_DWCA,249914
11655_OpenUp_BATCH2_NBCNL_DWCA,248313
08711_Biodiversity_Heritage_Library,247627
840_OpenUp_NHM_London_Batch2,247087
841_OpenUp_NHM_London_Batch3,247018
883_OpenUp_NHM_London_Batch10,246798
882_OpenUp_NHM_London_Batch9,246758
870__OpenUp_NHM_London_Batch6,246326
854__OpenUp_NHM_London_Batch5,246251
872_OpenUp_NHM_London_Batch7,245980
875_OpenUp_NHM_London_Batch8,245863
853__OpenUp_NHM_London_Batch4,245461
817_OpenUp_NHM_London_Batch1,245360
2058626_Ag_EU_LoCloud_NRA-e,243715
773_Catalonica_MemoriaDigitalCatalunya,240759
2059210_Ag_EU_eSOUNDS_1014_NISV,239309
867_Hispana_BibliotecaVirtualdePrensaHistorica_esebvph3,239140
9200143_Ag_EU_TEL_a1007_E.Libraries_Oxford,229645
264_Meise_Botanic_Garden_Batch4,229076
176_OpenUp_NBGB_Part2,229054
266_Meise_Botanic_Garden_Batch6,228484
263_Meise_Botanic_Garden_Batch3,228400
11608_OpenUp_NBGB_Part1,228355
265_Meise_Botanic_Garden_Batch5,228177
92023_Ag_DK_kb.billeder,227670
1087_ARCA_ArxiudeRevistesCatalanesAntigues,227168
15514_Ag_AT_Kulturpool_MAK,223435
998__Naturalis_Wildlife_Sounds_batch2,221125
997__Naturalis_Wildlife_Sounds_batch1,220356
999__Naturalis_Wildlife_Sounds_batch3,220347
91617_Ag_SE_SwedishNationalHeritage_Upplandsmuseet,218928
1029__RoyalBotanicGardenEdinburghHerbarium_batch4_prev_11616,215410
1026__RoyalBotanicGardenEdinburghHerbarium_batch1_prev_11616,215166
1027__RoyalBotanicGardenEdinburghHerbarium_batch2_prev_11616,214426
1028__RoyalBotanicGardenEdinburghHerbarium_batch3_prev_11616,213718
433_CulturaItalia_Presidenza_della_Repubblica,212160
2064108_SMB,203561
463_DDB_SLUB_3,203156
446_CulturaItalia_InternetCulturale,194423
502_Norsk_Folkemuseum,188057
2022706_Ag_ES_Hispana_gal,187316
2022711_Ag_ES_Hispana_bdmadrid,187059
92062_Ag_EU_TEL_a0480_Austria,185737
2022717_Ag_ES_Hispana_Biblioteca_Nacional,183597
11629_Botanical_Museum_Berlin_Dahlem,177853
91625_Ag_SE_SwedishNationalHeritage_no_obj,175083
03919_Ag_FR_MCC_JOCONDE_IMAGE,173279
76_Ag_SE_SwedishNationalHeritage_Jamtli,173095
2023817_Arts_and_Theatre_Institute,168526
08547_Museu_MULeipzig,167684
0940434_Ag_PL_kpbc.umk.pl,166260
850_Biblioteka_Uniwersytecka_w_Warszawie_pt2,163456
257_DC_Utrecht_Archief,159981
11642_Ag_EU_OpenUp!_BATCH15:NBCNL_DWCA,158400
08535_DDB_TUBA,156138
2022707_Ag_ES_Hispana_bvandalucia,150931
2021802_Ag_LT_SNL_Art,149797
9200300_Ag_EU_TEL_a0600_Newspapers_ONB,147652
2059209_Ag_EU_eSOUNDS_1018_BL,147513
868_Hispana_BibliotecaVirtualdePrensaHistorica_esebvph4,147243
15508_Ag_AT_Kulturpool_albertina,146486
154_SOCH_Jarnvagsmuseet,145093
2021606_DigitaleCollectie_RM_Oudheden,141529
916105_SOCH_va_bm_media,140521
2024914_EuropeanaPhotography_Girona_1019,138474
916118_Ag_SE_Tekniskamuseet,135238
9200355_Ag_EU_TEL_a0620_Newspapers_Berlin,134746
2031901_Ag_EU_EC_Video_Photo_Collection,134587
9200385_Ag_EU_TEL_a0644_Newspapers_Wales,133578
916124_Ag_SE_s_xlm,133207
2022037_Ag_EU_HOPE_FESPhotographs,131491
9200338_Ag_EU_TEL_a0621_Newspapers_HamburgLibrary,131101
92004_NL_Manuscriptorium_CZ,130393
364_CulturaItalia_Archivio_mercante_Francesco,129690
10501_Ag_PT_RNOD,129463
03928_Ag_FR_MCC_MEMOIRE_MHR_IMAGE,128192
2048001_Ag_EU_AthenaPlus_KIK_IRPA,126241
517_OpenUp_MNHN_Pt1,126010
11620_OpenUp_MNHN,125670
519_OpenUp_MNHN_Pt3,125600
916121_Ag_SE_s_olm,125272
518_OpenUp_MNHN_Pt2,124880
180_IALHI_antifa,124819
0940433_Malopolska_Biblioteka_Cyfrowa,124661
9200519_Ag_BnF_Gallica_typedoc_manuscrits,123885
954_Ministerul_Culturii_Manifestations,121678
932_ekulturaConsumerCards,120247
91670_SwedishNationalHeritage_smvk_vkm_arkiv,118790
2021634_Ag_NL_DigitaleCollectie_brabantsHIC,118373
134_SOCH_VGM,117479
11601_OpenUp_NHMV,115910
2048024_Ag_EU_AthenaPlus_CentraleRoma,115387
9200333_Newspapers_TessmannLibrary,115179
04202_L_BE_UniLibGent_googlebooks,113600
9200110_Ag_EU_TEL_a1010_EuropeanaLibraries,113162
11643_Ag_EU_OpenUp!_BATCH14:NBCNL_DWCA,111400
122_EKT_elia,110913
03929_Ag_FR_MCC_MEMOIRE_ARCHEO_IMAGE,110142
111_Hispana_jable,108536
916123_SOCH_SormlandsMuseum,107177
951_Ministerul_Culturii_Artifacts,106562
2020707_Ag_EU_CARARE_GAI,104659
753_Anno_Domkirkeodden,104289
174_Digiphil_Digital_Academy_of_Literature,104198
0940429_Biblioteka_Cyfrowa_Uniwersytetu_Wroclawskiego,103916
916109_SwedishNationalHeritage_Sjohistoriska,103829
916106_Ag_SE_SwedishNationalHeritage_va_vbg,103249
0940406_BibliotekaCyfrowaRegionaliaZiemiLodzkiej_pt1,102852
2048221_EuropeanaFashion_1040,102491
262_CARARE_AISCR,101580
04802_AA_ASSETS_INA,101356
11628_Ag_EU_OpenUp!_FOTO_AM,101323
206_DDB_Heidicon,100679
375_DigiPhil_Szentendrei_Szabadteri_Neprajzi_Muzeum,100270
2022710_Ag_ES_Hispana_hdmurcia,99328
91616_Ag_SE_SwedishNationalHeritage_Armemuseet,99158
2021801_Ag_LT_SNL_Archival_documents,94987
2022712_Ag_ES_Hispana_gredos,94738
2020708_Ag_EU_CARARE_ADS,94498
2022708_Ag_ES_Hispana_bvclm,94223
2021626_Ag_NL_DigitaleCollectie_de_hollandsche_mol,94187
2021008_Ag_FI_NDL_lusto,93511
2051906_Ag_EU_EUscreen_1019,93105
2021657_Ag_NL_DigitaleCollectie_DIMCONMUSEON,93077
9200356_Ag_EU_TEL_a0616_Newspapers_Estonia,92653
9200579_Ag_UK_WellcomeCollection_IIIF,92480
91627_SOCH_smvk_emfoto,92017
11603_Ag_EU_OpenUp!_LANDOOE,91679
2022719_Hispana_Galiciana_Arxivo,91291
222_Slovenia_Newspapers_Part1,88577
117_Ag_FI_NDL_hkm,88503
338_EKT_AthensAcademy1,88290
2051922_TV3_Television_of_Catalonia,88179
669_DDB_SKD,87148
2021631_Ag_NL_DigitaleCollectie_zaanstad,85508
91666_Ag_SE_SwedishNationalHeritage_smvk_arkiv,83705
2059218_Ag_EU_eSOUNDS_1016_ICCU,83122
11646_Ag_EU_OpenUp!_BATCH11:NBCNL_DWCA,82000
2051908_Ag_EU_EUscreenXL_1024,81861
91619_Ag_SE_SwedishNationalHeritage_smvk_em,81675
2064109_Spielzeug_Museum,80306
11644_Ag_EU_OpenUp!_BATCH13:NBCNL_DWCA,80000
2024904_Ag_EU_EuropeanaPhotography_TopFoto_1013,76112
91608_SwedishNationalHeritage_smvk_vkm,75239
22_Byzart_1_WholeCollection,75075
165_LinBi_Real_Jardin_Botanico_Madrid,74638
9200111_Ag_EU_TEL_a1041_EuropeanaLibraries,74233
916122_Ag_SE_s_hm,73678
08611_Cineteca_di_Bologna,73157
08609_EFG_Filmoteka_Narodowa,71958
2058806_Ag_EU_EAGLE_EDR,71826
2020801_Ag_EU_thinkMOTION_all,71807
185_Kulturpool_monasterium,71134
90901_L_ES_BVMC_Collection_ark_bvmc,70971
89_DDB_HAUM,70499
2022043_Ag_EU_HOPE_OSAInfoItems,70292
9200517_Ag_BnF_Gallica_typedoc_cartes,70174
718_Museu_AjuntamentDeGirona,69768
9200303_Ag_EU_TEL_a0617_Newspapers_Latvia,69758
545_Hispana_BDCastillayLeon,69497
546_Hispana_BDComunidadMadrid,69472
2058801_Ag_EU_EAGLE_EDH,69053
2051914_Ag_EU_EUscreenXL_1028,68857
91658_Ag_SE_SwedishNationalHeritage_malmo_objekt,68672
2022716_Ag_ES_Hispana_fedac,68102
2048437_Ag_DE_DDB_HLBFulda,67548
505_DDB_bbwa,67089
2021650_Ag_NL_DigitaleCollectie_nimh,66758
2058628_Erfgoedplus_be_Erfgoedregister,66584
2021641_Ag_NL_DigitaleCollectie_GooienVecht,66237
2022362_Ag_UK_CultureGrid_Royal_Museums_Greenwich,65364
08604_Deutsches_Filminstitut,64726
9200360_Ag_EU_TEL_a0639_Newspapers_Luxembourg,64271
2021011_Ag_FI_NDL_aika,64076
09102_Ag_EU_MIMO,63477
2020718_Ag_EU_CARARE_CHA2,63466
2024907_Ag_EU_EuropeanaPhotography_Gencat_1062,63308
2022039_Ag_EU_HOPE_FESLibrarySPDP,62981
814__Grodzka_Gate_NN_Theatre_incl_3D,62172
770_DDB_IMMH,61954
2022320_Ag_UK_ELocal_KirkleesImageArchive,61667
0940411_Bibliotekaelblaska_pt1,61215
670_DDB_Weltsichten0,61105
2021632_Ag_NL_DigitaleCollectie_archiefbreda,60870
1075_Museum_Catharijneconvent,60795
2021646_Ag_NL_DigitaleCollectie_centrum_limburg,60581
9200394_Slovenia_Laibacher_Zeitung,59738
2022076_Ag_EU_HOPE_FESTrade,59694
756_Anno_Glomdalsmuseet,58512
160_Ag_EU_JHN_JHInstitute,58492
0940423_FBC_WielkopolskaBibliotekaCyfrowa_Part2,58160
2058611_Ag_EU_LoCloud_Swiss,56746
2048211_EuropeanaFashion_1019,56464
339_Hispana_UniversidadDeLaLaguna,56307
916108_Ag_SE_SwedishNationalHeritage_Marinmuseum,55639
2048232_EuropeanaFashion_1055,55166
2058612_Ag_EU_LoCloud_maeyaert,55005
2048425_Ag_DE_DDB_GESIS,54945
9200470_UL_Periodicals_Lucian_Blaga,54922
2051904_Deutsche_Welle,54380
11602_Herbarium_WU,54058
91624_Ag_SE_SwedishNationalHeritage_shm_obj,53552
0940415_Ag_PL_mbc.cyfrowemazowsze.pl,53449
2021644_Ag_NL_DigitaleCollectie_centrum_Leeuwarden,53417
223_Slovenia_Slovenski_gospodar_Ljubljanski_zvon,53203
900__Norrbottens_museum,52878
0940442_Ag_PL_bibliotekacyfrowa.eu,52820
2021639_Ag_NL_DigitaleCollectie_Weert,52654
991_Cartotecadigital,52166
849_Catalonica_Regira,51972
09426_Ag_MT_Elocal,51955
2021647_Ag_NL_DigitaleCollectie_archief_schiedam,51842
441_Oslo_Museum,51698
2023859_AG-EU_LinkedHeritage_NSL,51236
767_Anno_Musea_i_Nord_Osterdalen,51023
2021609_Ag_NL_DigitaleCollectie_museum_rotterdam,51021
211_DDB_TUM,50914
405_Hispana_ArchivoMunicipalCastello,50732
439_SLJ_Herbarium_GJO,50464
234_FBC_SlaskaBibliotekaCyfrowa_Part2,49888
240_FBC_Jagiellonska_Biblioteka_Cyfrowa_Part3,49839
0940422_FBC_SlaskaBibliotekaCyfrowa_Part1,49793
11640_Ag_EU_OpenUp!_BATCH16:NBCNL_DWCA,49400
461_FBC_Jagiellonska_Biblioteka_Cyfrowa_Part14,49306
2058206_AG_ES_CIB_MGPB,49300
456_FBC_Jagiellonska_Biblioteka_Cyfrowa_Part9,49278
458_FBC_Jagiellonska_Biblioteka_Cyfrowa_Part11,49235
235_FBC_SlaskaBibliotekaCyfrowa_Part3,49094
459_FBC_Jagiellonska_Biblioteka_Cyfrowa_Part12,49057
0940428_Ag_PL_www.dlibra.karta.org.pl,49045
0940435_FBC_Jagiellonska_Biblioteka_Cyfrowa_Part1,48883
826_EKT_DEAM,48621
237_FBC_SlaskaBibliotekaCyfrowa_Part5,48546
455_FBC_Jagiellonska_Biblioteka_Cyfrowa_Part8,48499
77_Ag_SE_SwedishNationalHeritage_ca_kulturen,48338
452_FBC_Jagiellonska_Biblioteka_Cyfrowa_Part5,48205
451_FBC_Jagiellonska_Biblioteka_Cyfrowa_Part4,48022
462_FBC_Jagiellonska_Biblioteka_Cyfrowa_Part15,47962
236_FBC_SlaskaBibliotekaCyfrowa_Part4,47951
2021651_Ag_NL_DigitaleCollectie_archief_nijmegen,47924
916119_Ag_SE_Blekinge,47824
9200196_Ag_EU_TEL_a1130b_EUCollections1418_Italy,47455
9200516_Ag_BnF_Gallica_typedoc_audio,47414
453_FBC_Jagiellonska_Biblioteka_Cyfrowa_Part6,47366
239_FBC_Jagiellonska_Biblioteka_Cyfrowa_Part2,47232
105_Hispana_almeria,47192
91672_Ag_SE_SwedishNationalHeritage_malmo_foto,47189
9200522_Ag_BnF_Gallica_typedoc_partitions,46849
11604_Ag_EU_OpenUp_UH,46800
1048_MuseumofAppliedArtsBudapest,46698
314_EKT_Venizelosdig,45707
2021633_Ag_NL_DigitaleCollectie_hertogenbosch,45663
454_FBC_Jagiellonska_Biblioteka_Cyfrowa_Part7,45500
15503_Ag_AT_Kulturpool_khm_fs,44630
966_EuropeanaFashion_1134,44495
2048604_Ag_EU_DM2E_onb_abo,44425
92040_NL_DOI_Serbia,44363
0940417_Ag_PL_pbc.gda.pl,44309
2022302_Ag_UK_ELocal_Sheffield_Images,44128
421_CARARE_DANS_PAN,43868
2022068_Ag_EU_HOPE_AMSABIndymedia,43647
2048047_Ag_EU_AthenaPlus_RomaniaINP,43070
2048208_EuropeanaFashion_1015,42928
2021636_Ag_NL_DigitaleCollectie_CODA,42733
9200403_Ag_EU_TEL_a0652_KB_NL,42571
958__Kulturen_new,42163
11617_Ag_EU_OpenUp!_UTNHM,42071
372_DDB_BSB3,41930
9200229_Ag_EU_TEL_a1112_LibGent,41724
0940432_Ag_PL_pbc.biaman.pl,41629
457_FBC_Jagiellonska_Biblioteka_Cyfrowa_Part10,41395
2032010_Ag_EU_EInside_DrKovacPalCountyLibrary_KKMK,41313
2020710_Ag_EU_CARARE_DANS,40920
548_Kulturpool_Landessammlungen_Niederosterreich,40846
2058807_Ag_EU_EAGLE_EDB,40283
2064105_Royal_Armoury_Skokloster_Hallwyl,40254
2051943_Ag_EU_OldEUscreen_1025,40032
2021653_Ag_NL_DigitaleCollectie_BeeldbankEde,39824
504_DDB_zlb,39392
2059215_Ag_EU_eSOUNDS_1017_KistORiches,39155
168_DDB_Hablido,39082
2022502_Slovenia_Kamra_Multimedia,38966
0940425_Ag_PL_zbc.ksiaznica.szczecin.pl,38898
539_Hispana__BibliotecaDigitaldeAlbacete,38464
201_DDB_kunstgeschichte,38240
511_Ag_BG_PenchoSlaveykov_LIBVAR_ARTICLE_2021,37967
9200291_NL_ONB_EC1914_Picture_material_Photographs,37273
92027_Ag_EU_TEL_a0429E.xml,37111
194_Slovenia_Kmetijske_in_rokodelske_novice,36564
0940431_Ag_PL_rcin.org.pl,36516
410_SOCH_kps,36267
15_Slovenia_Newspapers_Part3,36229
91609_SwedishNationalHeritage_smvk_vkmf,36140
10907_AV_FLM_ASSETS_tex1_part2,35502
2064909_GR_EnATHINAIS,35502
9200369_IT_FondazioneBEIC,35475
2024903_EuropeanaPhotography_KULeuven_1010,35237
2058603_Ag_EU_LoCloud_IPCHS,35181
0940443_Ag_PL_bc.radom.pl,35149
2022360_Ag_UK_CultureGrid_IWM-FWW,34983
916120_Ag_SE_Postmuseum,34899
0940420_Ag_PL_www.dbc.wroc.pl,34737
2023865_AG-EU_LinkedHeritage_DigiCult_eG,34054
2021648_DigitaleCollectie_CollectieGelderland,34003
92022_Ag_EU_TEL_a0430E,33710
2021618_Ag_NL_DigitaleCollectie_TeylersKunst,33659
271_Ag_EU_JHN_CCJM,33614
9200140_Ag_EU_TEL_a0525_EUcollection14-18,33401
91698_Ag_SE_SwedishNationalHeritage_SuM,33379
03927_Ag_BANQUEIMAGEPORTRAIT_IMAGE,33251
91650_Ag_SE_SwedishNationalHeritage_hem_objekt,33210
355_Hispana_RiuNet,33198
91652_Ag_SE_SwedishNationalHeritage_KBG,32803
540_Hispana_BibliotecaDigitalCastillaMancha,32589
228_AG_EU_JHN_GUF_cm,32531
0940439_Ag_PL_delibra.bg.polsl.pl,32150
472_NM_HM_Narodni_muzeum_Historicke_muzeum,32080
110_Hispana_toledo,31701
2022363_Ag_UK_CultureGrid_Cumbria_Archives,31643
2020601_Ag_ErsterWeltkrieg_EU,31491
952_Ministerul_Culturii_Items,31490
2021629_Ag_NL_DigitaleCollectie_zutphen,31206
2021007_Ag_FI_NDL_sls,31136
09403_Ag_AT_ELocal,30995
2058808_Ag_EU_EAGLE_UAH,30723
72_72_Ag_SE_SwedishNationalHeritage_fbm,30555
08534_Ag_EU_ATHENA_International_Centre_For_Inform,30055
1034__LIBVAR_ARTICLE,29993
447_CulturaItalia_BibliotecaMarciana,29597
92085_National_Library_of_Latvia,29542
285_CulturaItalia_GAM,29395
91676_Ag_SE_SwedishNationalHeritage_Arkitektur,29200
109_Hispana_bvpb,29199
91653_Ag_SE_SwedishNationalHeritage_Miliseum,29084
164_Universitat_Autonoma_de_Barcelona,29037
2020903_Museu_NationalGalleryOfDenmark,29019
91641_Ag_SE_SwedishNationalHeritage_smvk-oa-arkivd,28802
92065_Ag_EU_TEL_a0445_ETravel,28688
07931_L_DE_UniLibHeidelberg_druckschriften_IIIF,28550
626_DDB_mediathek,28402
485_MSPrFUK_Mapova_sbirka,28304
2022715_Ag_ES_Hispana_elektra,28062
15502_Ag_AT_Kulturpool_Khm,27866
2024014_Ag_CZ_MSPrFUK,27841
2022042_Ag_EU_HOPE_TA1,27821
221_Slovenia_Newspapers_Part4,27812
0940424_Ag_PL_zbc.uz.zgora.pl,27786
91682_Ag_SE_SwedishNationalHeritage_vm-objekt,27663
2021627_Ag_NL_DigitaleCollectie_streekarchief,27321
79_DC_Rijksmuseum_Boerhaave,27257
2021660_Ag_NL_DigitaleCollectie_Tholen,27160
289_DC_Gemeentearchief_Barneveld,27145
0940436_Ag_PL_dlibra.umcs.lublin.pl,26996
91643_SwedishNationalHeritage_smvk_oa_object,26829
709_DDB_HerzogAugust,26445
00738_A_DE_Landesarchiv_ese_5_0000478720,26337
317_Ag_EU_JHN_JewishMuseumGreece,26252
366_DDB_Hertziana,26187
531_DDB_Freiburg,26072
9200115_Ag_EU_TEL_a0563_EUcollection14-18,25831
2058805_Ag_EU_EAGLE_PLUS,25604
2023846_AG-EU_LinkedHeritage_LWL,25526
2022054_Ag_EU_HOPE_FESLibraryDomj,25479
294_Hispana_bvasturias,25427
880_ColegiodeAbogadosdeMadrid,25419
836_Hispana_ArchivoImagenCastillaLaMancha,25352
2064107_Museu_UK_Museums,25071
2024917_Ag_EU_EuropeanaPhotography_Denmark_1025,25026
432_DDB_GNM,24800
284_Slovenia_ecc_Athena_plus,24762
91640_Ag_SE_SwedishNationalHeritage_smvk-mmfoto,24455
2020128_Slovenia_Newspapers_Part2,24434
9200301_Ag_EU_TEL_a0611_Newspapers_Finland,24207
957_Mobilier_national,24178
0940414_Ag_PL_jbc.jelenia-gora.pl,24127
12_EKT_Pandektis,23956
92093_Ag_UK_TEL_a1009g_EuropeanaLibraries,23680
344_Hispana_RealAcademiaHistoria,23635
11615_Ag_EU_OpenUp_UCPH,23146
699_DDB_SBB_,22954
2064114_MUSEU_D_Kult,22889
2051910_Danish_Broadcast_Corporation,22874
1010_DDB_LBKS,22829
829__INHA,22687
322_Museu_RMAH,22673
347_SOCH_shs,22592
2048431_DDB_Berlinische_Galerie,22376
2022096_Ag_EU_IALHI_DutchPolSocMov,22361
09425_Ag_EE_ELocal,22324
9200339_Ag_EU_TEL_a0622_Newspapers_Belgrade,22320
238_FBC_SlaskaBibliotekaCyfrowa_Part6,22239
2058605_Ag_EU_LoCloud_NPU,22136
2059208_Ag_EU_eSOUNDS_1020_CNRS_CREM,21446
9200317_Ag_EU_TEL_a1087_Collections_1914-1918,21320
2048426_Ag_DE_DDB_Weimar,21294
91654_SOCH_Svenskt_hallristningsforskningsarki,21219
2022365_Ag_UK_CultureGrid_Bristol_Museums,21003
2051920_Ag_EU_Hellenic_1039,21001
2024906_Ag_EU_EuropeanaPhotography_Lithuania_1024,20920
784_Ag_LT_Card_catalog,20693
232_Ag_EU_JHN_JTSA,20597
2023009_Erfgoedplus_be_Sportimonium,20531
2059217_Ag_EU_eSOUNDS_1009_AustrianMediathek,20249
953_MNIR_Numismatic_Items,20189
202_DDB_Leibnitz,19999
15501_Ag_AT_Kulturpool_Imareal,19897
124_RoL_BnF_Newspapers,19865
09312_Ag_EU_JHN_LeoBaeckInstitute_Photos,19761
308_Hispana_BVMalaga,19650
916114_Ag_SE_Helsingborgs_museer_fotografi,19614
273_Ag_EU_JHN_JHM_documenten,19547
651_AnnoNorskSkogmuseum,19275
343_Hispana_BibliotecaValenciana,19090
2048611_Ag_EU_DM2E_sbb_kpe,18957
0943101_Ag_BG_PenchoSlaveykov_ARTICLE,18939
15507_Ag_AT_Kulturpool_wienbib,18591
916110_Ag_SE_SwedishNationalHeritage_Vasamuseet,18555
270_Ag_EU_JHN_JewishHistoricalMuseum,18510
799_DDB_LWL_Museum,18499
2059205_Ag_EU_eSOUNDS_1010_MPI,18392
2022062_Ag_EU_HOPE_OSABackgroundReports,18224
91668_SOCH_gsm,18222
2022720_Ag_ES_Hispana_Idus,18068
9200361_Ag_EU_TEL_a0646_Newspapers_Zagreb,17989
2064102_Preussische_Schlosser,17895
2048421_Ag_DE_DDB_Wasserbau,17827
345_EKT_AthensAcademy2,17817
91674_SOCH_gsm_delobjekt,17617
9200124_Ag_DK_kb.dsa,17551
2048215_EuropeanaFashion_1033,17411
2021662_Ag_NL_DigitaleCollectie__rijssen_holten,17221
2022065_Ag_EU_HOPE_FESLibrarySlot05,17097
473_NM_KNM_Narodni_muzeum_Knihovna_Narodniho_muzea,17069
92097_Ag_EU_TEL_a1034_EuropeanaLibraries,17068
2021602_Ag_NL_DigitaleCollectie_DBNL,17043
203_Zuiderzeemuseum,17033
08520_INDOK_Centre,16959
2023813_AG-EU_LinkedHeritage_Padova,16943
2058601_Ag_EU_LoCloud_CUT,16882
443_Hispana_MemoriaLanzarote,16860
272_Ag_EU_JHN_JHM_foto,16800
126_EKT_laskaridis,16717
916113_Ag_SE_Flygvapenmuseum,16075
499_Hispana_Bibliotecas_Virtuales_FH,16040
2024905_Ag_EU_EuropeanaPhotography_Nalis_1015,15961
11632_Field_Museum_of_Natural_History,15902
69_EKT_Simitis,15728
2048220_EuropeanaFashion_1039,15705
570_Hispana_BibliotecaVirtualAragon,15675
91669_SOCH_smvk_oa_bildar,15589
2022368_Ag_UK_CultureGrid_New_Mills,15510
1126_DDB_HBI,15320
510_Ag_BG_PenchoSlaveykov_LIBVAR_ADVERT2021,15253
9200357_Ag_EU_TEL_a0618_Newspapers_poland,15248
937_Societatea_Romana_de_Radiodifuziune,15062
2023833_Museu_EDR,15001
10904_AV_FLM_ASSETS_tex1,15000
438_DRI_DCLA_3,14933
2048006_Ag_EU_AthenaPlus_IrodalmiMuseum,14896
71_Ag_SE_SwedishNationalHeritage_raa_bbrb,14831
90_SOCH_raa_bbrb,14831
549_Museu_sml,14810
52_Ag_SE_SwedishNationalHeritage_gnm_foto,14772
296_Hispana_farmacia,14747
03924_Ag_MEDICA_IMAGE,14741
2059207_Ag_EU_eSOUNDS_1012_CTMA,14456
2020741_Ag_EU_CARARE_DP,14435
2048445_Ag_DE_DDB_UB-Kassel,14409
783_DDB_UniversitatLeipzig,14351
782_ARMA_Manuscriptorium,14313
157_Ag_EU_JHN_BibliothequeMedem_part1,14169
0940427_Ag_PL_www.pbc.rzeszow.pl,14165
91607_Ag_SE_SwedishNationalHeritage_smvk_emd,13932
2022089_Ag_EU_HOPE_1004_Amsab-ISH_Belgium,13929
2048347_Ag_EU_ApeX_ESACA,13893
92063_Ag_EU_TEL_a0481_Austria,13878
2048401_Ag_DE_DDB_eseslub,13802
2021612_Ag_NL_DigitaleCollectie_eemland-k-en-o,13747
591_Hispana__RepositorioBancoEspana,13741
2020721_Ag_EU_CARARE_Brussels,13587
2048207_EuropeanaFashion_1014,13493
207_Hispana_BiNaDi,13479
797_DDB_VesteCoburg,13470
538_Hispana_ArchivoCiudadArgandadelRey,13459
431_EKT_DigCollMIET,13409
131_EKT_Voudouri,13395
2021673_Ag_NL_DigitaleCollectie_HuisvanHilde,13273
2048203_EuropeanaFashion_1008,13180
9200134_Ag_EU_TEL_UniversityofLeuven,13103
2064929_GR_LEMMTH,13060
776_Warminsko_Mazurska_Biblioteka_Cyfrowa,13056
91699_Ag_SE_SwedishNationalHeritage_rsms,12969
2048218_EuropeanaFashion_1029,12958
2021012_FINDL,12957
781_EKT_NKUA,12874
737_DDB_Bildarchiv_MLU,12862
9200474_Ag_TEL_a1410_RussianStateLibrary,12855
00739_A_DE_Landesarchiv_ese_5_0000478725,12769
14_RiseOfLiteracy_NLWales_Journals,12717
488_NM_NM_Narodni_muzeum_Naprstkovo_muzeum,12590
9200448_Ag_EU_TEL_a1189_eCloud_Debrecen,12563
91673_Ag_SE_SwedishNationalHeritage_malmo_delfoto,12466
2022077_Ag_EU_HOPE_FESLibraryBreslau,12448
2058606_Ag_EU_LoCloud_FRS,12385
912__GrodzkaGate_NNTheatre_JARK,12328
26_APEF_BBAW_1,12233
2058401_Ag_EU_Daguerreobase,12110
2064116_Museu_National_Museum_Sweden,12091
2048079_AthenaPlus_SwedishArchives,12023
2058608_Ag_EU_LoCloud_DP,11962
2048210_EuropeanaFashion_1018,11961
403_Biblioteca_Digital_AECID,11952
350_EKT_AthensAcademy3,11909
567_DDB_dia_archiv,11884
2020711_Ag_EU_CARARE_EHB,11837
9200467_Ag_TEL_a1188_eCloud_Debrecen,11831
323_SOCH_BL,11822
2023005_Erfgoedplus_be_Minderbroeders,11772
2021668_Ag_NL_DigitaleCollectie_naturalis,11743
03916_Ag_FR_MCC_ARCHIM_IMAGE,11709
91694_Ag_SE_SwedishNationalHeritage_jonkoping,11630
0943102_Ag_BG_PenchoSlaveykov_ADVERT,11556
282_CulturaItalia_Fondo_Gabinio,11404
889_RepositoriFonsEspecialsUdL,11399
75_SOCH_VLM,11388
356_DDB_SKH,11139
936_Arhiva_Nationala_de_Filme_Photographs,10929
175_Museu_de_Ciencies_Naturals_de_Barcelona,10843
746_Norsk_Farmasihistorisk_Museum,10837
543_Hispana_BibliotecaCiconia,10822
2032013_Ag_EU_EInside_SPK,10763
2048201_EuropeanaFashion_1002,10694
92006_Ag_EU_TEL_a0107_TEL_OSZK_HEL,10626
0940444_Ag_PL_bc.pollub.pl,10572
91647_Ag_SE_SwedishNationalHeritage_smvk-mmcy,10572
92064_NL_ONB_Contemporary_History,10451
9200122_Ag_EU_TEL_a0031_KB,10443
233_Ag_EU_JHN_GUF_freimann,10298
2059212_Ag_EU_eSOUNDS_1008_Dizi,10234
2048004_Ag_EU_AthenaPlus_SiauliuMuziejus,10199
123_EKT_medousa,10157
2048206_EuropeanaFashion_1013,10075
2083601_Ag_EU_JE-JHN_leo-baeck-institute-nyc,10063
2064902_GR_TAPA,10057
2059222_Ag_EU_eSOUNDS_1030_LARHRA_CNRS,10046
11633_OpenUp_HerbariumGZU,10038
2023815_AG-EU_LinkedHeritage_Pictures-Bank.eu,10035
2032011_Ag_EU_EInside_Petofi_Irodalmi_Muzeum_PIM,9999
934__Trinity_College_Dublin_the_University_of_Dublin,9983
9200166_Ag_EU_TEL_a1062_Eu_Libraries_Zurich,9982
579_Hispana__BVDerechoAragones,9967
697_CulturaItalia_BibliotecaEstenseUniversitaria,9878
2048205_EuropeanaFashion_1012,9833
92060_Ag_EU_TEL_a0478_Austria,9768
371_EuropeanaFashion_1034,9758
700_EuropeanaFashion_1120,9756
2048316_Ag_EU_ApeX_EETLA,9753
572_DDB_gotha,9721
2022084_Ag_EU_HOPE_OSAPolishUndergroundPub,9664
91659_Ag_SE_SwedishNationalHeritage_skansen,9660
149_Photoconsortium_Kaleidoscope,9649
2048213_EuropeanaFashion_1023,9643
09901_CH_MediathequeValais_k,9641
93_RoL_NLLatvia_Collection_417373,9630
1043_DDB_MHD,9591
92076_Ag_EU_TEL_a0497_DutchBooksOnline,9484
2026104_Ag_EU_PartagePlus_1012,9408
2048015_Ag_EU_AthenaPlus_BibilotecaAcademi,9370
249_DDB_Technoseum,9362
2022316_Ag_UK_CultureGrid_DurhamCountyCouncil,9351
2022079_Ag_EU_HOPE_FESDigBib,9343
15504_Ag_AT_Kulturpool_khm_vf,9340
2022052_Ag_EU_HOPE_OSASlot03,9340
2048442_Ag_DE_DDB_Werkbundarchiv,9340
91644_SwedishNationalHeritage_smvk_mmeg,9287
07101_Ag_SK_EuropeanASNG,9203
330_CARARE_INP_Bucharest,9179
760_EKT_ASKI,9146
672_DDB_BadischeLandesbibliothek,9134
9200208_Ag_EU_TEL_a1020_University_Vienna,9116
2022078_Ag_EU_HOPE_FESNeueZeit,9112
9200182_Ag_EU_TEL_a1048_EUlibraries_UK,9099
133_SOCH_UVLM,9086
225_Meise_Botanic_Garden_LivingPlants,9040
0943108_Ag_BG_PenchoSlaveykov_LIBVAR_ARTICLE_2014,8951
2048202_EuropeanaFashion_1004,8909
614_Ag_EU_eSounds_1044_PhilharmonieDeParis,8786
00740_A_DE_Landesarchiv_ese_5_0000169068,8779
489_Kulturpool_MMNO,8666
2048427_Ag_DE_DDB_Institut_fur_deutsche_Sprache,8509
9200290_NL_ONB_EC1914_Picture_material_Texts,8457
990_DDB_KUG,8457
916117_Ag_SE_Osterlen,8456
666_DDB_IndustriesalonSchoneweide,8390
2022001_Ag_EU_HOPE_AMSAB60-56,8370
2021624_Ag_NL_DigitaleCollectie_atria,8183
2022359_Ag_UK_CultureGrid_Beaford,8182
11623_Ag_EU_OpenUp!_MRAC,8181
2022713_Ag_ES_Hispana_ccbae,8156
346_SOCH_Grenna,8146
320_CZ_DigitalLibrary_monograph,8107
13_EKT_Onassis,7980
1067__EuskoJaurlaritza_oai_EJ_GV_s_es,7977
9200231_Ag_EU_TEL_a1081_Collections_1914-1918,7865
2022370_Ag_UK_CultureGrid_North_Lincs,7859
1035__LIBVAR_ADVERT,7794
2048349_Ag_EU_ApeX_PL42APO,7776
547_CY_BC,7744
159_Ag_EU_JHN_YIVO,7621
2051917_Ag_EU_EUscreenXLCore_1023,7580
2064101_Lithuanian_Art_Museum,7500
2051944_Ag_EU_1047,7466
9200440_Ag_EU_TEL_a1167q_eCloud_Croatia,7395
2048204_EuropeanaFashion_1009,7360
267_CulturaItalia_Biblioteca_Digitale_Trentina,7292
2051921_Music_Libray_of_The_Friends_of_Music_Society,7119
1_RiseOfLiteracy_NLWales_Newspapers,7052
92067_Ag_EU_TEL_a0490_EstoniaETravel,7047
1133_Museumssenteret_i_Hordaland,6949
1041_Hispana_ArchivoDiputacionProvincialdeCaceres,6923
412_SOCH_tr,6923
2024918_Ag_EU_EuropeanaPhotography_Israel_1070,6882
893_UMP_Biospecimens,6877
0940416_Ag_PL_obc.opole.pl,6868
9200170_Ag_EU_TEL_a1019d_EU_Libraries_Vienna,6716
2048429_Ag_DE_DDB_MKG,6692
2048233_EuropeanaFashion_1057,6685
10001_L_CH_dodis,6684
2023010_Erfgoedplus_be_Stadsmus,6661
9200137_Ag_EU_TEL_a0552_Denmark,6616
492_DDB_Kiel,6589
2064912_GR_EETE,6570
855__Regionaal_Archief_Tilburg_NEW,6569
0940405_Ag_PL_bcpw.bg.pw.edu.pl,6528
495_DDB_darm,6521
2059516_EU_FD_Collections_Trust,6502
2059213_Ag_EU_eSOUNDS_1013_ITMA,6498
307_Hispana_MemoriaVasca,6426
11612_OpenUp_IBSAS,6404
0940447_Ag_PL_bbc.mbp.org.pl,6396
02302_Ag_MG_itineraries,6331
879_DepositoAcademicoDigitalUniversidadNavarra,6308
150_Ag_EU_JHN_AllianceIsraelite_part1,6229
1112_BNCR__maniscrittimoderni,6190
2058201_AG_ES_CIB_MFM,6159
2059510_EU_FD_GenCat,6126
2058616_Ag_EU_LoCloud_BJC,6110
788_Museene_for_kystkultur_og_gjenreisning_i_Finnmark_IKS,6065
2059214_Ag_EU_eSOUNDS_1007_ICH,5962
2024902_Ag_EU_EuropeanaPhotography_Poland_1008,5926
901__Norrbottens_museum_2,5875
2023006_Erfgoedplus_be_MLeuven,5815
2026113_Ag_EU_PartagePlus_1028,5814
2022093_Ag_EU_IALHI_1001_IIISH_DutchLabourMovement,5806
213_DDB_Sorben,5802
2023012_Erfgoedplus_be_Jenever,5756
967__OO_Landes_Kultur_GmbH,5743
91683_Ag_SE_SwedishNationalHeritage_ajtte_objekt,5700
536_CY_HMSN,5684
916116_Ag_SE_hem_delfotografi,5644
91680_Ag_SE_SwedishNationalHeritage_hem_delobjekt,5619
2048214_EuropeanaFashion_1031,5608
11618_Ag_OpenUp_ZFMK,5602
2025901_Ag_DE_1989,5601
07932_L_DE_UniLibHeidelberg_handschriften_IIIF,5599
2064950_GR_Ymca,5588
2020738_Ag_EU_CARARE_UniversidadJaen,5544
9200310_Ag_EU_TEL_a0549d_1914-1918,5518
544_Hispana_Castellon,5510
0943110_Ag_BG_PenchoSlaveykov_LIBVAR_ARTICLE_2015,5498
9200210_Ag_EU_TEL_a1019f_University_of_Vienna,5467
2059219_Ag_EU_eSOUNDS_1015_BNF,5432
2051909_Ag_EU_EUscreenXL_1027,5422
2064942_GR_POLYGYROS_KOTSIANOS,5418
2022038_Ag_EU_HOPE_FESLibrary,5364
890_Catalonica_BiPaDi,5356
08629_EFG_National_Library_of_Scotland,5352
15513_Ag_AT_Kulturpool_belvedere,5343
625_DDB_Mediathek_HU,5335
9200101_Ag_EU_TEL_Europeana_Libraries_a1012,5285
9200119_Ag_EU_TEL_a1047folder_EuLibraries_Wales,5238
299_Hispana_bitoteko,5188
315_DDB_exilpresse,5172
2022094_Ag_EU_IALHI_1001_IISH_Paradiso,5162
2059515_EU_FD_ICIMSS,5157
297_Hispana_minerva,5144
2058701_Ag_SW_WikimediaSverige_wlm-se_2011,5129
2021726_Ag_CY_anakoinwthenta_PIO_1,5111
9200235_DOAB_OAPEN_Foundation_eCloud,5099
9200171_Ag_EU_TEL_a1019e_EU_Libraries_Vienna,5092
494_DDB_lbmv,5063
247_AlliedMuseum,5045
9200311_Ag_EU_TEL_a0549e_1914-1918,5039
632_BibliotekaCyfrowaWBPwLublinie_pt1,5019
796_DDB_Gleimhaus,5019
348_SOCH_skop,5016
566_CY_Morphou,4986
2048230_EuropeanaFashion_1052,4974
00737_A_DE_Landesarchiv_ese_5_0000084159,4939
2059206_Ag_EU_eSOUNDS_1011_FMS,4872
946_EKT_national_gallery,4836
2058812_Ag_EU_EAGLE_RIB,4762
2048222_EuropeanaFashion_1045,4743
09309_Ag_EU_JHN_LeoBaeckInstitute_Art,4705
983_NLF_CMF,4686
9200471_Ag_TEL_a1187_eCloud_Debrecen,4551
0940419_Ag_PL_wolnelektury.pl,4530
636_Ag_IF_MFA,4512
92061_Ag_EU_TEL_a0479_Austria,4507
87_Ag_BG_PenchoSlaveykov_LIBVAR_ARTICLE_2019,4455
2048374_Ag_EU_ApeX_NL_IISG,4434
0940430_Ag_PL_suw.biblos.pk.edu.pl,4425
9200118_Ag_EU_TEL_a1024folder_EuLibraries_Wales,4406
1021_EKT_OTE,4397
628_Museu_MiedzynarodoweCentrumZarzadzaniaInformacja,4386
634_DDB_BBW,4371
2023867_AG-EU_LinkedHeritage_KreuzwaldiMuseum,4352
744__Leiden_University_Libraries_AnatomicalDrawings,4337
467_CARARE_DANS_PAN2,4250
2064945_GR_ASCSA,4246
514_DDB_AES,4218
774_Ag_FI_ForumMarinum,4196
2064905_GR_EDIK,4173
9200485_NL_Periodicals_Moldova,4169
748_Anno_Trysil_Engerdal_Museum,4161
91631_Ag_SE_SwedishNationalHeritage_shm_art,4140
9200178_Ag_EU_TEL_a0532_EUcollection14-18_Rome,4119
2023007_Erfgoedplus_be_PGRM,4102
2064920_GR_EIM,4088
1009_DDB_DEA,4074
11625_Ag_EU_OpenUp!_RBINS,4074
1100_Chester_Beatty_Library,4048
2058704_Ag_SW_WikimediaSverige_wlm-se_2013,4028
568_DDB_pfalzbib,4019
2064134_Frankfurter Goethe-Haus _ Freies Deutsches,4007
2064903_GR_ysma,3989
92070_Ag_EU_TEL_a0492_AustriaETravel,3979
1003_DDB_SMB,3975
9200348_Ag_EU_TEL_a1167f_eCloud_Croatia,3963
2020703_Ag_EU_CARARE_Ceti,3944
710_Anno_Kvinnemuseet,3890
2022083_Ag_EU_HOPE_OSASovietTV,3875
532_DDB_SBB,3873
283_CulturaItalia_Palazzo_Madama,3825
2064303_Ag_IT_DASI_obj_img_set,3799
769_DDB_AddF,3792
739_EuropeanaFashion_1121,3766
9200271_Ag_EU_TEL_eCloud_a1203_Edinburgh,3704
376_Photoconsortium_KIK_IRPA,3700
743_BibliotekaCyfrowaUniwersytetuWroclawskiego_ptII,3671
144_SOCH_SVKN,3670
2058636_Ag_EU_LoCloud_Munch,3665
2022091_Ag_EU_HOPE_1006_TEC_UK,3653
9200390_Ag_EU_TEL_a1167d_eCloud_Croatia,3641
486_SZM_Slezske_zemske_muzeum,3615
795_Phaidra_Padova_erbari_illustrati,3612
2048424_Ag_DE_DDB_Wurzburg,3611
39_RoL_CulturaItalia_cnr_ovi,3565
2023022_Erfgoedplus_be_Mijnmuseum,3542
955_EuropeanaFashion_1136,3535
2022082_Ag_EU_HOPE_OSAHedervary,3524
602_Ag_SE_SwedishNationalHeritage_SDM,3484
9200146_Ag_EU_TEL_a1052_E.Libraries_Vienna,3467
830_Museu_HungarianUniversityFineArts,3460
2064110_Museu_ScholaGraphidis,3453
787_Anno_Odalstunet,3448
9200406_Ag_EU_TEL_a1181_eCloudLeuven,3432
1040_Dansmuseet,3415
2059528_EU_FD_NBHT,3414
00101_M_PT_Gulbenkian_biblioteca_digital,3413
466_Ag_JHN_AmericanSephardiFederation,3398
425_Digitale_Collectie_Museum_Wereldculturen,3386
2023011_Erfgoedplus_be_Maaseik,3364
2064140_Benaki_Museum,3347
2021724_Ag_CY_Satiriki_epitheorisi,3344
2058703_Ag_SW_WikimediaSverige_wlm-se_2012,3325
9200352_NL_DigitalCollections_Zagreb,3313
2026124_Ag_EU_PartagePlus_1035,3311
9200367_Ag_EU_TEL_a1265_Newspapers_Serbia,3272
340_Hispana_UniversidadOviedo,3268
470_NM_VM_Narodni_muzeum_Virtualni_muzeum,3248
192_DDB_Roscheider,3239
155_DRI_DublinCLA_Jacobs_Collection,3227
91663_SwedishNationalHeritage_FMB,3224
91642_Ag_SE_SwedishNationalHeritage_smvk-oa-partob,3206
0940401_Ag_PL_archiwummuzykiwiejskiej.pl,3190
73_Ag_SE_SwedishNationalHeritage_s_om,3186
18_RoL_ICCU_Foglio,3163
762_Biblioteka_Cyfrowa_Uniwersytetu_Jana_Kochanowskiego_w_Kielcach,3159
1116_DDB_BGH,3145
92053_Slovenia_ECC_posters,3144
303_Hispana_RODIN,3127
2020108_Slovenia_Culture_si,3126
444_Hispana_Capuchinos,3124
9200234_OAPEN_Foundation_eCloud,3121
490_CY_NeapolDigs,3118
894_Observatoire_de_Paris,3085
2032015_Ag_EU_EInside_RBINS,3082
44_RoL_NLScotland_Chapbooks,3080
775_Biblioteka_Cyfrowa_Zaglebia_Miedziowego,3037
2059502_EU_FD_Austria,3035
2020105_Slovenia_sigledal_images,3000
2058613_Ag_EU_LoCloud_AIT,2983
2058619_Ag_EU_LoCloud_DP-e,2961
198_Meise_Botanic_Garden,2945
2048053_Ag_EU_AthenaPlus_MUO_Arch,2945
9200475_Ag_TEL_a1418_BNCF,2944
2022361_Ag_UK_CultureGrid_MAN-REG,2942
995_DDB_SMNS,2924
02301_Ag_IT_MG_catalogue,2888
91646_Ag_SE_SwedishNationalHeritage_smvk-mmgrom,2858
349_Hispana_UVaDOC,2854
2058803_Ag_EU_EAGLE_UOXF,2841
1033__Naturalis_AMPHIBIA,2821
113_RoL_CulturaItalia_cnr_ovi_plutei,2805
02030_Ag_PT_DGPC_ALL_Masterpieces,2802
565_SOCH_gamla,2780
925_Ministerul_Culturii_UMP,2771
3_EKT_Kazantzakis_Museum_Foundation,2747
132_SOCH_enkopings,2746
2064901_GR_NOESIS,2729
747_Norsk_Maritimt_Museum,2719
2022503_Slovenia_Kamra_Album,2717
183_DDB_Staatsgallerie_Stuutgart,2700
9200268_Ag_EU_TEL_eCloud_a1178_Edinburgh,2697
2064115_FHXB,2696
1091_DDB_DKS,2675
465_Ag_JHN_YeshivaUniversityMuseum,2665
720_Hispana_ArchivoProvincialBadajoz,2664
874_DDB_CIL,2657
9200457_Ag_TEL_a1167s_eCloud_Croatia,2645
9200142_Ag_EU_TEL_a1057_E.Libraries_Ghent,2638
963_BNCR__fotografie,2634
520_APEF_MNL_Festetics_csalad_fenykepek,2622
2026119_Ag_EU_PartagePlus_1033,2620
92026_Ag_DK_kb.partiprogrammer,2605
378_Musem_of_Arts_and_Crafts_archeology,2599
03930_Ag_FR_MCC_MEMOIRE_SDAP_IMAGE,2587
255_DRI_Transport_Infrastructure_Ireland,2582
2064934_GR_Eforeia_Euboea,2577
2026128_Ag_EU_PartagePlus_1041,2575
2058804_Ag_EU_EAGLE_AUSONIUS,2571
415_EKT_laskaridis_archives,2568
706__Trinity_College_Dublin_University_of_Dublin,2566
2051930_Ag_EU_EUscreenXLCore_1027,2530
2026004_Ag_EU_DCA_1011_Reykjavik_Art_Museum,2508
2048224_EuropeanaFashion_1047,2499
92091_Ag_UK_TEL_a1009e_EuropeanaLibraries,2471
601_Ag_SE_SwedishNationalHeritage_SVVM,2468
9200214_Ag_EU_TEL_a0537_Collections_1914-1918,2468
2064124_Stiftung Domäne Dahlem - Landgut und Museu,2467
944__Forsviks_bruk,2467
09903_CH_MediathequeValais_s,2464
429_Hispana_CatedraMariusTorres,2454
2064948_GR_ MCF,2424
2020727_Ag_EU_CARARE_Slovakia,2414
2058617_Ag_EU_LoCloud_GKR-e,2414
9200139_Ag_EU_TEL_a1035_Belgium,2392
09717_L_IE_IVRLA_MyHomeDistrict_ese.xml,2373
45_RoL_NlScotland_EnglishBallads,2351
08618_EFG_Estonian_Filmarchives,2343
487_UPM_Umeleckoprumyslove_museum_v_Praze,2337
2022095_Ag_EU_IALHI_1001_IISH_AHP,2335
1004_DDB_BK,2318
2023016_Erfgoedplus_be_MuseumAarschot,2296
713_DDB_Staatsbibliothek_Bamberg,2296
884_Slovakiana_STM,2285
0943109_Ag_BG_PenchoSlaveykov_LIBVAR_ADVERT_2014,2257
91639_Ag_SE_SwedishNationalHeritage_smvk-mm,2249
971_Jewish_Historical_Institute_Czestochowa,2213
91662_Ag_SE_SwedishNationalHeritage_gsm_underobjek,2196
2058705_Ag_SW_WikimediaSverige_wlm-se_2014,2183
91_RoL_NLScotland_CrawfordBroadsides,2181
541_Hispana_BDUniversidadAlcala,2176
91685_Ag_SE_SwedishNationalHeritage_ajtte_vaxt,2165
2023008_Erfgoedplus_be_ProvincieLimburg,2140
321_EKT_els,2140
16_RoL_KB_AlbaAmicorum,2138
2024919_Ag_EU_Photoconsortium_eSpace_Promoter,2132
2022058_Ag_EU_HOPE_MSHSlot04,2116
9200454_UL_Icono_Lucian_Blaga,2116
393_DRI_DCLA_2,2107
1002_DDB_NM,2103
9200362_Ag_EU_TEL_a1190_eCloud_Dialnet,2101
2048217_EuropeanaFashion_1030,2089
2026117_Ag_EU_PartagePlus_1017,2082
08615_Narodni_filmovy_archiv,2072
2059201_Ag_EU_eSOUNDS_1003_Latvia,2071
2023015_Erfgoedplus_be_MOT,2062
9200272_Ag_EU_TEL_eCloud_a1204_Edinburgh,2052
286_CulturaItalia_MAO,2041
00743_A_DE_Landesarchiv_ese_6_0000002523,2015
208_Ag_BG_PenchoSlaveykov_LIBVAR_PHOTO,2004
9200269_Ag_EU_TEL_eCloud_a1201_Edinburgh,2001
2059513_EU_FD_LocalGovernment,2000
2023104_Ag_CZ_Elocal_VCM,1994
15510_Ag_AT_Kulturpool_omv,1987
9200363_Ag_EU_TEL_a1191_eCloud_Dialnet,1985
9200316_Ag_EU_TEL_a11219_Scotland,1978
9200506_NL_Handrit_Iceland,1970
9200498_Ag_BnF_occitanica,1962
434_JHN_WeWereThereToo,1959
916101_Ag_SE_SwedishNationalHeritage_gsm_digitaldo,1948
106_RoL_NLScotland_EarlyGaelicBooks,1923
9200189_Ag_EU_TEL_a1015_EUlibraries_Madrid,1918
92092_Ag_UK_TEL_a1009f_EuropeanaLibraries,1912
91657_Ag_SE_SwedishNationalHeritage_GFM,1906
197_University_of_Latvia_Academic_Library,1905
118_CZ_DigitalLibrary,1891
1047_Brixiana,1886
9200442_Archive_NLRomania,1880
2021004_Ag_FI_NDL_ephemera_mv,1877
2048423_Ag_DE_DDB_Freiberg,1868
865_eKultura_IvanUlcnik,1848
2064915_GR_Olympic_Museum,1842
750_DDB_Maya_Image_Archive,1839
500_EUscreen_Fina,1820
9200173_Ag_EU_TEL_a1118_EU_Libraries_Wales,1816
11639_Ag_EU_OpenUp!_ECBOT,1800
2026007_Ag_EU_DCA_1017_Museums_Fine_Arts_Belgium,1796
2064121_Museu_StiftungHaendelHausHalle,1791
1014_DDB_SME,1788
2022305_Ag_UK_ELocal_LDGEF,1773
212_DDB_DKA,1768
860_Centropa_JHT,1763
153_SOCH_Arsenalen,1750
2026105_Ag_EU_PartagePlus_1013,1739
2064925_GR_BENIAMIN,1738
2023013_Erfgoedplus_be_FeliXart,1734
665_APE_KocUniversity,1719
736_DDB_StadtmuseumBE,1715
1007_EKT_MA,1709
2058810_Ag_EU_EAGLE_UBB,1700
0940410_Ag_PL_digital.fides.org.pl,1698
2059216_Ag_EU_eSOUNDS_1001_ONB,1691
2064501_Ag_IRE_UCD_IIIF,1684
535_SOCH_APS,1653
05813_RO_BAR-Medievalia,1651
9200312_Ag_EU_TEL_a0544_1914-1918,1645
2051918_Ag_EU_EUscreenXLCore_1019,1644
03707_M_FR_CiteMusique_CO,1636
2064133_Museumsdorf Cloppenburg - Niedersächsische,1625
08614_EFG_eye_Film_Instituut,1614
11637_LeibnizInstitute,1601
916107_Ag_SE_SwedishNationalHeritage_arbmus,1598
97_RoL_NLLatvia_Collection_748774,1590
2021003_Ag_FI_NDL_fragmenta,1588
9200249_Ag_EU_TEL_a1155_Amsterdam_UV_eCloud,1574
2064129_ Stiftung Deutsches Technikmuseum Berlin,1573
15416_L_IE_IMC_oireachtas,1568
574_DRI_Oireachtas_Library_Dublin_Castle,1567
92030_Ag_DK_kb.rbs,1560
618__IHLIA_LGBTI_Heritage_ATRIA,1558
571_Hispana_FondoHistoricoCortesAragon,1554
9200211_Ag_EU_e-Codices,1554
254_CARARE_eheritage_si_UIRS,1548
2048605_Ag_EU_DM2E_bbaw_dta,1547
404_MuseoVirtualdelSeguro,1537
848_UBL_JonkerPhotographs,1532
229_Ag_EU_JHN_GUF_judaicaffm,1507
2022002_Ag_EU_HOPE_AMSAB61-92,1506
2058813_Ag_EU_EAGLE_APH,1500
2051933_Ag_EU_EUscreenXLCore_1028,1492
342_Hispana_IURISDigital,1489
9200246_Ag_EU_TEL_a1154_Amsterdam_UV_eCloud,1489
645_CulturaItalia_BibliotecaNazionaleSportiva,1487
9200504_NL_baekur_Iceland,1483
931_Arhiva_Nationala_de_Filme,1474
2064951_GR_HOC,1460
91691_Ag_SE_SwedishNationalHeritage_ajtte_insekter,1460
334_MUSEU_SPK,1444
304_Hispana_UPNavarra,1436
2064201_Ag_EU_Digiphil_atett,1435
91656_Ag_SE_SwedishNationalHeritage_Teleseum,1407
11641_Ag_EU_OpenUp!_BATCH17:NBCNL_DWCA,1400
2023019_Erfgoedplus_be_Heidebloemke,1382
9200199_Ag_EU_TEL_a1130e_EUCollections1418_Italy,1370
2051924_Ag_EU_EUscreenXLCore_1014,1356
9200262_Ag_EU_TEL_eCloud_a1172_Edinburgh,1355
1032__Naturalis_PISCES,1333
637__The_Blavatnik_Archive_Postcards,1326
9200396_Ag_EU_TEL_a0639_ft_Newspapers_Luxembourg,1319
2021625_Ag_NL_DigitaleCollectie_erfgoedleiden,1314
805_DDB_BadDurkheim_Stadtmuseum,1313
534_Photoconsortium_Brugge,1308
74_Ag_SE_SwedishNationalHeritage_kulturen_digitalbild,1308
945__European_Heritage_Awards_Archive,1302
384_CARARE_Musee_Archeologie_nationale_Saint_Germain_en_Laye,1294
9200336_Ag_EU_TEL_a1227_Bulgaria,1294
2048406_Ag_DE_DDB_MPIWG,1286
9200503_Ag_BnF_cnum.cnam,1274
593_Hispana_RepositorioUniversidadHuelva,1267
960__JewishHistoryTours1,1265
03710_M_FR_CiteMusique_NP,1264
08622_EFG_Imperial_War_Museums,1261
0943111_Ag_BG_PenchoSlaveykov_LIBVAR_ADVERT_2015,1259
9200204_Ag_EU_TEL_a1133a_EUCollections1418_Italy,1256
10_KB_RiseOfLiteracy_Centsprenten,1255
2051939_Ag_EU_EUscreenXLCore_1039,1253
508_Ag_FI_NDL_Pagode,1248
00723_A_DE_Landesarchiv_ese_1_0000002951,1247
863_TTP_headstones,1238
847__Riksidrottsmuseum,1231
2058814_Ag_EU_EAGLE_UNIPU,1228
2064923_GR_AcademyPublications,1217
475_SML_Severoceske_muzeum_v_Liberci,1214
186_Museu_Pisa,1211
993_DDB_RSN,1205
578_Photoconsortium_ICIMSS,1204
9200133_NL_S2_Zagreb,1204
2064930_GR_TositsasFoundation,1203
916115_Ag_SE_LitografiskaMuseet,1196
9200138_Ag_EU_TEL_a1004_Belgium,1195
369_CARARE_UNIBO,1190
766_Anno_Norsk_utvandrermuseum,1188
218_CZ_DigitalLibrary_map,1185
2026012_Ag_EU_DCA_Kulturpool_ars,1182
2051936_Ag_EU_EUscreenXLCore_10161,1174
92090_Ag_UK_TEL_a1009d_EuropeanaLibraries,1171
9200236_Ag_EU_TEL_a0567_Collections1914-1918,1165
9200207_Ag_EU_TEL_a1072_Madrid,1161
9200298_Ag_EU_TEL_a0530_EUcollection14-18,1153
2021619_Ag_NL_DigitaleCollectie_Martena,1141
818_APEF_NA_Malta,1118
2058607_Ag_EU_LoCloud_HU,1113
1000_EKT_DBP,1106
2026103_Ag_EU_PartagePlus_1010,1102
130_EKT_ouranos,1098
2022367_Ag_UK_CultureGrid_Halton,1090
92012_NL_timarit_Newspapers_Iceland,1081
1012_Philharmonie_de_Paris,1080
996_ekultura_msu,1072
615_615_Dublin_City_Library_and_Archive,1062
9200267_Ag_EU_TEL_eCloud_a1177_Edinburgh,1061
2058630_Ag_EU_LoCloud_PrifUK_KAEG,1056
9200441_Ag_EU_TEL_a1167l_eCloud_Croatia,1055
2058609_Ag_EU_LoCloud_PSRL,1054
2051942_Ag_EU_EUscreenXLCore_1010,1048
2048707_Ag_EU_3D-ICONS_POLIMI,1041
9200120_Ag_EU_TEL_a1042_EuLibraries_Zuerich,1037
2020112_Ag_SI_Nat.EContentAggregator_modern_galler,1030
9200224_Ag_EU_TEL_a0635_National_Library_Russia,1027
2058802_Ag_EU_EAGLE_BSR,1022
617_Museu_AssociazioneCulturaleGoTellGo,1021
2023002_Erfgoedplus_be_CAG,1017
2051926_Ag_EU_EUscreenXLCore_1007,1009
0940421_Ag_PL_www.muzeum.leszno.pl,1008
2059511_EU_FD_VilniusComunication,1007
701_EuropeanaFashion_1128,1004
428_TIB_Conferences,1003
2048226_EuropeanaFashion_1049,1002
91928_L_ES_BibCatalunya_comercUPF,1000
2051934_Ag_EU_EUscreenXLCore_1008,998
2064907_GR_ZoggopoulosF,997
2064130_ Museum Schloss Moritzburg Zeitz,994
2023014_Erfgoedplus_be_Wilchar,976
2051937_Ag_EU_EUscreenXLCore_1021,969
2064139_Music Library of Greece_Lilian Voudouri,967
422_DDB_SLM,956
9200351_Ag_EU_TEL_a1167j_eCloud_Croatia,955
525_Photoconsortium_VAZ,954
216_WWI_DCLA_DRI,945
03706_M_FR_CiteMusique_NP_dcterms,940
224_Museu_CNR,930
09902_CH_MediathequeValais_v,917
9200273_Ag_EU_TEL_eCloud_a1205_Edinburgh,917
2059503_EU_FD_CentralInstituteCatalogue,916
2064128_Schlossmuseum Jever,913
9200354_Ag_DK_kb:boeger:ww1,913
2059220_Ag_EU_eSOUNDS_1029_Cresson,910
193_EKT_Frissiras,906
9200205_Ag_EU_TEL_a1133b_EUCollections1418_Italy,905
491_CY_Rialto,900
714_DDB_MAK,891
923_AGRRA,884
2048708_Ag_EU_3D-ICONS_MAP,880
2020720_Ag_EU_CARARE_Cyprus,874
635_DDB__BBW,873
9200379_Ag_EU_TEL_a0551_Collections1914-1918_KB-DK,873
2048710_Ag_EU_3D-ICONS_STARC,871
9200439_Ag_EU_TEL_a1167p_eCloud_Croatia,871
9200212_Ag_EU_TEL_a0539_Collections_1914-1918,866
0940418_Ag_PL_sanockabibliotekacyfrowa.pl,864
9200447_Ag_TEL_a1231_NationalLibSerbia,862
2048225_EuropeanaFashion_1048,858
833_DDB_GenderbibliothekZtG,851
2021755_Cy_CUT_77,847
2064949_GR_Palaiofaliro,847
916100_Ag_SE_SwedishNationalHeritage_gsm_event,841
2051935_Ag_EU_EUscreenXLCore_1024,839
2020109_Slovenia_SIGIC,837
00724_A_DE_Landesarchiv_ese_2_0000006123,836
2022023_Ag_EU_HOPE_FESStickers,836
2058208_AG_ES_CIB_MDB,834
2021672_Ag_NL_DigitaleCollectie_Mauritshuis,832
413_EKT_larisa_gallery,827
91687_SOCH_ajtte_fagel,824
11631_OpenUp_MOOSATLAS,818
728_DDB_Muhlenvereinigung,816
9200398_Ag_EU_TEL_ a1349a_CentralLibFlorence,810
940_Slovenia_Adrinetbook,804
2048432_Ag_DE_DDB_BINE_99900678,800
9200183_Ag_EU_TEL_a1014_EUlibraries_Madrid,799
764__Leiden_University_Libraries_Bibliotheque_Wallonne,798
156_SOCH_Snus_och_Tandsticksmuseum,794
0940412_Ag_PL_dlibra.karta.org.pl,790
1138_EuropeanaFashion_1123,790
91695_Ag_SE_SwedishNationalHeritage_vfm,790
295_Hispana_bilboko,787
2058631_Ag_EU_LoCloud_PSRL-e,785
2021754_Cy_CUT_37,782
902_INSPAI,781
2021671_Ag_NL_DigitaleCollectie_Leo_Smit_Stichting,778
2058816_Ag_EU_EAGLE_MAMA,770
1037__Museum_Krona,768
92068_Slovenia_Europeana_travel,768
816_Leiden_University_Libraries_Bibliotheca_Thysiana,767
1102_EKT_e_her,763
09315_Ag_EU_JHN_GUF_jd,755
838_DDB_BadBodendorf,755
00741_A_DE_Landesarchiv_ese_5_0000006708,753
9200247_Ag_EU_TEL_a1152_Amsterdam_UV,749
2021006_Ag_FI_NDL_ephemera_tb,746
05815_L_RO_Folkmedia,742
9200391_Ag_EU_TEL_a1167g_eCloud_Croatia,738
2058815_Ag_EU_EAGLE_VND,737
00902_AT_OsterreichischeMediathek_staatsvertrag_oa,732
332_CulturaItalia_Biblioteca_Archeologia_Roma,729
2048619_Ag_EU_DM2E_mpiwg_ismi,725
0943103_Ag_BG_PenchoSlaveykov_LIBRODINA_ARTICLE,724
2058622_Ag_EU_LoCloud_Future_Library,719
2051927_Ag_EU_EUscreenXLCore_1022,714
9200335_Ag_EU_TEL_a1207_Denmark,713
2020111_Slovenia_sigledal_sketches,709
9200452_UL_Old_Rare_Books_Lucian_Blaga,706
2055737_EKT_Thessaloniki_Film_Festival,702
919121_L_ES_BibCatalunya_hotels,702
9200260_Ag_EU_TEL_eCloud_a1170_Edinburgh,701
08613_EFG_Kansallinen_Audiovisuaalinen_Arkisto,700
9200511_NL_Postcards_Serbia,700
493_CY_Polmuseum,699
9200264_Ag_EU_TEL_eCloud_a1174_Edinburgh,692
326_CARARE_Israel_Antiquities_Authority,689
9200126_Ag_EU_TEL_a1043_Belgrad,688
2022404_Ag_RO_Elocal_clujulin,686
2084002_Ag_EU_Migration_ugc,686
00721_A_DE_Landesarchiv_ese_1_0000509056,682
2021732_Cy_CUT_204,679
930_BibliotecaComunale_MozziBorgettiMacerata,678
05816_L_RO_Buzau_Opincile,677
08904_Ag_AT_EuropeanaConnect_UBER,677
2023021_Erfgoedplus_be_Fruitstreek,676
9200368_Ag_EU_TEL_a1229_NationalLibraryBulgaria,676
0940437_Ag_PL_dlibra.biblioteka.tarnow.pl,672
2058638_Ag_EU_LoCloud_BSK,662
181_Share3D_181,661
94_RoL_NLLatvia_Collection_569516,656
08610_Cinemateca_Portuguesa,654
2058809_Ag_EU_EAGLE_ELTE,651
673_DDB_DeutscheKinemathek,649
92058_Slovenia_Postcards,649
2051932_Ag_EU_EUscreenXLCore_1011,648
48_RoL_NLScotland_RareBooksGaelic,646
258_Slovenia_SIGIC_Foto_Kenda,645
2051925_Ag_EU_EUscreenXLCore_1026,644
994_DDB_SBD,644
419_Hispana_ArchivoMunicipalHuelva,638
187_DDB_Theaterwissenschaft,637
2048603_Ag_EU_DM2E_ubffm_msma,634
305_Hispana_BDEducativaMurcia,633
581_Kulturpool_Museen_Vorarlberg,633
2022024_Ag_EU_HOPE_FESPostkarten,631
2064135_Harzmuseum Wernigerode,630
0940403_Ag_PL_bc.dominikanie.pl,626
11630_Ag_EU_OpenUp_SCHWEINFURTHBOTANICALDRAWINGS,620
2023809_AG-EU_LinkedHeritage_ByzantineMuseum,617
648_DDB_GerdaSchimpf,614
357_DDB_Bonn,612
2064946_GR_KE_eforeia,609
598__Leiden_University_Libraries_Arma,608
2051905_Ag_EU_EUscreenXL_1015,605
1101_EKT_theocharakis,596
2051915_Londons_Screen_Archives,596
92089_Ag_UK_TEL_a1009c_EuropeanaLibraries,596
823_DDB_HistorischesMuseum_Speyer,595
2048713_Ag_EU_3D-ICONS_UJA,590
476_NM_PM_Narodni_muzeum_Prirodovedecke_muzeum,590
478_PNP_Pamatnik_narodniho_pisemnictvi,589
474_RGMT_Regionalni_muzeum_v_Teplicich,583
2023025_Erfgoedplus_be_VirtueleLand,581
809__Blavatnik_MSYT,578
08806_Ag_EU_ETravel_NLW,577
9200299_Ag_EU_TEL_a0547_EUcollection14-18,576
11634_Ag_EU_OpenUp!_AWI,568
2048223_EuropeanaFashion_1046,568
300_DDB_MuseumLudwig,567
353_Hispana_ADDI,566
2064944_GR_ergani,551
2058207_AG_ES_CIB_H15804,550
1129_Slovakiana_NCACE,544
942_Luka_Celovic_Books,544
2051928_Ag_EU_EUscreenXLCore_1018,541
1127_DDB_almershaus,537
2058501_M_ES_Thyssen_Obras,535
9200309_Ag_EU_TEL_a0549b_1914-1918,535
2064916_GR_European_Delphi,530
9200350_Ag_EU_TEL_a1167i_eCloud_Croatia,527
2059204_Ag_EU_eSOUNDS_1006_BSL,526
2022080_Ag_EU_HOPE_OSASlot05,523
2048302_Ag_EU_ApeX_CZKAVB1093,520
477_RMAGVJ_Regionalni_muzeum_a_galerie_v_Jicine,519
509_Ag_BG_PenchoSlaveykov_LIBVAR_PHOTO2021,517
2051931_Ag_EU_EUscreenXLCore_1012,515
2026127_Ag_EU_PartagePlus_1040,510
703_EidskogMuseum,508
310_Meise_Botanic_Garden_VirtualExhibition_Part2,506
00722_A_DE_Landesarchiv_ese_1_0000007103,504
2051938_Ag_EU_EUscreenXLCore_1013,504
10903_AV_FLM_ASSETS_3,500
649_DDB_LetteVerein,500
2021502_Ag_BG_Ontotext_hdl_pub_3,499
2059505_EU_FD_Alinari,498
2022814_AG_PT_Elocal_museuFisica,497
2022044_Ag_EU_HOPE_OSASlot02,495
2048229_EuropeanaFashion_1051,495
906_DDB_Pankow,494
693__The_Together_Plan,490
9200497_Ag_BnF_babordnum,487
862_FI_Jarvenpaa_Museum,479
92075_Ag_EU_TEL_a0500_TravelTroughHistory,479
394_DRI_IQDA_2,475
92028_Ag_DK_kb.gie,475
729_DDB_ISGV,474
00744_A_DE_Landesarchiv_ese_1_0000001695,472
754_Anno_Museene_i_Hedmark,470
250_EuropeanaLocalAustria_STLB,468
2021001_Ag_FI_NDL_Raita_collection,465
9200395_Ag_EU_TEL_a1034a_EuropeanaLibraries,464
9200456_UL_Reprints_Lucian Blaga,464
2048705_Ag_EU_3D-ICONS_DISC,463
2058641_Ag_EU_LoCloud_CHAI,453
919165_L_ES_BibCatalunya_femmemoria,448
2026125_Ag_EU_PartagePlus_1037,446
2051902_Screen_Archive_South_East,444
741_EKT_duth_folklore,444
15515_Ag_AT_Kulturpool_OEAW,439
08607_EFG_Nasjonalbiblioteket,437
359_EKT_AthensAcademy5,436
580_Hispana_FundacionFelipeGonzalez,436
2020127_Slovenia_Books,435
91648_Ag_SE_SwedishNationalHeritage_smvk-mmwa,434
9200461_Szathmari_NLRomania,434
231_Ag_EU_JHN_GUF_mshebr,430
9200263_Ag_EU_TEL_eCloud_a1173_Edinburgh,430
9200346_Ag_EU_TEL_a1167c_eCloud_Croatia,429
9200151_Ag_EU_TEL_a1051_Uni.Vienna,424
9200463_Manuscripts_NLRomania,424
938__University_College_Cork,424
2048715_Ag_EU_3DICONS_KMKG,423
786_National_and_University_Library_of_Slovenia,423
400_Cy_CUT_451,420
2064141_Piraeus_Bank_Group_Cultural_Foundation,418
608__Atria_GHC,418
91645_Ag_SE_SwedishNationalHeritage_smvk-mmlu,416
1117_DDB_Gorleben,409
9200129_Ag_EU_TEL_a1050_Madrid,407
2022617_Ag_NO_ELocal_eaarkicinordland,404
9200206_Ag_EU_TEL_a1071_Madrid,404
9200228_Ag_EU_TEL_a0565_Collections_1914-1918,403
9200446_Ag_TEL_a1412_NationalLibDenmark,403
09705_L_IE_IVRLA_Folklore_Photos_ese,402
2064947_GR_EPontMel,402
2064940_GR_ekvy,400
15405__Royal_Irish_Academy,396
9200344_Ag_EU_TEL_a1167a_eCloud_Croatia,393
2021750_Cy_CUT_355,392
00732_A_DE_Landesarchiv_ese_5_0000013064,391
2048340_Ag_EU_ApeX_ESD706,391
723_DDB_Hausboden,390
950_Bashkia_Gjirokaster,387
08001_L_FR_BVH_ese.xml,384
50_KB_RiseOfLiteracy_Kinderboeken,381
29_RoL_NLSerbia_evropa,378
91655_Ag_SE_SwedishNationalHeritage_Aeroseum,376
2026008_Ag_EU_DCA_1019_National_Gallery_of_Iceland,371
2021675_Ag_NL_DigitaleCollectie_MuseumKlok_Peel,369
668_CulturaItalia_Byterfly_StampaSportiva3,362
2022409_Ag_RO_Elocal_imaginid,358
08617_EFG_Deutsche_Kinemathek,356
822_DDB_SBG,356
824_DDB_OderbergMuseum,356
256_Sports_UGC,353
08621_EFG_Osterreichisches_Filmmuseum,351
9200148_Ag_EU_TEL_a1054_E.Libraries_Vienna,351
9200221_Ag_EU_TEL_a1122_Romania_Academy,350
9200307_Ag_EU_TEL_a0549c_1914-1918,350
790_DDB_LesbenarchivFrankfurt,347
9200259_Ag_EU_TEL_eCloud_a1169_Edinburgh,346
0940445_Ag_PL_bc.igik.edu.pl,345
646_CulturaItalia_Byterfly_StampaSportiva1,344
740_RCP,343
9200213_Ag_EU_TEL_a0538_Collections_1914-1918,340
935_Gjirokaster_Ethnographic_Museum,340
2064927_GR_Haidari,335
763__Leiden_University_Libraries_Van_Keulen_Maps,333
137_Ag_EU_1989_Romania,332
91969_L_Es_BibCatalunya_america,331
9200250_Ag_EU_TEL_a1156_Amsterdam_UV,329
101_RoL_NLWales_Almancs,328
313_CulturaItalia_Biblioteca_Charitas_Paola,328
28_RoL_NLSerbia_periodika_psr,324
803_DDB_MitteMuseum,322
1068__EuskoJaurlaritza_oai_EJGV_s_eu,321
2064910_GR_Digital_Pylia,321
2021623_Ag_NL_DigitaleCollectie_oudeGronigerKerken,315
9200222_Ag_EU_TEL_a0546_Collections_1914-1918,315
2021734_Cy_CUT_300,313
667_CulturaItalia_Byterfly_StampaSportiva2,311
479_RMVC_Regionalni_muzeum_v_Chrudimi,310
2065001_Ag_EU_Museums.EU_NMCH,309
1052_ERESBIL_oai_SS_R_ERESB_es,308
11635_OpenUp_MuseumPlus,305
1074_Wirtualne_Muzeum_Jerzego_Kukuczki,304
523_Memoriav,303
9200364_Ag_EU_TEL_a1263_Portugal_EC1914-1918,303
2064118_Museu_AMS_Historica_Bologna,302
363_Rahvusraamatukogu,302
2051946_Ag_EU_1022_EUscreenXL_1028,300
9200185_Ag_EU_TEL_a1126_EUlibraries_Belgrade,300
1008_DDB_KHB,298
600_Photoconsortium_ERIAC,298
2026126_Ag_EU_PartagePlus_1039,297
388_ECC_NLSerbia_vladimir_djordjevic,292
885_DDB_MuseenFreiburg,292
9200244_Ag_EU_TEL_a1157_Amsterdam_UV_eCloud,292
9200405_Ag_EU_TEL_a1180_eCloudLeuven,291
724_EUscreen_RTVE,290
2021733_Cy_CUT_243,287
530_DDB_Freiberg_Europack,285
9200130_Ag_EU_TEL_a1013_Madrid,284
956_EKT_thasos,284
2022406_Ag_RO_Elocal_corespon,282
715_DDB_StiftungChristlicheKunst,282
640_UBL_CatchpennyPrints_EDM_20122021,280
2048620_Ag_EU_DM2E_ubffm_msmo,279
2023858_AG-EU_LinkedHeritage_ArchivoFoRame,278
835_NLSerbia_ZemunDubrovnik,278
92025_Ag_EU_TEL_a0433E,278
629_IISG,276
324_DDB_KMP,275
891_DDB__stadtmuseum,275
306_Hispana_palabraclm,274
730_DDB_SLUB_Mediathek,274
30_RoL_NLSerbia_rukopisna_periodika,273
633_BibliotekaCyfrowaPolitechnikiKoszalinskiej,273
2048618_Ag_EU_DM2E_ubffm_horkheimer,272
751_DDB_Terre_des_Femmes,271
227_Kulturpool_Ars_Electronica,270
9200313_Ag_EU_TEL_a1220_1914-1918,270
2058817_Ag_EU_EAGLE_SAZU,269
512_Ag_BG_PenchoSlaveykov_LIBSTZ_PHOTO2020,269
9200407_Ag_EU_TEL_a1158_eCloudVU,269
929_Luka_Celovic_periodicals,269
1084_Friedrich_Wilhelm_Murnau_Stiftung,268
96_RoL_NLLatvia_Collection_72393,267
9200496_Ag_BnF_medcnd,266
10901_AV_FLM_ASSETS_1,265
11636_Ag_EU_OpenUp_BoBO,264
08623_EFG_Cinematheque_Royale_Belgique,261
170_EUscreen_Core_RoyalHolloway,261
2020103_Slovenia_sigledal_misc,261
9200458_Ag_TEL_a1168m_eCloud_Croatia,261
2058639_Ag_EU_LoCloud_SAB-e,260
9200215_Ag_EU_TEL_a1135_Bulgaria,260
2058819_Ag_EU_EAGLE_CYL,259
2025903_Ag_EU_1989_Lithuania,256
815_Leiden_University_Libraries_Ars_Aemula_Naturae,256
919202_L_ES_BibCatalunya_FesMuPatxRa,255
9200324_Ag_EU_TEL_a0653_EUcollection14-18,255
92084_NL_Sounds_Serbia,255
2025906_Ag_EU_1989_Czech_Republic,253
327_DRI_IQDA,251
2021740_Cy_CUT_341,250
191_DDB_Stadtmuseum,249
9200306_Ag_EU_TEL_a0549a_Graphics_1914-1918,249
92010_Ag_EU_TEL_a0210_TEL_NLE_map,249
2051923_East_Anglian_Film_Archive,248
2048703_Ag_EU_3D-ICONS_ICA,247
694_DDB_INS,247
2021752_Cy_CUT_364,246
603_APEF_Archief_RK_Friesland,246
1005_DDB_MCW,245
671_Muzeum_Okregowe_w_Toruniu,245
9200112_Ag_EU_TEL_a1025_ERegia,242
2059221_Ag_EU_eSOUNDS_1026_SunaKirac,240
449_CulturaItalia_Byterfly_Leconomista,240
9200223_Ag_EU_TEL_a0545_Collections_1914-1918,240
00733_A_DE_Landesarchiv_ese_5_0000013069,238
389_Museu_BASAR,237
9200172_Ag_EU_TEL_a1021_EU_Libraries_Vienna,237
711_NLScotland_Sport,235
2055736_AG_GR_Thessaloniki_Orchestra,234
638_DDB_KurtTucholsky,234
91688_Ag_SE_SwedishNationalHeritage_ajtte_geologi,233
1036__Clermont_Auvergne,231
41_RoL_CulturaItalia_biblio_alessandrina_pop,231
00735_A_DE_Landesarchiv_ese_5_0000013080,230
2048231_EuropeanaFashion_1053,229
9200198_Ag_EU_TEL_a1130d_EUCollections1418_Italy,228
10908_AV_FLM_ASSETS_tex2_part2,226
2064125_Otto_Lilienthal_Museum,225
650_DDB_Ofen_Keramikmuseum,224
91946_L_Es_BibCatalunya_hospstmaria,224
92002_Ag_EU_TEL_TELtreasures,221
731_EuropeanaFashion_1114,220
125_Europe_at_work,217
2064132_Geomuseum der WWU Münster,216
301_Ag_FI_NLF_sks_codices,216
2058615_Ag_EU_LoCloud_BJC-e,215
2065002_Ag_EU_Museums.EU_galerija_bozidar_jakac,214
9200131_Ag_EU_TEL_a1016_Madrid,214
365_DDB_Pritzwalk,213
779_Nynorsk_kultursentrum,213
09714_L_IE_IVRLA_Wadding_ese,211
08632_EFG_Museo_Nazionale_del_Cinema,210
2025902_Ag_EU_1989_Poland,209
9200168_Ag_EU_TEL_a0570_EUcollecton14-18,209
08641_EFG_FDC,208
482_MMZB_Mestske_muzeum_v_Zeleznem_Brode,208
2048617_Ag_EU_DM2E_jdc_nyar1418,207
2064202_Ag_EU_Digiphil_gyongyossi,206
569_TIB_Clips,205
876_Muzeum_Azji_i_Pacyfiku,205
9200413_Ag_EU_TEL_a1168f_eCloud_Croatia,205
179_OpenUp_NBGB_Part3,204
526_EKT_benaki_collections,204
2032016_Ag_EU_EInside_Galerija_Bozidar_Jakac_GBJ,203
91690_Ag_SE_SwedishNationalHeritage_ajtte_svamp,203
9200289_Ag_EU_TEL_a0562_EUcollection14-18,202
9200388_NL_ONB_ECreative_Picture_Archive,202
987_OU_DEMA,202
2048306_Ag_EU_ApeX_NLLdnRAL,201
260_TIB_LindauNobelLaureateMeetings,201
2022405_Ag_RO_Elocal_documen2,200
2048234_EuropeanaFashion_1058,200
2048443_Ag_DE_DDB_DresdenInstitutGeometrie,200
2021720_Ag_CY_GSO,199
2048100_Ag_EU_AthenaPlus_Vatican_Library,199
2048702_Ag_EU_3D_ICONS_ISTI,198
302_TIB_IWF_part1,198
9200145_Ag_DK_kb.dsh,197
9200449_Ag_TEL_a1165_eCloud_TilburgUniversity,195
2022402_Ag_RO_Elocal_arhivele,194
2022419_Ag_RO_Elocal_cjcpctcc,194
913_DDB_KreisarchaologieRotenburg,193
9200174_Ag_EU_TEL_a1022_EU_Libraries_Vienna,192
9200265_Ag_EU_TEL_eCloud_a1175_Edinburgh,192
9200136_Ag_EU_TEL_a0590_Bulgaria,189
9200383_Ag_EU_TEL_a0544a_eCloud_KBR,188
9200375_Ag_EU_TEL_a0643_Newspapers_Romania,187
08803_Ag_EU_ETravel_DebMaps,186
10906_AV_FLM_ASSETS_1_part2,186
2048353_Ag_EU_ApeX_LT2392,186
91651_Ag_SE_SwedishNationalHeritage_HEO,185
606_BibliotekaCyfrowaWBPwLublinie,184
9200232_Ag_EU_TEL_a1115_University_library_Madrid,182
1089_Dublin_City_University,181
837_DDB_MONAliesA,181
9200194_Ag_EU_TEL_a0633_EUCollections1418_Denmark,180
2022064_Ag_EU_HOPE_OSAHungarianPropaganda,179
08626_EFG_Bundesarchiv,177
9200490_NL_Fine_Arts_Macedonia,177
9200501_Ag_BnF_bibvirtpremsoc,177
9200515_NL_Photographs_Serbia,177
2021718_Ag_CY_Kiprologiko,176
298_DC_UBL_Pagode,176
825_DDB_FrauenStadtArchiv,176
00746_A_DE_Landesarchiv_ese_6_0000285358,175
2048602_Ag_EU_DM2E_onb_codices,175
877__earchivoUniversidadCarlosIIIdeMadrid,175
424_CY_today,174
798_DDB_MullroseHeimatmuseum,174
9200327_Ag_EU_TEL_a1183_ULB_eCloud,172
480_PM_Postovni_muzeum,169
9200225_Ag_EU_TEL_a0536_Collections_1914-1918,169
169_DRI_LGBT_Cork,168
1125_EKT_Pilea,167
92057_Slovenia_Maps,166
414_EKT_pinakothiki_agrinio,165
9200195_Ag_EU_TEL_a1130a_EUCollections1418_Italy,165
827_DDB_FrauenGenderBibliothek,164
9200417_Ag_EU_TEL_a1168g_eCloud_Croatia,164
2048608_Ag_EU_DM2E_sbb_manumed,163
331_TIB_Ethnology,163
386_ECC_NLSerbia_zenski_pokret,163
642_Photoconsortium_C_DARE_CoventryUniversity,162
09302_Ag_EU_JHN_Medem,161
2021715_Ag_CY_Cyprus_Today,161
2022403_Ag_RO_Elocal_NEAMT,160
704_KirstenFlagstadMuseum,160
1093_The_Discovery_Programme,159
2058640_Ag_EU_LoCloud_estuaire-e,159
09709_L_IE_IVRLA_OCurry_ese,158
2048714_Ag_EU_3D-ICONS_ITABC,156
325_CARARE_Hunt_Museum,156
402_Dunav,156
9200201_Ag_EU_TEL_a1131_EUCollections1418_Italy,155
2021723_Ag_CY_Limania,153
621_MUSEU_BJCluj,153
9200421_Incunabula_NLRomania,153
785__Hunt_ARMA,152
507_CARARE_IsraelAA_2,151
852_DDB_TerraSigillata,150
861_Mosaika_JHT,150
9200293_Ag_EU_TEL_a0540_EUcollection14-18,150
2064913_GR_Delphi_Museum,149
9200121_Ag_EU_TEL_a1039_EuLibraries_Serbia,149
98_RoL_NLLatvia_Collection_759589,149
103_RoL_NLWales_KeyTexts,148
09711_L_IE_IVRLA_OLochlainn_ese,147
2022412_Ag_RO_Elocal_deva,147
0943114_Ag_BG_LIBHASKOVO:PHOTO_2015,146
9200422_Music_NLRomania,146
9200399_Ag_EU_TEL_ a1349b_CentralLibFlorence,144
08627_EFG_CNC,141
2025904_Ag_EU_1989_Latvia,141
801_InterAlia,141
2021669_Ag_NL_DigitaleCollectie_de-ree:ESE_150,137
9200270_Ag_EU_TEL_eCloud_a1202_Edinburgh,137
341_Hispana_FundacionGinerRios,136
9200426_AG_EU_TEL_a1355_NLScotland,136
483_NM_CMH_Narodni_muzeum_Ceske_muzeum_hudby,134
2048716_Ag_EU_3D_ICONS_VISDIM,132
2064127_Geomuseum der WWU Münster,132
1013_DDB_HMO,129
2021716_Ag_CY_Gazettes,129
2048711_Ag_EU_3D_ICONS_Archeotransfert,128
377_DDB_Branitz,128
869_eKultura_DragutinHirc,128
91660_Ag_SE_SwedishNationalHeritage_smvk_video,128
9200329_Ag_EU_TEL_a1185a_ULB_eCloud,128
00718_A_DE_Landesarchiv_ese_1_0000005584,126
0943107_Ag_BG_PenchoSlaveykov_LIBHASKOVO_PHOTO,126
506_DDB_Umbruch,126
9200453_UL_Manuscripts_Lucian_Blaga,126
749_DDB_DENKtRAUME,125
2048098_AthenaPlus_state_polytechnic,124
08608_EFG_Lichtspiel_Kinemathek_Bern,122
481_MAGM_Muzeum_a_galerie_Mlejn,121
717_DDB_MDK_Wittstock,121
2022718_Ag_ES_Hispana_cartoteca,120
423_CY_Renos,120
08574_Ag_EU_ATHENA_National_Documentation_Centre,119
2021731_Cy_CUT_166,119
2021737_Cy_CUT_333,119
2058643_Ag_EU_Pole_Memoire,119
226_Museu_efimera,119
9200370_Ag_EU_TEL_a1147_eCloud_NationalLibTech,119
702_EuropeanaFashion_1131,118
426_Cy_Geranion,116
599_Photoconsortium_Arctur,115
08636_Svenska_Filminstitutet,113
116_RoL_ICCU_PaginaPeriodico,113
9200237_Ag_EU_TEL_a0571_Collections1914-1918,113
92080_Ag_FL_TEL_a0486_ETravelFinland,113
92087_Ag_UK_TEL_a1009a_EuropeanaLibraries,113
2048614_Ag_EU_DM2E_brandeis_scwp,112
2064138_3_Pilots_1_War,111
2021730_Cy_CUT_118,110
2022420_Ag_RO_Elocal_cjcpctmu,110
2048094_AthenaPlus_NLofUdmurt,110
319_CZ_DigitalLibrary_manuscript,110
1069__ERESBIL_oai_SS_R_ERESB_eu,108
253_EFG_Kunsthochschule_Kassel,108
92083_Ag_GE_TEL_Germany_EuropeanaRegia,108
9200424_Woodblocks_NLRomania,107
09710_L_IE_IVRLA_Odonovan_Reeves_ese,106
765_Eidsvoll_1814,105
898_Slovakiana_NOC,105
806_DDB_MuseenJuterbog,103
9200380_Ag_EU_TEL_a1148_eCloud_LibraryTechnology,103
1001_EKT_YSMA,102
1118_DDB_HFG,102
676_APE_LiberationMovement_II,101
2059101_M_ES_Prado,100
217_UCC_DRI,100
842_DDB_Haupt_und_Landgestut,100
9200416_Ag_EU_TEL_a1168k_eCloud_Croatia,100
969_EKT_mantamado,100
9200238_Ag_EU_TEL_a0569_Collections1914-1918,99
92056_Slovenia_Music_Records,99
933__Izmir_Jewish_Heritage_Project,99
00736_A_DE_Landesarchiv_ese_5_0000013098,98
200_DDB_Wannsee,98
2020735_Ag_EU_CARARE_ehb_EST_GFT,98
2048227_EuropeanaFashion_1050,98
943_Luka_Celovic_Periodicals,98
09310_Ag_EU_JHN_LeoBaeckInstitute_Sound,97
471_Bulgarian_National_Film_Archive,97
721_Uniwersytet_Jana_Kochanowskiego,97
819_ASIM,97
92_RoL_NULSlovenia_newspapers,97
2051919_National_Archives_of_Latvia,96
382_DDB_Hauenstein,96
9200304_Ag_EU_TEL_a0550_Collections_1914-1918,96
9200315_Ag_EU_TEL_a1153_Amsterdam_UV_eCloud,96
2023023_Erfgoedplus_be_Parkabdij,95
9200565_NL_Greece_manuscripts1,94
897_APE_Landsarkivet_Harnosand,93
9200373_Ag_EU_TEL_a0642_Newspapers_Portugal,93
182_DDB_transmediale,92
2064126_Naturkunde-Museum Bielefeld,92
420_ECC_NLSerbia_ljubica_i_danica,92
46_RoL_NLScotland_GaelicManuscripts,92
9200184_Ag_EU_TEL_a1125_EUlibraries_Belgrade,92
92078_Ag_EU_TEL_a1030_EuropanaRegia,92
09715_L_IE_IVRLA_Frazer_ese,91
135_Ag_EU_1989_Germany,91
2064136_Heinz Nixdorf MuseumsForum,91
352_EFG_Hochschule_Darmstadt,91
575_Photocons_PedeXumbo,91
2048093_AthenaPlus_StateLeoTolstoyMuseum,90
9200202_Ag_EU_TEL_a1132a_EUCollections1418_Italy,90
922__Royal_Irish_Academy_chimneypieces,90
0943105_Ag_BG_PenchoSlaveykov_LIBDOBRICH_PHOTO,89
9200220_Ag_EU_TEL_a0648_Collections_1914-1918,89
15409_Ag_IR_IMC_ria,87
679_APE_LiberationMovement_V,87
9200491_NL_Archeographic_Collection_Macedonia,87
791_DDB_Stuhlbaumuseum,86
9200209_Ag_EU_TEL_a1022a_University_Vienna,86
2058637_Ag_EU_LoCloud_GKR,85
624_Lodzka_Regionalna_Biblioteka_Cyfrowa,85
9200371_Ag_EU_TEL_a1310_eCloud_AmsterdamVU,85
00747_A_DE_Landesarchiv_ese_6_0000450406,84
911_EKT_ICS_Mingei,83
136_Ag_EU_1989_Hungary,82
2048712_CARARE_3D_ICONS_CMC,82
9200248_Ag_EU_TEL_a1159_Amsterdam_UV,82
2022408_Ag_RO_Elocal_personal,81
619_TIB_LindauNobel80,80
2023004_Erfgoedplus_be_KULeuven,79
2025905_Ag_EU_1989_Estonia,79
924_EKT_ELKE_IonianUniversity,79
9200114_Ag_EU_TEL_a0516_Bulgaria_Manuscript,78
9200411_Ag_EU_TEL_a1168d_eCloud_Croatia,78
1051_EuskoJaurlaritza_GobiernoVasco_oai_EJGV_es,76
2023804_AG-EU_LinkedHeritage_Karelia,76
685_APE_LiberationMovement_XI,76
9200378_Ag_EU_TEL_a1230_NationalLibraryBulgaria,76
2048701_Ag_EU_3D-ICONS_CETI,75
2022025_Ag_EU_HOPE_FESBanners,74
230_EU_AG_JHN_GUF_inchebr,74
468_DDB_Luebben,74
690_APE_LiberationMovement_XVI,74
752_DDB_Frauengeschichtsverein,74
9200328_Ag_EU_TEL_a1184_ULB_eCloud,74
139_DRI_UGC_1916_memorabilia,73
17_RoL_NLScotland,73
2020101_Slovenia_sigledal_posters,73
5_RoL_NULSlovenia_manuscripts,73
630__The_Blavatnik_Archive_Posters,73
9200512_NL_Drawings_Serbia,73
683_APE_LiberationMovement_IX,72
812_NLSerbia_MilutinBojicLibrary,72
91689_Ag_SE_SwedishNationalHeritage_ajtte_mossalav,72
9200187_Ag_EU_TEL_a1128_EUlibraries_Belgrade,72
9200425_AG_EU_TEL_a1309_NLScotland,72
9200513_NL_MusicSheets_Serbia,72
2021005_Ag_FI_NDL_ephemera_o,71
9200274_Ag_EU_TEL_eCloud_a1206_Edinburgh,71
684_APE_LiberationMovement_X,70
686_APE_LiberationMovement_XII,70
9200347_Ag_EU_TEL_a1167e_eCloud_Croatia,69
08804_Ag_EU_ETravel_DebBooks,68
09707_L_IE_IVRLA_MichaelCollins_ese,68
2021107_Ag_CZ_CroatianCulturalHeritage_Knjige10,68
91671_Ag_SE_SwedishNationalHeritage_smvk_emfotosam,68
9200294_Ag_EU_TEL_a0541_EUcollection14-18,68
9200318_Ag_EU_TEL_a0557_Collections_1914-1918,68
08620_EFG_Jugoslovenska_Kinoteka,67
1082_EuropeanaFashion_1115,66
32_RoL_NLSerbia_avangarde,66
9200410_Ag_EU_TEL_a1168c_eCloud_Croatia,66
9200435_Ag_EU_TEL_a1168h_eCloud_Croatia,66
9200476_NL_Incunabula_Malta,66
677_APE_LiberationMovement_III,65
9200486_NL_Postcards_Moldova,65
915__Erasmus_Trust,64
9200227_Ag_EU_TEL_a0533_Collections_1914-1918,64
392_DRI_ACERR,63
610_APEF_Magyar_Nemzeti_Leveltar,63
9200297_Ag_EU_TEL_a0535_EUcollection14-18,63
115_RoL_ICCU_PaginaPeriodicoTrincea,62
2021738_Cy_CUT_334,62
687_APE_LiberationMovement_XIII,62
689_APE_LiberationMovement_XV,62
9200153_Ag_EU_TEL_a0568_Europeana14-18_Serbia,62
892__Lithuanian_Jewish_Community,61
981_EKT_keel,61
1031__Naturalis_ECHINODERMATA,60
655_APE_IISocialHistory_4,60
772_DDB_Textilmuseum,60
780_Ag_BnF_Gallica_typedoc_manuscrits_nouveaux_ARMA,60
9200415_Ag_EU_TEL_a1168j_eCloud_Croatia,60
2023020_Erfgoedplus_be_Tysmans,59
2058702_Ag_SW_WikimediaSverige_da-och-nu,59
387_ECC_NLSerbia_sokolski_pokret,59
674_APE_LiberationMovement,59
00725_A_DE_Landesarchiv_ese_2_0000002676,58
688_APE_LiberationMovement_XIV,58
9200487_NL_Bookplates_Moldova,58
146_ECC_NLSerbia_bor,57
91684_Ag_SE_SwedishNationalHeritage_ajtte_daggdjur,57
9200144_Ag_DK_kb.orientalmss,57
675_APE_LiberationMovement_I,56
9200493_NL_Postcards_Macedonia,55
681_APE_LiberationMovement_VII,54
992_DDB_DFG,54
08625_EFG_FilmotecaEspanola,53
9200266_Ag_EU_TEL_eCloud_a1176_Edinburgh,53
9200450_Ag_EU_TEL_a1168l_eCloud_Croatia,53
08633_EFG_Landesfilmsammlung_BW,52
10601_AV_DW_ASSETS_EA_1,52
1022_DDB_keramik,51
537_Hispana_ArchivodelAyuntamientodeTinajo,51
682_APE_LiberationMovement_VIII,51
734_DDB_Burg_Posterstein,51
9200462_Engravings_NLRomania,51
9200509_NL_Postcards_Montenegro,51
10610_AV_DW_ASSETS_EV_4,50
10619_AV_DW_ASSETS_GA_5,50
10621_AV_DW_ASSETS_GA_7,50
2021714_Ag_CY_Blue_Books,50
2048616_Ag_EU_DM2E_bas_codsupra,50
691_APE_LiberationMovement_XVII,50
6_RoL_NLLatvia_Collection57760,50
916__University_of_Galway,50
9200323_Ag_EU_TEL_a1222_Collections_1914-1918,50
10623_AV_DW_ASSETS_GV_1,49
2032018_DDB_DSOM,49
680_APE_LiberationMovement_VI,49
9200349_Ag_EU_TEL_a1167h_eCloud_Croatia,49
2064904_GR_Mandra,48
49_RoL_NLScotland_RareBooksMiscellanea,48
58_mig_fotografije_metropolitan_Serbia,48
659_APE_IISocialHistory_8,48
9200141_Ag_EU_TEL_a1058_E.Libraries_Ghent,48
497_TIB_IWF_engineering,47
631_MazowieckaBibliotekaCyfrowa,47
789_DDB_AlfredWegener,47
10616_AV_DW_ASSETS_GA_2,46
678_APE_LiberationMovement_IV,46
696_EuropeanaFashion_1070,46
9200438_Ag_EU_TEL_a1167n_eCloud_Croatia,46
00720_A_DE_Landesarchiv_ese_1_0000002606,45
692_APE_LiberationMovement_XVIII,45
745_Bogstad_Gard,45
810_Slaska_Biblioteka_Cyfrowa,45
00719_A_DE_Landesarchiv_ese_1_0000001697,44
1099_Rauws_Wicker_Chair_Collection,44
2064908_GR_Eforeia_Argolidas,44
757_DDB_Gustaf_D_Institut,44
09701_L_IE_IVRLA_Beranger_ese,43
2048305_Ag_EU_ApeX_FI1,43
91665_Ag_SE_SwedishNationalHeritage_malmo_delobjek,43
9200392_Ag_EU_TEL_a1167o_eCloud_Croatia,43
00742_A_DE_Landesarchiv_ese_6_0000003032,42
2020104_Slovenia_sigledal_articles,42
484_MSPS_Muzeum_Stredniho_Pootavi_Strakonice,42
9200147_Ag_EU_TEL_a1053_E.Libraries_Vienna,42
844_EuropeanaFashion_1139,41
2021739_Cy_CUT_339,40
576_MUSEU_BibliotecaJudeteana_OctavianGoga,40
9200305_Ag_EU_TEL_a0549a_Drawings_1914-1918,40
9200455_UL_Publications_Lucian_Blaga,40
1011__MuseodellaCartadiPescia,39
293_DDB__StadtmuseumCottbus,39
328_DRI_RIA2,39
9200292_Ag_EU_TEL_a0561_EUcollection14-18,39
129_RoL_OVI_manoscritti,38
2021721_Ag_CY_Koukkidis,38
2051947_Ag_EU_EUscreenXL_1053,38
2064117_Museu_Museum im Steintor_Germany,38
2064122_Museum Industriekultur Osnabrück,38
407_Cy_CUT_476,38
9200186_Ag_EU_TEL_a1127_EUlibraries_Belgrade,38
08630_EFG_Arhiva_Nationala_de_Filme,37
145_ECC_NLSerbia_kalef,37
411_SOCH_asf,37
916104_Ag_SE_SwedishNationalHeritage_malmo_samling,37
557_APEF_FFB_Elise_Balos_brevsamling,36
639_DDB_ESRA,36
9200382_Ag_EU_TEL_a1166_eCloud_NatLib_Wales,36
1024__LIBSM_BOOKS,35
102_RoL_NLWales_Dictionaries,35
2021114_Ag_CZ_CroatianCulturalHeritage_Portretne25,35
34_RoL_NLSerbia_vk,35
712_EKT_KalambakaLibrary,35
832_DDB_MadonnaArchiv,35
9200331_Ag_EU_TEL_a1186_ULB_eCloud,35
2064931_GR_Prosotsani,34
43_EuropeanaFashion_Georgia,34
09317_Ag_EU_JHN_GUF_rothschild,33
390_Museu_Civitella,33
9200326_Ag_EU_TEL_a1182_ULB_eCloud,33
08631_EFG_La_Cineteca_del_Friuli,32
1088_DDB_Fuerstenberg,32
1114_DDB_Nicolausberg,32
2021725_Ag_CY_Periodiko_Review_ATI,32
54_mig_jev_periodika_Serbia,32
719__Dublin_City_Library_and_Archive,32
821_ANCI,32
9200412_Ag_EU_TEL_a1168e_eCloud_Croatia,32
590_APEF_NewcastleUniversity_SpecColl,31
9200508_NL_Posters_Montenegro,31
10622_AV_DW_ASSETS_GA_8,30
2022411_Ag_RO_Elocal_audioinb,30
2063624_EU_280_UK,30
758_Archiwum_Filmowe_Szkola_Filmowa_w_Lodzi,30
9200393_Ag_EU_TEL_a1168a_eCloud_Croatia,30
968_EKT_ICS_Mingei_FRANCE,30
1038__Provinciaal_Depot_Bodemvondsten_Noord_Brabant,29
2048621_Ag_EU_DM2E_ubffm_msor,29
36_RoL_NLSerbia_stampana,29
91697_Ag_SE_SwedishNationalHeritage_GoogleFieldTri,29
9200314_Ag_EU_TEL_a1192b_Collections_1914-1918,29
59_mig_romi_razglednice_Serbia,28
9200330_Ag_EU_TEL_a1185b_ULB_eCloud,28
104_RoL_NLWales_Manuscripts,27
2020102_Slovenia_sigledal_programme_notes,27
2021103_Ag_CZ_CroatianCulturalHeritage_Razglednic5,27
416_EKT_laskaridis_diglib,27
611_APE__Magyar_Nemzeti_Leveltar,27
660_APE_IISocialHistory_9,27
864__Azerbaijan_Tourism_Board,27
9200261_Ag_EU_TEL_eCloud_a1171_Edinburgh,27
9200478_NL_Razglednice_Rariteti_Bosnia_Herzegovina,27
100_RoL_NLScotland_RareBooksDigitalGallery_iiif,26
33_RoL_NLSerbia_putopisi,26
820_Cinememoire,26
2023877_AG-EU_LinkedHeritage_G.Denisenko,25
605_Bibliotekaelblaska_pt_II,25
2021743_Cy_CUT_344,24
2021747_Cy_CUT_349,24
2048606_Ag_EU_DM2E_mpiwg_harriot,24
607_BibliotekaCyfrowaRegionaliaZiemiLodzkiej,24
657_APE_IISocialHistory_6,24
888_Politehnica_University_Timisoara,24
9200152_Ag_EU_TEL_a1049_E.Librarier_Madrid,24
9200353_Ag_EU_TEL_a1237_Bulgaria_Manuscript,24
11627_OpenUp_ALGATERRA,23
887_APE_Riksarkivet,23
2023862_AG-EU_LinkedHeritage_KarazinKharkiv,22
281_CulturaItalia_Polo_Museale_Abruzzo,22
653_APE_IISocialHistory_2,22
661_APE_IISocialHistory_10,22
03709_M_FR_CiteMusique_IN,21
1065_CY_DCH,21
2021104_Ag_CZ_CroatianCulturalHeritage_Sitni_tisa6,21
2021745_Cy_CUT_347,21
204_DRI_MonaghanCC,21
811_MRU,21
9200434_NL_ONB_Google_Fieldtrip_Picture_Archive,21
1023_DDB_WRG,20
10620_AV_DW_ASSETS_GA_6,20
138_National_Library_of_Latvia_53394,20
190_EFG_Fons_Joan_Capdevila_Nogues,20
2048610_Ag_EU_DM2E_uib_wab,20
214_NIVAL_NCAD_DRI,20
498_TIB_worldcontactday,20
9200345_Ag_EU_TEL_a1167b_eCloud_Croatia,20
920__Irish_Jesuit_Archive,20
965_EKT_ICS_Mingei_GERMANY,20
09702_L_IE_IVRLA_Boehm_ese,19
2021751_Cy_CUT_361,19
370_CARARE_CUT,19
620_The_Munch_Museum,19
9200451_Ag_EU_TEL_a1167t_eCloud_Croatia,19
2058818_Ag_EU_EAGLE_IMJ,18
406_Cy_CUT_474,18
652_APE_IISocialHistory_1,18
9200200_Ag_EU_TEL_a1130f_EUCollections1418_Italy,18
9200243_Ag_EU_TEL_a1150_Amsterdam_UV_eCloud,18
9200245_Ag_EU_TEL_a1151_Amsterdam_UV_eCloud,18
9200322_Ag_EU_TEL_a1221_Collections_1914-1918,18
2021102_Ag_CZ_CroatianCulturalHeritage_Fotografij4,17
2021111_Ag_CZ_CroatianCulturalHeritage_Notni15,17
2063604_EU_280_Denmark,17
248_Slovenia_sigledal_puppets,17
311_Meise_Botanic_Garden_VirtualExhibition_Part3,17
759_DDB_HLA,17
916112_Ag_SE_SwedishNationalHeritage_gsm_exhibitio1,17
99_RoL_NLScotland_RareBooksDigitalGallery_pdf,17
08637_EFG_KNM,16
2058634_Ag_EU_LoCloud_Douanes,16
2063627_EU_280_Belgium,16
259_KurzFilmAgentur_Hamburg,16
560_APEF_NAN_Landssvikarkivet_Oslo_politikammer,16
654_APE_IISocialHistory_3,16
1050_EuskoJaurlaritza_oai_EJGV_eu,15
10905_AV_FLM_ASSETS_tex2,15
2048372_Ag_EU_ApeX_Malta_ArkNaz,15
2048377_Ag_EU_ApeX_Spain_AGA,15
589_APEF_IISocialHistory,15
2021501_Ag_BG_Ontotext_hdl_pub_1,14
2022410_Ag_RO_Elocal_documen1,14
577_Photoconsortium_MuseeHistoriqueLausanne,14
588_APEF_National_Aerospace_Library,14
755_Romsdalsmuseet,14
10608_AV_DW_ASSETS_EV_2,13
2021109_Ag_CZ_CroatianCulturalHeritage_Serijske12,13
2048376_Ag_EU_ApeX_Romania_NCHA,13
2063602_EU_280_Sweden,13
38_NULSlovenia_ivan_letters,13
56_mig_crnjanski_fotografij_Serbia,13
733_WMBC,13
800_CultureelErfgoedAnnuntiatenHeverlee,13
9200167_Ag_EU_TEL_a1044_Eu_Libraries_Wales,13
1115_DDB_SA_Goettingen,12
114_Ag_EU_eSOUNDS_1036_EssexRecordOffice,12
2021753_Cy_CUT_365,12
2063609_EU_280_Spain,12
2063621_EU_280_France,12
40_RoL_CulturaItalia_biblio_alessandrina_manoscritti,12
62_Museu_GrecianArchive,12
707__Dublin_City_University,12
9200488_NL_Maps_Macedonia,12
949_EuropeanaFashion_1140,12
2021115_Ag_CZ_CroatianCulturalHeritage_povelje239,11
2063607_EU_280_Estonia,11
2063623_EU_280_Germany,11
37_RoL_NLSerbia_beleske,11
622_Malopolska_Biblioteka_Cyfrowa_Pt2,11
917__Cork_City_Libraries,11
9200575_NL_Luxembourg_Poetry,11
921__Tulsk_History_Society,11
08603_EFG_Filmarchiv_Austria,10
10618_AV_DW_ASSETS_GA_4,10
10902_AV_FLM_ASSETS_2,10
15413_Ag_IE_IMC_npm,10
2021106_Ag_CZ_CroatianCulturalHeritage_Knjige_za9,10
2021742_Cy_CUT_343,10
2063601_EU_280_Romania,10
2063605_EU_280_Latvia,10
2063606_EU_280_Portugal,10
2063612_EU_280_Norway,10
2063617_EU_280_Malta,10
2063619_EU_280_Czech_Republic,10
2063628_EU_280_Ireland,10
383_Rundfunk_Berlin_Brandenburg,10
793_DDB_IndustriemuseumGuben,10
851_DDB_Naturkundemuseum,10
9200409_Ag_EU_TEL_a1168b_eCloud_Croatia,10
928_Zene,10
986_MICHAEL_Culture,10
08624_EFG_IVAC,9
08634_EFG_CinetecaNazionale,9
10613_AV_DW_ASSETS_EV_7,9
2063603_EU_280_Lithuania,9
276_Hochschule_fur_Gestaltung_Offenbach,9
9200325_Ag_EU_TEL_a0548_EUcollection14-18,9
1083_EuropeanaFashion_1141,8
2021746_Cy_CUT_348,8
2022407_Ag_RO_Elocal_cridespr,8
2063615_EU_280_Slovenia,8
2063625_EU_280_Hungary,8
2063626_EU_280_Italy,8
215_Royal_Irish_Academy_DRI,8
35_RoL_NLSerbia_moderna,8
42_Culturalia_LeonidaZamfirescu,8
47_RoL_NLScotland_MedievalManuscripts,8
554_APEF_FFB_Vadso_damekor,8
60_mig_romi_knjige_Serbia,8
641__Joe_Lee_Community_Based_Films,8
656_APE_IISocialHistory_5,8
658_APE_IISocialHistory_7,8
9200296_Ag_EU_TEL_a0534_EUcollection14-18,8
9200436_Ag_EU_TEL_a1167k_eCloud_Croatia,8
9200494_NL_Music_Scores_Moldova,8
1025_LIBSM_NEWSPR,7
2058642_Ag_EU_LoCloud_Veritas,7
2063613_EU_280_Poland,7
360_EKT_AthensAcademy6,7
398_Cy_CUT_148,7
399_Cy_CUT_442,7
91670_Ag_SE_SwedishNationalHeritage_smvk-vkm-arkiv,7
919__Waterford_City_Council,7
9200321_Ag_EU_TEL_a0627_Collections_1914-1918,7
9200372_Ag_EU_TEL_a1311_eCloud_AmsterdamVU,7
9200566_NL_Greece_manuscripts2,7
0943115_Ag_LIBRODINA:ARTICLE_2015,6
558_APEF_IKAK_Al_formannskap_og_sentraladministrasjon,6
732_RCIN,6
9200358_Ag_EU_TEL_a1149_eCloud_LibraryTechnology,6
0943104_Ag_BG_PenchoSlaveykov_LIBRODINA_BOOK,5
2020739_Ag_EU_CARARE_2Culture,5
2021113_Ag_CZ_CroatianCulturalHeritage_Dopisnice17,5
2022421_Ag_RO_Elocal_cjcpctvi,5
2048373_Ag_EU_ApeX_Iceland,5
2063630_EU_280_The_Netherlands,5
2064203_Ag_EU_Digiphil_Kapcsos,5
361_EKT_AthensAcademy7,5
551_APEF_IKAK_Kongsberg_formannskap_og_sentraladministrasjo,5
552_APEF_IKAVA_Haegebostad_kommune_Formannskapet_Kommunestyret,5
555_APEF_IKAK_Mo_formannskap_og_sentraladministrasjon,5
612_APE__MagyarNemzetiLeveltar,5
613_APE__MagyarNemzetiLeveltara,5
698_APE_MagyarNemzetiLeveltar_,5
00745_A_DE_Landesarchiv_ese_1_0000007210,4
2021503_Ag_BG_Ontotext_hdl_pub_624,4
2021504_Ag_BG_Ontotext_hdl_pub_622,4
2022422_Ag_RO_Elocal_muzeudev,4
2063629_EU_280_Austria,4
31_RoL_NLSerbia_knezevic1,4
385_Slovenia_3d_heritage,4
9200230_Ag_EU_TEL_a0559b_Collections_1914-1918,4
9200389_Ag_EU_TEL_a1167r_eCloud_Croatia,4
9200414_Ag_EU_TEL_a1168i_eCloud_Croatia,4
9200437_Ag_EU_TEL_a1167m_eCloud_Croatia,4
9200573_NL_Scotland_Poetry,4
9200577_NL_Estonia_Poetry,4
1030__Naturalis_BRACHIOPODA,3
1120_CyprusInstitute_khirokitia,3
2021101_Ag_CZ_CroatianCulturalHeritage_Foto-album3,3
2021108_Ag_CZ_CroatianCulturalHeritage_Zvučni11,3
2021741_Cy_CUT_331,3
2051941_Ag_EU_EUscreenXLCore_1031,3
409_Cy_CUT_502,3
527_APEF_Ugland_Thorne,3
550_APEF_FFB_Fredrikstad_kommune_1964,3
553_APEF_National_Archives_Norway_1,3
57_mig_crnjanski_rukopisi_Serbia,3
858_ekultura_AlfredMakanec,3
886_DDB_Nordfriisk_Instituut,3
9200295_Ag_EU_TEL_a0531_EUcollection14-18,3
9200574_NL_Netherlands_Poetry,3
1055_NUK_TwinIT,2
1056_Narodowy_Instytut_Dziedzictwa_TwinIT,2
10605_AV_DW_ASSETS_EA_5,2
1060_NLF_museovirasto,2
1096_INP_TwinIt,2
1113_Kulturpool_LSN,2
1128_France_TwinIt,2
1130_Luxembourg_TwinIT,2
2021105_Ag_CZ_CroatianCulturalHeritage_Kartografs7,2
2021722_Ag_CY_Laografikos,2
2048352_Ag_EU_ApeX_GR1,2
2048378_Ag_EU_ApeX_Croatia_HDA,2
252_EFG_Hochschule_RheinMain,2
408_Cy_CUT_491,2
529_APEF_FFB_Idrettslaget_Norild,2
556_APEF_NAN_Sjofartsdirektoratet_med_forlopere_skip,2
559_APEF_NAN_Revisjonsdepartementet_1_revisjonskontor,2
802_Norsk_vegmuseum,2
857_ekultura_StjepanRadic,2
859_ekultura_ObiteljDezelic,2
91693_Ag_SE_SwedishNationalHeritage_ajtte_evertebr,2
9200219_Ag_EU_TEL_a1192a_Collections_1914-1918,2
9200308_Ag_EU_TEL_a0549f_1914-1918,2
09708_L_IE_IVRLA_Monograph_collection_ese,1
1053_HM_citadella,1
1057_National_Heritage_Board_of_Latvia_TwinIT,1
1058_Statens_Museum_for_Kunst_TwinIT,1
10602_AV_DW_ASSETS_EA_2,1
1061_LT_AggregatorServiceNLL_3D,1
1062__RoyalBelgianInstituteOfNaturalSciences,1
1063_Slovakiana_PSR,1
1064_Leuven_CollectieVlaamseGemeenschap,1
1070_MuseoArcheologicoNazionalediNapoli,1
1079_Royal_Museums_of_Art_and_History_Brussels_TwinIT,1
1080_CR_HRZ,1
1081_Bulgaria_3D_TwinIt,1
1085_EKT_3d4delphi,1
1092_MuseoArqueologicoNacional,1
1095_picturestones,1
1097_picturestones_3D,1
1111_Centraal_Museum_TwinIt,1
1119_The_Discovery_Programme_TwinIt,1
1121_OdesaNationalScientificLibrary,1
1123_DDB_SynagogeErfurt,1
1124_DDB_Juedische_Gemeinde,1
1131_Portugal_TwinIT,1
1132_Albania_TwinIT,1
142_Europeana_TestRecord,1
147_ECC_NlSerbia_krvavo_zlato,1
2020107_Ag_SI_Nat.EContentAggregator_noordung,1
2020903_Ag_DK_NAS_statenkunst,1
2021110_Ag_CZ_CroatianCulturalHeritage_Rukopisi13,1
2021112_Ag_CZ_CroatianCulturalHeritage_Arhitekto16,1
2021719_Ag_CY_Theodosis_Nikolaou,1
2021748_Cy_CUT_353,1
2048375_Ag_EU_ApeX_Romania_LNA,1
2048379_Ag_EU_ApeX_Portugal_ANTT,1
309_Meise_Botanic_Garden_VirtualExhibition_Part1,1
55_mig_crnjanski_knjige_Serbia,1
856_ekultura_IlijaGultesa,1
88_ASINOU_1_Cyprus,1
895_APE_Landsarkivet,1
896_APE__Riksarkivet,1
9200334_Ag_EU_TEL_a1223_EC1914_Slovak,1