<?xml version="1.0" encoding="UTF-8" standalone="yes"?><rdf:RDF xmlns:rdf="http://www.w3.org/1999/02/22-rdf-syntax-ns#" xmlns:dc="http://purl.org/dc/elements/1.1/" xmlns:dcterms="http://purl.org/dc/terms/" xmlns:edm="http://www.europeana.eu/schemas/edm/" xmlns:owl="http://www.w3.org/2002/07/owl#" xmlns:wgs84_pos="http://www.w3.org/2003/01/geo/wgs84_pos#" xmlns:skos="http://www.w3.org/2004/02/skos/core#" xmlns:rdaGr2="http://rdvocab.info/ElementsGr2/" xmlns:foaf="http://xmlns.com/foaf/0.1/" xmlns:ebucore="http://www.ebu.ch/metadata/ontologies/ebucore/ebucore#" xmlns:doap="http://usefulinc.com/ns/doap#" xmlns:odrl="http://www.w3.org/ns/odrl/2/" xmlns:cc="http://creativecommons.org/ns#" xmlns:ore="http://www.openarchives.org/ore/terms/" xmlns:svcs="http://rdfs.org/sioc/services#" xmlns:oa="http://www.w3.org/ns/oa#" xmlns:dqv="http://www.w3.org/ns/dqv#"><edm:ProvidedCHO rdf:about="http://data.europeana.eu/item/2021672/resource_document_mauritshuis_1080"/><edm:WebResource rdf:about="https://www.mauritshuis.nl/media/0r3bsn4j/1080_-repro-lage-resolutie.jpg"><ebucore:hasMimeType>image/jpeg</ebucore:hasMimeType><ebucore:fileByteSize rdf:datatype="http://www.w3.org/2001/XMLSchema#long">1248197</ebucore:fileByteSize><ebucore:width rdf:datatype="http://www.w3.org/2001/XMLSchema#integer">4597</ebucore:width><ebucore:height rdf:datatype="http://www.w3.org/2001/XMLSchema#integer">6000</ebucore:height><edm:hasColorSpace>sRGB</edm:hasColorSpace><edm:componentColor rdf:datatype="http://www.w3.org/2001/XMLSchema#hexBinary">#8FBC8F</edm:componentColor><edm:componentColor rdf:datatype="http://www.w3.org/2001/XMLSchema#hexBinary">#ADD8E6</edm:componentColor><edm:componentColor rdf:datatype="http://www.w3.org/2001/XMLSchema#hexBinary">#FAF0E6</edm:componentColor><edm:componentColor rdf:datatype="http://www.w3.org/2001/XMLSchema#hexBinary">#F5DEB3</edm:componentColor><edm:componentColor rdf:datatype="http://www.w3.org/2001/XMLSchema#hexBinary">#FDF5E6</edm:componentColor><edm:componentColor rdf:datatype="http://www.w3.org/2001/XMLSchema#hexBinary">#B0C4DE</edm:componentColor><ebucore:orientation rdf:datatype="http://www.w3.org/2001/XMLSchema#string">portrait</ebucore:orientation></edm:WebResource><edm:TimeSpan rdf:about="#1985%2F1985"><skos:prefLabel xml:lang="zxx">1985/1985</skos:prefLabel><dcterms:isPartOf rdf:resource="http://data.europeana.eu/timespan/20"></dcterms:isPartOf><edm:begin>1985-01-01</edm:begin><edm:end>1985-12-31</edm:end></edm:TimeSpan><edm:TimeSpan rdf:about="http://data.europeana.eu/timespan/20"><skos:prefLabel xml:lang="de">20. Jahrhundert</skos:prefLabel><skos:prefLabel xml:lang="ru">XX век</skos:prefLabel><skos:prefLabel xml:lang="fi">1900-luku</skos:prefLabel><skos:prefLabel xml:lang="pt">Século XX</skos:prefLabel><skos:prefLabel xml:lang="bg">20 век</skos:prefLabel><skos:prefLabel xml:lang="lt">XX amžius</skos:prefLabel><skos:prefLabel xml:lang="lv">20. gadsimts</skos:prefLabel><skos:prefLabel xml:lang="hr">20. stoljeće</skos:prefLabel><skos:prefLabel xml:lang="fr">XXe siècle</skos:prefLabel><skos:prefLabel xml:lang="hu">20. század</skos:prefLabel><skos:prefLabel xml:lang="sk">20. storočie</skos:prefLabel><skos:prefLabel xml:lang="sl">20. stoletje</skos:prefLabel><skos:prefLabel xml:lang="ga">20ú haois</skos:prefLabel><skos:prefLabel xml:lang="ca">Segle XX</skos:prefLabel><skos:prefLabel xml:lang="sv">1900-talet</skos:prefLabel><skos:prefLabel xml:lang="el">20ός αιώνας</skos:prefLabel><skos:prefLabel xml:lang="en">20th century</skos:prefLabel><skos:prefLabel xml:lang="it">XX secolo</skos:prefLabel><skos:prefLabel xml:lang="es">Siglo XX</skos:prefLabel><skos:prefLabel xml:lang="et">20. sajand</skos:prefLabel><skos:prefLabel xml:lang="eu">XX. mendea</skos:prefLabel><skos:prefLabel xml:lang="cs">20. století</skos:prefLabel><skos:prefLabel xml:lang="pl">XX wiek</skos:prefLabel><skos:prefLabel xml:lang="ro">Secolul al XX-lea</skos:prefLabel><skos:prefLabel xml:lang="da">20. århundrede</skos:prefLabel><skos:prefLabel xml:lang="nl">20e eeuw</skos:prefLabel><skos:altLabel xml:lang="ru">20 век</skos:altLabel><skos:altLabel xml:lang="sv">20:e århundradet</skos:altLabel><skos:altLabel xml:lang="sv">20:e seklet</skos:altLabel><skos:altLabel xml:lang="sv">1900-tal</skos:altLabel><skos:altLabel xml:lang="sv">1900-talet (århundrade)</skos:altLabel><skos:altLabel xml:lang="sv">1900-talet (sekel)</skos:altLabel><skos:altLabel xml:lang="pt">Século 20</skos:altLabel><skos:altLabel xml:lang="pt">Século vinte</skos:altLabel><skos:altLabel xml:lang="pt">Periodo 1901-2000</skos:altLabel><skos:altLabel xml:lang="pt">Ciclo (1901-2000)</skos:altLabel><skos:altLabel xml:lang="en">20th-century</skos:altLabel><skos:altLabel xml:lang="en">20th-century</skos:altLabel><skos:altLabel xml:lang="en">Twentieth century</skos:altLabel><skos:altLabel xml:lang="en">The past century</skos:altLabel><skos:altLabel xml:lang="en">History, 20th Century</skos:altLabel><skos:altLabel xml:lang="en">XX Century</skos:altLabel><skos:altLabel xml:lang="it">Novecento</skos:altLabel><skos:altLabel xml:lang="it">20° secolo</skos:altLabel><skos:altLabel xml:lang="it">'900</skos:altLabel><skos:altLabel xml:lang="it">Novecento</skos:altLabel><skos:altLabel xml:lang="fr">20e siècle</skos:altLabel><skos:altLabel xml:lang="es">Siglo 20</skos:altLabel><skos:altLabel xml:lang="es">El siglo pasado</skos:altLabel><skos:altLabel xml:lang="es">Siglo veinte</skos:altLabel><edm:begin>1901-01-01</edm:begin><edm:end>2000-12-31</edm:end><owl:sameAs rdf:resource="http://www.wikidata.org/entity/Q6927"/><owl:sameAs rdf:resource="http://id.loc.gov/authorities/names/sh2002012476"/><owl:sameAs rdf:resource="http://id.loc.gov/authorities/names/sh85139020"/><owl:sameAs rdf:resource="http://id.nlm.nih.gov/mesh/D049673"/><owl:sameAs rdf:resource="https://www.freebase.com/m/089_x"/><owl:sameAs rdf:resource="https://g.co/kg/m/089_x"/><owl:sameAs rdf:resource="http://id.nlm.nih.gov/mesh/K01.400.504.968"/><owl:sameAs rdf:resource="http://vocab.getty.edu/aat/300404514"/><owl:sameAs rdf:resource="http://dbpedia.org/resource/20th_century"/></edm:TimeSpan><skos:Concept rdf:about="http://data.europeana.eu/concept/2090"><skos:prefLabel xml:lang="de">Papier</skos:prefLabel><skos:prefLabel xml:lang="ru">Бумага</skos:prefLabel><skos:prefLabel xml:lang="fi">Paperi</skos:prefLabel><skos:prefLabel xml:lang="pt">Papel</skos:prefLabel><skos:prefLabel xml:lang="bg">Хартия</skos:prefLabel><skos:prefLabel xml:lang="lt">Popierius</skos:prefLabel><skos:prefLabel xml:lang="lv">Papīrs</skos:prefLabel><skos:prefLabel xml:lang="hr">Papir</skos:prefLabel><skos:prefLabel xml:lang="fr">Papier</skos:prefLabel><skos:prefLabel xml:lang="hu">Papír</skos:prefLabel><skos:prefLabel xml:lang="sk">Papier</skos:prefLabel><skos:prefLabel xml:lang="sl">Papir</skos:prefLabel><skos:prefLabel xml:lang="ga">Páipéar</skos:prefLabel><skos:prefLabel xml:lang="ca">Paper</skos:prefLabel><skos:prefLabel xml:lang="sv">Papper</skos:prefLabel><skos:prefLabel xml:lang="mt">Karta</skos:prefLabel><skos:prefLabel xml:lang="el">Χαρτί</skos:prefLabel><skos:prefLabel xml:lang="en">Paper</skos:prefLabel><skos:prefLabel xml:lang="it">Carta</skos:prefLabel><skos:prefLabel xml:lang="es">Papel</skos:prefLabel><skos:prefLabel xml:lang="et">Paber</skos:prefLabel><skos:prefLabel xml:lang="eu">Paper</skos:prefLabel><skos:prefLabel xml:lang="cs">Papír</skos:prefLabel><skos:prefLabel xml:lang="pl">Papier</skos:prefLabel><skos:prefLabel xml:lang="ro">Hârtie</skos:prefLabel><skos:prefLabel xml:lang="da">Papir</skos:prefLabel><skos:prefLabel xml:lang="nl">Papier</skos:prefLabel><skos:note xml:lang="de">Werkstoff aus Fasern zum Beschreiben, Bedrucken und Verpacken</skos:note><skos:note xml:lang="fi">Ohut kuiduista tehty materiaali</skos:note><skos:note xml:lang="sv">Cellulosabaserat material</skos:note><skos:note xml:lang="ru">Волокнистый материал с минеральными добавками</skos:note><skos:note xml:lang="pt">Folha fina feita com pasta de fibras vegetais</skos:note><skos:note xml:lang="en">Thin, flexible material mainly used for writing upon, printing upon, drawing or for packaging</skos:note><skos:note xml:lang="it">Materiale igroscopico, costituito da materie prime fibrose</skos:note><skos:note xml:lang="fr">Matière fabriquée à partir de fibres cellulosiques végétales et animales</skos:note><skos:note xml:lang="es">Delgada hoja elaborada con pasta de fibras vegetales</skos:note><skos:note xml:lang="cs">Tenký, pružný, vláknitý materiál s minerálními přísadami, vyráběný převážně z celulózy, užívaný pro psaní, kreslení, tisk nebo k balení</skos:note><skos:note xml:lang="sk">Tenký, hladký materiál vyrábaný zhutnením vlákna</skos:note><skos:note xml:lang="pl">Podłoże pisarskie lub malarskie otrzymywane z makulatury, celulozy i włókien innych roślin</skos:note><skos:note xml:lang="da">Materiale man kan skrive og tegne på</skos:note><skos:note xml:lang="nl">Materiaal waarop kan worden geschreven en getekend en dat kan worden bedrukt door middel van een druktechniek</skos:note><skos:note xml:lang="ca">Làmina constituïda per un entramat tridimensional de fibres de cel·lulosa i altres substàncies</skos:note><skos:broader rdf:resource="http://data.europeana.eu/concept/2069"/><skos:exactMatch rdf:resource="http://www.wikidata.org/entity/Q11472"/><skos:exactMatch rdf:resource="https://d-nb.info/gnd/4044522-7"/><skos:exactMatch rdf:resource="http://id.loc.gov/authorities/names/sh85097578"/><skos:exactMatch rdf:resource="http://data.bnf.fr/ark:/12148/cb11949744d"/><skos:exactMatch rdf:resource="http://id.ndl.go.jp/auth/ndlna/00564806"/><skos:exactMatch rdf:resource="http://id.nlm.nih.gov/mesh/D010209"/><skos:exactMatch rdf:resource="http://purl.org/bncf/tid/1192"/><skos:exactMatch rdf:resource="https://www.freebase.com/m/0641k"/><skos:exactMatch rdf:resource="https://g.co/kg/m/0641k"/><skos:exactMatch rdf:resource="http://vocab.getty.edu/aat/300014109"/><skos:exactMatch rdf:resource="http://iconclass.org/49L641"/><skos:exactMatch rdf:resource="http://www.yso.fi/onto/yso/p8522"/><skos:exactMatch rdf:resource="http://babelnet.org/rdf/s00060464n"/><skos:exactMatch rdf:resource="http://thesaurus.europeanafashion.eu/thesaurus/10574"/><skos:exactMatch rdf:resource="http://zbw.eu/stw/descriptor/14802-1"/><skos:exactMatch rdf:resource="http://vocabularies.unesco.org/thesaurus/concept14922"/><skos:exactMatch rdf:resource="http://dbpedia.org/resource/Paper"/></skos:Concept><skos:Concept rdf:about="http://data.europeana.eu/concept/2538"><skos:prefLabel xml:lang="de">Druckgrafik</skos:prefLabel><skos:prefLabel xml:lang="sv">Tryck</skos:prefLabel><skos:prefLabel xml:lang="fi">Grafiikka</skos:prefLabel><skos:prefLabel xml:lang="ru">Эстамп</skos:prefLabel><skos:prefLabel xml:lang="pt">Estampa</skos:prefLabel><skos:prefLabel xml:lang="bg">Печатна графика</skos:prefLabel><skos:prefLabel xml:lang="el">Εκτύπωση</skos:prefLabel><skos:prefLabel xml:lang="lt">Estampas</skos:prefLabel><skos:prefLabel xml:lang="en">Print</skos:prefLabel><skos:prefLabel xml:lang="lv">Estamps</skos:prefLabel><skos:prefLabel xml:lang="it">Stampa</skos:prefLabel><skos:prefLabel xml:lang="fr">Estampe</skos:prefLabel><skos:prefLabel xml:lang="hu">Metszet</skos:prefLabel><skos:prefLabel xml:lang="es">Estampa</skos:prefLabel><skos:prefLabel xml:lang="et">Trükipilt</skos:prefLabel><skos:prefLabel xml:lang="cs">Tisk</skos:prefLabel><skos:prefLabel xml:lang="sl">Odtis</skos:prefLabel><skos:prefLabel xml:lang="ga">Prionta</skos:prefLabel><skos:prefLabel xml:lang="pl">Sztych</skos:prefLabel><skos:prefLabel xml:lang="da">Tryk</skos:prefLabel><skos:prefLabel xml:lang="ro">Stampă</skos:prefLabel><skos:prefLabel xml:lang="nl">Prent</skos:prefLabel><skos:prefLabel xml:lang="ca">Estampa</skos:prefLabel><skos:note xml:lang="de">Werk, hergestellt durch ein grafisches Druckverfahren</skos:note><skos:note xml:lang="fi">Taideteos, joka on vedostettu erilaisilta painolevyiltä paperille tai muulle pinnalle</skos:note><skos:note xml:lang="sv">Verk framställt genom tryckning</skos:note><skos:note xml:lang="ru">Произведение искусства в виде оттиска на бумаге с печатной формы (матрицы)</skos:note><skos:note xml:lang="pt">Imagem obtida através da impressão de uma matriz artesanal</skos:note><skos:note xml:lang="en">Work of art printed from a block or plate</skos:note><skos:note xml:lang="it">Edizione</skos:note><skos:note xml:lang="fr">Œuvre d'art résultant de l’impression d’une gravure sur bois ou sur métal, ou d'un dessin sur pierre</skos:note><skos:note xml:lang="ro">Operă de artă produsă prin imprimare</skos:note><skos:note xml:lang="da">Kunstværk fremstillet ved en trykkeproces</skos:note><skos:note xml:lang="nl">Door middel van een grafisch procedé verkregen papieren afdruk</skos:note><skos:note xml:lang="es">Proceso de impresión para obtener un diseño</skos:note><skos:exactMatch rdf:resource="http://www.wikidata.org/entity/Q11060274"/><skos:exactMatch rdf:resource="http://id.loc.gov/ontologies/bibframe/Print"/><skos:exactMatch rdf:resource="https://d-nb.info/gnd/4113357-2"/><skos:exactMatch rdf:resource="http://id.ndl.go.jp/auth/ndlna/00562916"/><skos:exactMatch rdf:resource="http://vocab.getty.edu/aat/300041273"/><skos:exactMatch rdf:resource="http://iconclass.org/48C533"/><skos:exactMatch rdf:resource="http://babelnet.org/rdf/s15465928n"/><skos:exactMatch rdf:resource="http://g.co/kg/g/121sxn6v"/><skos:exactMatch rdf:resource="http://thesaurus.europeanafashion.eu/thesaurus/10419"/><skos:exactMatch rdf:resource="http://thesaurus.europeanafashion.eu/thesaurus/10305"/><skos:exactMatch rdf:resource="http://id.loc.gov/authorities/genreForms/gf2017027255"/><skos:exactMatch rdf:resource="http://dbpedia.org/resource/Art_print"/><skos:related rdf:resource="http://data.europeana.eu/concept/2955"/></skos:Concept><ore:Aggregation rdf:about="http://data.europeana.eu/aggregation/provider/2021672/resource_document_mauritshuis_1080"><edm:aggregatedCHO rdf:resource="http://data.europeana.eu/item/2021672/resource_document_mauritshuis_1080"/><edm:dataProvider rdf:resource="http://data.europeana.eu/organization/1482250000004509120"></edm:dataProvider><edm:isShownBy rdf:resource="https://www.mauritshuis.nl/media/0r3bsn4j/1080_-repro-lage-resolutie.jpg"/><edm:provider rdf:resource="http://data.europeana.eu/organization/1482250000004671093"></edm:provider><edm:rights rdf:resource="http://creativecommons.org/publicdomain/mark/1.0/"/></ore:Aggregation><ore:Proxy rdf:about="http://data.europeana.eu/proxy/provider/2021672/resource_document_mauritshuis_1080"><dc:creator>Andy Warhol</dc:creator><dc:date>1985 - 1985</dc:date><dc:format>80 cm</dc:format><dc:format>100 cm</dc:format><dc:identifier>1080</dc:identifier><dc:title xml:lang="nl-NL">Portret van koningin Beatrix</dc:title><dc:title xml:lang="en-GB">Portrait of Queen Beatrix</dc:title><dc:type xml:lang="nl-NL">prent</dc:type><dc:type xml:lang="en-GB">print</dc:type><dcterms:medium xml:lang="nl-NL">papier</dcterms:medium><dcterms:medium xml:lang="en-GB">paper</dcterms:medium><edm:europeanaProxy>false</edm:europeanaProxy><ore:proxyFor rdf:resource="http://data.europeana.eu/item/2021672/resource_document_mauritshuis_1080"/><ore:proxyIn rdf:resource="http://data.europeana.eu/aggregation/provider/2021672/resource_document_mauritshuis_1080"/><edm:type>IMAGE</edm:type></ore:Proxy><ore:Proxy rdf:about="http://data.europeana.eu/proxy/europeana/2021672/resource_document_mauritshuis_1080"><dc:date rdf:resource="#1985%2F1985"></dc:date><dc:date rdf:resource="#1985%2F1985"></dc:date><dc:identifier>resource_document_mauritshuis_1080</dc:identifier><dc:type rdf:resource="http://data.europeana.eu/concept/2538"></dc:type><dcterms:medium rdf:resource="http://data.europeana.eu/concept/2090"></dcterms:medium><edm:europeanaProxy>true</edm:europeanaProxy><ore:proxyFor rdf:resource="http://data.europeana.eu/item/2021672/resource_document_mauritshuis_1080"/><ore:proxyIn rdf:resource="http://data.europeana.eu/aggregation/europeana/2021672/resource_document_mauritshuis_1080"/><ore:lineage rdf:resource="http://data.europeana.eu/proxy/provider/2021672/resource_document_mauritshuis_1080"/><edm:type>IMAGE</edm:type></ore:Proxy><edm:EuropeanaAggregation rdf:about="http://data.europeana.eu/aggregation/europeana/2021672/resource_document_mauritshuis_1080"><edm:aggregatedCHO rdf:resource="http://data.europeana.eu/item/2021672/resource_document_mauritshuis_1080"/><edm:datasetName>2021672_Ag_NL_DigitaleCollectie_Mauritshuis</edm:datasetName><edm:country>Netherlands</edm:country><edm:preview rdf:resource="https://www.mauritshuis.nl/media/0r3bsn4j/1080_-repro-lage-resolutie.jpg"/><edm:landingPage rdf:resource="https://www.europeana.eu/item/2021672/resource_document_mauritshuis_1080"/><edm:language>nl</edm:language><edm:completeness>0</edm:completeness><dcterms:created>2017-08-02T11:48:17.475Z</dcterms:created><dcterms:modified>2023-02-28T08:45:41.077Z</dcterms:modified><dqv:hasQualityAnnotation rdf:resource="http://data.europeana.eu/item/2021672/resource_document_mauritshuis_1080#contentTier"/><dqv:hasQualityAnnotation rdf:resource="http://data.europeana.eu/item/2021672/resource_document_mauritshuis_1080#metadataTier"/></edm:EuropeanaAggregation><foaf:Organization rdf:about="http://data.europeana.eu/organization/1482250000004509120"><skos:prefLabel xml:lang="en">Mauritshuis</skos:prefLabel><skos:prefLabel xml:lang="nl">Mauritshuis</skos:prefLabel></foaf:Organization><foaf:Organization rdf:about="http://data.europeana.eu/organization/1482250000004671093"><skos:prefLabel xml:lang="en">Dutch Collections for Europe</skos:prefLabel></foaf:Organization><dqv:QualityAnnotation rdf:about="http://data.europeana.eu/item/2021672/resource_document_mauritshuis_1080#contentTier"><dcterms:created>2023-02-28T08:46:46.629093Z</dcterms:created><oa:hasTarget rdf:resource="http://data.europeana.eu/aggregation/provider/2021672/resource_document_mauritshuis_1080"/><oa:hasBody rdf:resource="http://www.europeana.eu/schemas/epf/contentTier4"/></dqv:QualityAnnotation><dqv:QualityAnnotation rdf:about="http://data.europeana.eu/item/2021672/resource_document_mauritshuis_1080#metadataTier"><dcterms:created>2023-02-28T08:46:46.629110Z</dcterms:created><oa:hasTarget rdf:resource="http://data.europeana.eu/aggregation/provider/2021672/resource_document_mauritshuis_1080"/><oa:hasBody rdf:resource="http://www.europeana.eu/schemas/epf/metadataTierA"/></dqv:QualityAnnotation></rdf:RDF>