<?xml version="1.0" encoding="UTF-8" standalone="yes"?><rdf:RDF xmlns:rdf="http://www.w3.org/1999/02/22-rdf-syntax-ns#" xmlns:dc="http://purl.org/dc/elements/1.1/" xmlns:dcterms="http://purl.org/dc/terms/" xmlns:edm="http://www.europeana.eu/schemas/edm/" xmlns:owl="http://www.w3.org/2002/07/owl#" xmlns:wgs84_pos="http://www.w3.org/2003/01/geo/wgs84_pos#" xmlns:skos="http://www.w3.org/2004/02/skos/core#" xmlns:rdaGr2="http://rdvocab.info/ElementsGr2/" xmlns:foaf="http://xmlns.com/foaf/0.1/" xmlns:ebucore="http://www.ebu.ch/metadata/ontologies/ebucore/ebucore#" xmlns:doap="http://usefulinc.com/ns/doap#" xmlns:odrl="http://www.w3.org/ns/odrl/2/" xmlns:cc="http://creativecommons.org/ns#" xmlns:ore="http://www.openarchives.org/ore/terms/" xmlns:svcs="http://rdfs.org/sioc/services#" xmlns:oa="http://www.w3.org/ns/oa#" xmlns:dqv="http://www.w3.org/ns/dqv#"><edm:ProvidedCHO rdf:about="http://data.europeana.eu/item/2021672/resource_document_mauritshuis_349"/><edm:WebResource rdf:about="https://www.mauritshuis.nl/media/z22fv4ht/0349.jpg"><ebucore:hasMimeType>image/jpeg</ebucore:hasMimeType><ebucore:fileByteSize rdf:datatype="http://www.w3.org/2001/XMLSchema#long">13825544</ebucore:fileByteSize><ebucore:width rdf:datatype="http://www.w3.org/2001/XMLSchema#integer">4753</ebucore:width><ebucore:height rdf:datatype="http://www.w3.org/2001/XMLSchema#integer">6000</ebucore:height><edm:hasColorSpace>sRGB</edm:hasColorSpace><edm:componentColor rdf:datatype="http://www.w3.org/2001/XMLSchema#hexBinary">#000000</edm:componentColor><edm:componentColor rdf:datatype="http://www.w3.org/2001/XMLSchema#hexBinary">#8B4513</edm:componentColor><edm:componentColor rdf:datatype="http://www.w3.org/2001/XMLSchema#hexBinary">#DAA520</edm:componentColor><edm:componentColor rdf:datatype="http://www.w3.org/2001/XMLSchema#hexBinary">#556B2F</edm:componentColor><edm:componentColor rdf:datatype="http://www.w3.org/2001/XMLSchema#hexBinary">#B8860B</edm:componentColor><edm:componentColor rdf:datatype="http://www.w3.org/2001/XMLSchema#hexBinary">#A0522D</edm:componentColor><ebucore:orientation rdf:datatype="http://www.w3.org/2001/XMLSchema#string">portrait</ebucore:orientation></edm:WebResource><edm:TimeSpan rdf:about="http://data.europeana.eu/timespan/15"><skos:prefLabel xml:lang="de">15. Jahrhundert</skos:prefLabel><skos:prefLabel xml:lang="ru">XV век</skos:prefLabel><skos:prefLabel xml:lang="fi">1400-luku</skos:prefLabel><skos:prefLabel xml:lang="pt">Século XV</skos:prefLabel><skos:prefLabel xml:lang="bg">15 век</skos:prefLabel><skos:prefLabel xml:lang="lt">XV amžius</skos:prefLabel><skos:prefLabel xml:lang="lv">15. gadsimts</skos:prefLabel><skos:prefLabel xml:lang="hr">15. stoljeće</skos:prefLabel><skos:prefLabel xml:lang="fr">XVe siècle</skos:prefLabel><skos:prefLabel xml:lang="hu">15. század</skos:prefLabel><skos:prefLabel xml:lang="sk">15. storočie</skos:prefLabel><skos:prefLabel xml:lang="sl">15. stoletje</skos:prefLabel><skos:prefLabel xml:lang="ga">15ú haois</skos:prefLabel><skos:prefLabel xml:lang="ca">Segle XV</skos:prefLabel><skos:prefLabel xml:lang="sv">1400-talet</skos:prefLabel><skos:prefLabel xml:lang="el">15ος αιώνας</skos:prefLabel><skos:prefLabel xml:lang="en">15th century</skos:prefLabel><skos:prefLabel xml:lang="it">XV secolo</skos:prefLabel><skos:prefLabel xml:lang="es">Siglo XV</skos:prefLabel><skos:prefLabel xml:lang="et">15. sajand</skos:prefLabel><skos:prefLabel xml:lang="eu">XV. mendea</skos:prefLabel><skos:prefLabel xml:lang="cs">15. století</skos:prefLabel><skos:prefLabel xml:lang="pl">XV wiek</skos:prefLabel><skos:prefLabel xml:lang="ro">Secolul al XV-lea</skos:prefLabel><skos:prefLabel xml:lang="da">15. århundrede</skos:prefLabel><skos:prefLabel xml:lang="nl">15e eeuw</skos:prefLabel><skos:altLabel xml:lang="sv">15:e århundradet</skos:altLabel><skos:altLabel xml:lang="sv">15:e seklet</skos:altLabel><skos:altLabel xml:lang="sv">1400-tal</skos:altLabel><skos:altLabel xml:lang="sv">1400-talet (århundrade)</skos:altLabel><skos:altLabel xml:lang="sv">1400-talet (sekel)</skos:altLabel><skos:altLabel xml:lang="ru">15 век</skos:altLabel><skos:altLabel xml:lang="en">15th-century</skos:altLabel><skos:altLabel xml:lang="en">15th-century</skos:altLabel><skos:altLabel xml:lang="en">Quatro Cento</skos:altLabel><skos:altLabel xml:lang="it">Quattrocento</skos:altLabel><skos:altLabel xml:lang="it">15° secolo</skos:altLabel><skos:altLabel xml:lang="it">Secolo XV</skos:altLabel><skos:altLabel xml:lang="it">XV Secolo</skos:altLabel><skos:altLabel xml:lang="it">Quindicesimo secolo</skos:altLabel><skos:altLabel xml:lang="it">XV secolo d.C</skos:altLabel><skos:altLabel xml:lang="it">Quattrocento</skos:altLabel><skos:altLabel xml:lang="fr">15e siècle</skos:altLabel><edm:begin>1401-01-01</edm:begin><edm:end>1500-01-01</edm:end><owl:sameAs rdf:resource="http://www.wikidata.org/entity/Q7018"/><owl:sameAs rdf:resource="http://id.loc.gov/authorities/names/sh85048142"/><owl:sameAs rdf:resource="http://id.nlm.nih.gov/mesh/D049668"/><owl:sameAs rdf:resource="https://www.freebase.com/m/08b1m"/><owl:sameAs rdf:resource="https://g.co/kg/m/08b1m"/><owl:sameAs rdf:resource="http://vocab.getty.edu/aat/300404465"/><owl:sameAs rdf:resource="http://babelnet.org/rdf/s02814426n"/><owl:sameAs rdf:resource="http://dbpedia.org/resource/15th_century"/></edm:TimeSpan><edm:TimeSpan rdf:about="http://data.europeana.eu/timespan/16"><skos:prefLabel xml:lang="de">16. Jahrhundert</skos:prefLabel><skos:prefLabel xml:lang="fi">1500-luku</skos:prefLabel><skos:prefLabel xml:lang="ru">XVI век</skos:prefLabel><skos:prefLabel xml:lang="pt">Século XVI</skos:prefLabel><skos:prefLabel xml:lang="bg">16 век</skos:prefLabel><skos:prefLabel xml:lang="lt">XVI amžius</skos:prefLabel><skos:prefLabel xml:lang="lv">16. gadsimts</skos:prefLabel><skos:prefLabel xml:lang="hr">16. stoljeće</skos:prefLabel><skos:prefLabel xml:lang="fr">XVIe siècle</skos:prefLabel><skos:prefLabel xml:lang="hu">16. század</skos:prefLabel><skos:prefLabel xml:lang="sk">16. storočie</skos:prefLabel><skos:prefLabel xml:lang="sl">16. stoletje</skos:prefLabel><skos:prefLabel xml:lang="ga">16ú haois</skos:prefLabel><skos:prefLabel xml:lang="ca">Segle XVI</skos:prefLabel><skos:prefLabel xml:lang="sv">1500-talet</skos:prefLabel><skos:prefLabel xml:lang="el">16ος αιώνας</skos:prefLabel><skos:prefLabel xml:lang="en">16th century</skos:prefLabel><skos:prefLabel xml:lang="it">XVI secolo</skos:prefLabel><skos:prefLabel xml:lang="es">Siglo XVI</skos:prefLabel><skos:prefLabel xml:lang="et">16. sajand</skos:prefLabel><skos:prefLabel xml:lang="eu">XVI. mendea</skos:prefLabel><skos:prefLabel xml:lang="cs">16. století</skos:prefLabel><skos:prefLabel xml:lang="pl">XVI wiek</skos:prefLabel><skos:prefLabel xml:lang="ro">Secolul al XVI-lea</skos:prefLabel><skos:prefLabel xml:lang="da">16. århundrede</skos:prefLabel><skos:prefLabel xml:lang="nl">16e eeuw</skos:prefLabel><skos:altLabel xml:lang="sv">1500-tal</skos:altLabel><skos:altLabel xml:lang="sv">16:e århundradet</skos:altLabel><skos:altLabel xml:lang="sv">16:e seklet</skos:altLabel><skos:altLabel xml:lang="sv">1500-talet (århundrade)</skos:altLabel><skos:altLabel xml:lang="sv">1500-talet (sekel)</skos:altLabel><skos:altLabel xml:lang="ru">16 век</skos:altLabel><skos:altLabel xml:lang="en">16th-century</skos:altLabel><skos:altLabel xml:lang="en">16th-century</skos:altLabel><skos:altLabel xml:lang="it">Cinquecento</skos:altLabel><skos:altLabel xml:lang="it">16° secolo</skos:altLabel><skos:altLabel xml:lang="it">Secolo XVI</skos:altLabel><skos:altLabel xml:lang="it">Cinquecento</skos:altLabel><skos:altLabel xml:lang="it">XVI Secolo</skos:altLabel><skos:altLabel xml:lang="it">Sedicesimo secolo</skos:altLabel><skos:altLabel xml:lang="it">'500</skos:altLabel><skos:altLabel xml:lang="fr">16e siècle</skos:altLabel><edm:begin>1501-01-11</edm:begin><edm:end>1600-12-31</edm:end><owl:sameAs rdf:resource="http://www.wikidata.org/entity/Q7017"/><owl:sameAs rdf:resource="http://id.loc.gov/authorities/names/sh85123070"/><owl:sameAs rdf:resource="http://id.nlm.nih.gov/mesh/D049669"/><owl:sameAs rdf:resource="https://www.freebase.com/m/08b23"/><owl:sameAs rdf:resource="https://g.co/kg/m/08b23"/><owl:sameAs rdf:resource="http://vocab.getty.edu/aat/300404510"/><owl:sameAs rdf:resource="http://babelnet.org/rdf/s02814512n"/><owl:sameAs rdf:resource="http://dbpedia.org/resource/16th_century"/></edm:TimeSpan><edm:TimeSpan rdf:about="#1500%2F1550"><skos:prefLabel xml:lang="zxx">1500/1550</skos:prefLabel><dcterms:isPartOf rdf:resource="http://data.europeana.eu/timespan/15"></dcterms:isPartOf><dcterms:isPartOf rdf:resource="http://data.europeana.eu/timespan/16"></dcterms:isPartOf><edm:begin>1500-01-01</edm:begin><edm:end>1550-12-31</edm:end></edm:TimeSpan><skos:Concept rdf:about="http://data.europeana.eu/concept/2728"><skos:prefLabel xml:lang="de">Leinwand</skos:prefLabel><skos:prefLabel xml:lang="fi">Kangas</skos:prefLabel><skos:prefLabel xml:lang="ru">Холст</skos:prefLabel><skos:prefLabel xml:lang="pt">Tela</skos:prefLabel><skos:prefLabel xml:lang="bg">Брезент</skos:prefLabel><skos:prefLabel xml:lang="lt">Drobė</skos:prefLabel><skos:prefLabel xml:lang="lv">Audekls</skos:prefLabel><skos:prefLabel xml:lang="fr">Toile</skos:prefLabel><skos:prefLabel xml:lang="hu">Vászon</skos:prefLabel><skos:prefLabel xml:lang="sk">Plátno</skos:prefLabel><skos:prefLabel xml:lang="sl">Platno</skos:prefLabel><skos:prefLabel xml:lang="ga">Canbhás</skos:prefLabel><skos:prefLabel xml:lang="ca">Llenç</skos:prefLabel><skos:prefLabel xml:lang="sv">Kanvas</skos:prefLabel><skos:prefLabel xml:lang="el">Μουσαμάς</skos:prefLabel><skos:prefLabel xml:lang="en">Canvas</skos:prefLabel><skos:prefLabel xml:lang="it">Canovaccio</skos:prefLabel><skos:prefLabel xml:lang="es">Lienzo</skos:prefLabel><skos:prefLabel xml:lang="et">Lõuend</skos:prefLabel><skos:prefLabel xml:lang="cs">Plátno</skos:prefLabel><skos:prefLabel xml:lang="eu">Mihise</skos:prefLabel><skos:prefLabel xml:lang="pl">Kanwa</skos:prefLabel><skos:prefLabel xml:lang="ro">Pânză</skos:prefLabel><skos:prefLabel xml:lang="da">Lærred</skos:prefLabel><skos:prefLabel xml:lang="nl">Canvas</skos:prefLabel><skos:note xml:lang="de">Material für Leinwände, Segel und Kleidung</skos:note><skos:note xml:lang="sv">Tygmaterial</skos:note><skos:note xml:lang="ru">Плотная ткань</skos:note><skos:note xml:lang="en">Extremely heavy-duty plain-woven fabric</skos:note><skos:note xml:lang="it">Tessuto con armatura in tela, dalla trama larga e grossolana</skos:note><skos:note xml:lang="fr">Pièce de tissu résistante</skos:note><skos:note xml:lang="es">Tela extremadamente resistente utilizada en velas, lonas, mochilas, obras pictóricas...</skos:note><skos:note xml:lang="cs">Druh tkaniny</skos:note><skos:note xml:lang="eu">Iraupen handiko ehuna, bizkar zorroetan, itsasontzietarako beletan, lonetan... erabilia</skos:note><skos:note xml:lang="pl">Rodzaj wyjątkowo wytrzymałej, gładkiej tkaniny używanej w malarstwie olejnym</skos:note><skos:note xml:lang="da">Glat vævede stoffer</skos:note><skos:note xml:lang="ca">Tela que serveix de suport per a treballs pictòrics</skos:note><skos:note xml:lang="nl">Stevig weefsel van hennep, vlas of katoen</skos:note><skos:exactMatch rdf:resource="http://www.wikidata.org/entity/Q4259259"/><skos:exactMatch rdf:resource="https://www.freebase.com/m/0jmpt"/><skos:exactMatch rdf:resource="https://g.co/kg/m/0jmpt"/><skos:exactMatch rdf:resource="http://babelnet.org/rdf/s00015381n"/><skos:exactMatch rdf:resource="http://thesaurus.europeanafashion.eu/thesaurus/10376"/><skos:exactMatch rdf:resource="http://dbpedia.org/resource/Canvas"/></skos:Concept><skos:Concept rdf:about="http://data.europeana.eu/concept/1808"><skos:prefLabel xml:lang="de">Leder</skos:prefLabel><skos:prefLabel xml:lang="ru">Кожа</skos:prefLabel><skos:prefLabel xml:lang="fi">Nahka</skos:prefLabel><skos:prefLabel xml:lang="pt">Couro</skos:prefLabel><skos:prefLabel xml:lang="bg">Кожа</skos:prefLabel><skos:prefLabel xml:lang="lt">Oda</skos:prefLabel><skos:prefLabel xml:lang="lv">Āda</skos:prefLabel><skos:prefLabel xml:lang="hr">Koža</skos:prefLabel><skos:prefLabel xml:lang="fr">Cuir</skos:prefLabel><skos:prefLabel xml:lang="hu">Bőr</skos:prefLabel><skos:prefLabel xml:lang="sl">Usnje</skos:prefLabel><skos:prefLabel xml:lang="ga">Leathar</skos:prefLabel><skos:prefLabel xml:lang="ca">Cuir</skos:prefLabel><skos:prefLabel xml:lang="sv">Läder</skos:prefLabel><skos:prefLabel xml:lang="el">Ζωικό δέρμα</skos:prefLabel><skos:prefLabel xml:lang="en">Leather</skos:prefLabel><skos:prefLabel xml:lang="it">Cuoio</skos:prefLabel><skos:prefLabel xml:lang="es">Cuero</skos:prefLabel><skos:prefLabel xml:lang="et">Nahk</skos:prefLabel><skos:prefLabel xml:lang="eu">Larru</skos:prefLabel><skos:prefLabel xml:lang="cs">Kůže</skos:prefLabel><skos:prefLabel xml:lang="pl">Skóra</skos:prefLabel><skos:prefLabel xml:lang="ro">Piele</skos:prefLabel><skos:prefLabel xml:lang="da">Læder</skos:prefLabel><skos:prefLabel xml:lang="nl">Leer</skos:prefLabel><skos:note xml:lang="de">Durch Gerbung haltbar gemachte Tierhaut</skos:note><skos:note xml:lang="fi">Eläinten vuodista valmistettu materiaali</skos:note><skos:note xml:lang="ru">Прочный и гибкий материал, получаемый выделкой шкур</skos:note><skos:note xml:lang="pt">Material durável e flexível obtido pelo curtimento do couro cru e pele animal</skos:note><skos:note xml:lang="bg">Материал</skos:note><skos:note xml:lang="en">Durable and flexible material created by the tanning of animal rawhide and skin</skos:note><skos:note xml:lang="it">Materiale ricavato dalla pelle degli animali</skos:note><skos:note xml:lang="fr">Matière organique durable et flexible fabriquée par le tannage d'une peau</skos:note><skos:note xml:lang="hu">Állatbőr cserzésével előállított tartós, rugalmas anyag</skos:note><skos:note xml:lang="ca">Pell d'animal adobada</skos:note><skos:note xml:lang="nl">Materiaal uit dierenhuiden</skos:note><skos:note xml:lang="es">Material durable y flexible obtenido de la piel que cubre a los animales</skos:note><skos:broader rdf:resource="http://data.europeana.eu/concept/1985"/><skos:exactMatch rdf:resource="http://www.wikidata.org/entity/Q286"/><skos:exactMatch rdf:resource="https://archwort.dainst.org/de/term/2325"/><skos:exactMatch rdf:resource="https://d-nb.info/gnd/4034974-3"/><skos:exactMatch rdf:resource="http://id.loc.gov/authorities/names/sh85075573"/><skos:exactMatch rdf:resource="http://data.bnf.fr/ark:/12148/cb119766770"/><skos:exactMatch rdf:resource="http://id.ndl.go.jp/auth/ndlna/00563164"/><skos:exactMatch rdf:resource="http://purl.org/bncf/tid/297"/><skos:exactMatch rdf:resource="https://www.freebase.com/m/04lbp"/><skos:exactMatch rdf:resource="https://g.co/kg/m/04lbp"/><skos:exactMatch rdf:resource="http://vocab.getty.edu/aat/300011845"/><skos:exactMatch rdf:resource="http://www.yso.fi/onto/yso/p6633"/><skos:exactMatch rdf:resource="http://babelnet.org/rdf/s00050452n"/><skos:exactMatch rdf:resource="http://thesaurus.europeanafashion.eu/thesaurus/10504"/><skos:exactMatch rdf:resource="http://zbw.eu/stw/descriptor/14829-2"/><skos:exactMatch rdf:resource="http://vocabularies.unesco.org/thesaurus/concept2437"/><skos:exactMatch rdf:resource="http://dbpedia.org/resource/Leather"/></skos:Concept><ore:Aggregation rdf:about="http://data.europeana.eu/aggregation/provider/2021672/resource_document_mauritshuis_349"><edm:aggregatedCHO rdf:resource="http://data.europeana.eu/item/2021672/resource_document_mauritshuis_349"/><edm:dataProvider rdf:resource="http://data.europeana.eu/organization/1482250000004509120"></edm:dataProvider><edm:isShownBy rdf:resource="https://www.mauritshuis.nl/media/z22fv4ht/0349.jpg"/><edm:provider rdf:resource="http://data.europeana.eu/organization/1482250000004671093"></edm:provider><edm:rights rdf:resource="http://creativecommons.org/publicdomain/mark/1.0/"/></ore:Aggregation><ore:Proxy rdf:about="http://data.europeana.eu/proxy/europeana/2021672/resource_document_mauritshuis_349"><dc:date rdf:resource="#1500%2F1550"></dc:date><dc:date rdf:resource="#1500%2F1550"></dc:date><dc:identifier>resource_document_mauritshuis_349</dc:identifier><dcterms:medium rdf:resource="http://data.europeana.eu/concept/2728"></dcterms:medium><dcterms:medium rdf:resource="http://data.europeana.eu/concept/1808"></dcterms:medium><edm:europeanaProxy>true</edm:europeanaProxy><ore:proxyFor rdf:resource="http://data.europeana.eu/item/2021672/resource_document_mauritshuis_349"/><ore:proxyIn rdf:resource="http://data.europeana.eu/aggregation/europeana/2021672/resource_document_mauritshuis_349"/><ore:lineage rdf:resource="http://data.europeana.eu/proxy/provider/2021672/resource_document_mauritshuis_349"/><edm:type>IMAGE</edm:type></ore:Proxy><ore:Proxy rdf:about="http://data.europeana.eu/proxy/provider/2021672/resource_document_mauritshuis_349"><dc:creator>Anonymous (Italy)</dc:creator><dc:creator>Anoniem (Italië)</dc:creator><dc:date>1550 - 1500</dc:date><dc:format>51.3 cm</dc:format><dc:format>67.5 cm</dc:format><dc:identifier>349</dc:identifier><dc:title xml:lang="nl-NL">Vrouwelijke figuur (Een godin?)</dc:title><dc:title xml:lang="en-GB">Female Figure (A Goddess?)</dc:title><dc:type xml:lang="nl-NL">schilderij</dc:type><dc:type xml:lang="en-GB">painting</dc:type><dcterms:medium xml:lang="nl-NL">leer</dcterms:medium><dcterms:medium xml:lang="nl-NL">doek</dcterms:medium><dcterms:medium xml:lang="en-GB">leather</dcterms:medium><dcterms:medium xml:lang="en-GB">canvas</dcterms:medium><edm:europeanaProxy>false</edm:europeanaProxy><ore:proxyFor rdf:resource="http://data.europeana.eu/item/2021672/resource_document_mauritshuis_349"/><ore:proxyIn rdf:resource="http://data.europeana.eu/aggregation/provider/2021672/resource_document_mauritshuis_349"/><edm:type>IMAGE</edm:type></ore:Proxy><edm:EuropeanaAggregation rdf:about="http://data.europeana.eu/aggregation/europeana/2021672/resource_document_mauritshuis_349"><edm:aggregatedCHO rdf:resource="http://data.europeana.eu/item/2021672/resource_document_mauritshuis_349"/><edm:datasetName>2021672_Ag_NL_DigitaleCollectie_Mauritshuis</edm:datasetName><edm:country>Netherlands</edm:country><edm:preview rdf:resource="https://www.mauritshuis.nl/media/z22fv4ht/0349.jpg"/><edm:landingPage rdf:resource="https://www.europeana.eu/item/2021672/resource_document_mauritshuis_349"/><edm:language>nl</edm:language><edm:completeness>0</edm:completeness><dcterms:created>2017-08-02T11:48:22.233Z</dcterms:created><dcterms:modified>2023-02-28T08:45:41.077Z</dcterms:modified><dqv:hasQualityAnnotation rdf:resource="http://data.europeana.eu/item/2021672/resource_document_mauritshuis_349#contentTier"/><dqv:hasQualityAnnotation rdf:resource="http://data.europeana.eu/item/2021672/resource_document_mauritshuis_349#metadataTier"/></edm:EuropeanaAggregation><foaf:Organization rdf:about="http://data.europeana.eu/organization/1482250000004509120"><skos:prefLabel xml:lang="en">Mauritshuis</skos:prefLabel><skos:prefLabel xml:lang="nl">Mauritshuis</skos:prefLabel></foaf:Organization><foaf:Organization rdf:about="http://data.europeana.eu/organization/1482250000004671093"><skos:prefLabel xml:lang="en">Dutch Collections for Europe</skos:prefLabel></foaf:Organization><dqv:QualityAnnotation rdf:about="http://data.europeana.eu/item/2021672/resource_document_mauritshuis_349#contentTier"><dcterms:created>2023-02-28T08:46:52.154303Z</dcterms:created><oa:hasTarget rdf:resource="http://data.europeana.eu/aggregation/provider/2021672/resource_document_mauritshuis_349"/><oa:hasBody rdf:resource="http://www.europeana.eu/schemas/epf/contentTier4"/></dqv:QualityAnnotation><dqv:QualityAnnotation rdf:about="http://data.europeana.eu/item/2021672/resource_document_mauritshuis_349#metadataTier"><dcterms:created>2023-02-28T08:46:52.154326Z</dcterms:created><oa:hasTarget rdf:resource="http://data.europeana.eu/aggregation/provider/2021672/resource_document_mauritshuis_349"/><oa:hasBody rdf:resource="http://www.europeana.eu/schemas/epf/metadataTierA"/></dqv:QualityAnnotation></rdf:RDF>