<?xml version="1.0" encoding="UTF-8" standalone="yes"?><rdf:RDF xmlns:rdf="http://www.w3.org/1999/02/22-rdf-syntax-ns#" xmlns:dc="http://purl.org/dc/elements/1.1/" xmlns:dcterms="http://purl.org/dc/terms/" xmlns:edm="http://www.europeana.eu/schemas/edm/" xmlns:owl="http://www.w3.org/2002/07/owl#" xmlns:wgs84_pos="http://www.w3.org/2003/01/geo/wgs84_pos#" xmlns:skos="http://www.w3.org/2004/02/skos/core#" xmlns:rdaGr2="http://rdvocab.info/ElementsGr2/" xmlns:foaf="http://xmlns.com/foaf/0.1/" xmlns:ebucore="http://www.ebu.ch/metadata/ontologies/ebucore/ebucore#" xmlns:doap="http://usefulinc.com/ns/doap#" xmlns:odrl="http://www.w3.org/ns/odrl/2/" xmlns:cc="http://creativecommons.org/ns#" xmlns:ore="http://www.openarchives.org/ore/terms/" xmlns:svcs="http://rdfs.org/sioc/services#" xmlns:oa="http://www.w3.org/ns/oa#" xmlns:dqv="http://www.w3.org/ns/dqv#"><edm:ProvidedCHO rdf:about="http://data.europeana.eu/item/2021672/resource_document_mauritshuis_192"/><edm:WebResource rdf:about="https://www.mauritshuis.nl/media/yv3blctl/0192_repro.jpg"><ebucore:hasMimeType>image/jpeg</ebucore:hasMimeType><ebucore:fileByteSize rdf:datatype="http://www.w3.org/2001/XMLSchema#long">7725148</ebucore:fileByteSize><ebucore:width rdf:datatype="http://www.w3.org/2001/XMLSchema#integer">6000</ebucore:width><ebucore:height rdf:datatype="http://www.w3.org/2001/XMLSchema#integer">4525</ebucore:height><edm:hasColorSpace>sRGB</edm:hasColorSpace><edm:componentColor rdf:datatype="http://www.w3.org/2001/XMLSchema#hexBinary">#C0C0C0</edm:componentColor><edm:componentColor rdf:datatype="http://www.w3.org/2001/XMLSchema#hexBinary">#696969</edm:componentColor><edm:componentColor rdf:datatype="http://www.w3.org/2001/XMLSchema#hexBinary">#778899</edm:componentColor><edm:componentColor rdf:datatype="http://www.w3.org/2001/XMLSchema#hexBinary">#E9967A</edm:componentColor><edm:componentColor rdf:datatype="http://www.w3.org/2001/XMLSchema#hexBinary">#A9A9A9</edm:componentColor><edm:componentColor rdf:datatype="http://www.w3.org/2001/XMLSchema#hexBinary">#FFE4C4</edm:componentColor><ebucore:orientation rdf:datatype="http://www.w3.org/2001/XMLSchema#string">landscape</ebucore:orientation></edm:WebResource><skos:Concept rdf:about="http://data.europeana.eu/concept/224"><skos:prefLabel xml:lang="de">Pastellkreiden</skos:prefLabel><skos:prefLabel xml:lang="sv">Pastell</skos:prefLabel><skos:prefLabel xml:lang="fi">Pastelliliitu</skos:prefLabel><skos:prefLabel xml:lang="ru">Пастель</skos:prefLabel><skos:prefLabel xml:lang="pt">Pastel</skos:prefLabel><skos:prefLabel xml:lang="el">Παστέλ</skos:prefLabel><skos:prefLabel xml:lang="lt">Pastelė</skos:prefLabel><skos:prefLabel xml:lang="en">Pastel</skos:prefLabel><skos:prefLabel xml:lang="hr">Pastel</skos:prefLabel><skos:prefLabel xml:lang="lv">Pastelis</skos:prefLabel><skos:prefLabel xml:lang="it">Pastello</skos:prefLabel><skos:prefLabel xml:lang="fr">Pastel</skos:prefLabel><skos:prefLabel xml:lang="hu">Pasztell</skos:prefLabel><skos:prefLabel xml:lang="es">Pastel</skos:prefLabel><skos:prefLabel xml:lang="et">Pastell</skos:prefLabel><skos:prefLabel xml:lang="cs">Pastel</skos:prefLabel><skos:prefLabel xml:lang="eu">Pastel (pintura)</skos:prefLabel><skos:prefLabel xml:lang="sl">Pastel</skos:prefLabel><skos:prefLabel xml:lang="ga">Pastal</skos:prefLabel><skos:prefLabel xml:lang="pl">Pastel</skos:prefLabel><skos:prefLabel xml:lang="ro">Pastel</skos:prefLabel><skos:prefLabel xml:lang="da">Pastelmaleri</skos:prefLabel><skos:prefLabel xml:lang="nl">Pastelkrijt</skos:prefLabel><skos:prefLabel xml:lang="ca">Pastel</skos:prefLabel><skos:note xml:lang="de">Material für den Farbauftrag in der Pastellmalerei und -zeichnung.</skos:note><skos:note xml:lang="ru">Наименование художественного материала и техники рисунка</skos:note><skos:note xml:lang="fi">Maalaus- tai piirustustarvike</skos:note><skos:note xml:lang="en">Painting or drawing material to color a painting surface</skos:note><skos:note xml:lang="it">Materiale artistico per colorare</skos:note><skos:note xml:lang="pl">Materiał malarski</skos:note><skos:note xml:lang="fr">Matériau de dessin et de peinture et la technique</skos:note><skos:note xml:lang="da">Kunst materialer</skos:note><skos:note xml:lang="es">Material artístico para pintura o dibujo</skos:note><skos:exactMatch rdf:resource="http://www.wikidata.org/entity/Q189085"/><skos:exactMatch rdf:resource="http://id.loc.gov/authorities/names/sh85098548"/><skos:exactMatch rdf:resource="http://data.bnf.fr/ark:/12148/cb12182417k"/><skos:exactMatch rdf:resource="http://purl.org/bncf/tid/5135"/><skos:exactMatch rdf:resource="https://www.freebase.com/m/0642x"/><skos:exactMatch rdf:resource="https://g.co/kg/m/0642x"/><skos:exactMatch rdf:resource="http://vocab.getty.edu/aat/300122621"/><skos:exactMatch rdf:resource="http://babelnet.org/rdf/s14095772n"/><skos:exactMatch rdf:resource="http://dbpedia.org/resource/Pastel"/></skos:Concept><ore:Aggregation rdf:about="http://data.europeana.eu/aggregation/provider/2021672/resource_document_mauritshuis_192"><edm:aggregatedCHO rdf:resource="http://data.europeana.eu/item/2021672/resource_document_mauritshuis_192"/><edm:dataProvider rdf:resource="http://data.europeana.eu/organization/1482250000004509120"></edm:dataProvider><edm:isShownBy rdf:resource="https://www.mauritshuis.nl/media/yv3blctl/0192_repro.jpg"/><edm:provider rdf:resource="http://data.europeana.eu/organization/1482250000004671093"></edm:provider><edm:rights rdf:resource="http://creativecommons.org/publicdomain/mark/1.0/"/></ore:Aggregation><ore:Proxy rdf:about="http://data.europeana.eu/proxy/europeana/2021672/resource_document_mauritshuis_192"><dc:identifier>resource_document_mauritshuis_192</dc:identifier><dc:type rdf:resource="http://data.europeana.eu/concept/224"></dc:type><edm:europeanaProxy>true</edm:europeanaProxy><ore:proxyFor rdf:resource="http://data.europeana.eu/item/2021672/resource_document_mauritshuis_192"/><ore:proxyIn rdf:resource="http://data.europeana.eu/aggregation/europeana/2021672/resource_document_mauritshuis_192"/><ore:lineage rdf:resource="http://data.europeana.eu/proxy/provider/2021672/resource_document_mauritshuis_192"/><edm:type>IMAGE</edm:type></ore:Proxy><ore:Proxy rdf:about="http://data.europeana.eu/proxy/provider/2021672/resource_document_mauritshuis_192"><dc:creator>Cornelis Troost</dc:creator><dc:description xml:lang="nl-NL">Cornelis Troost was de belangrijkste Hollandse schilder van de 18de eeuw. Hij was afkomstig uit het theater en schilderde verhalende voorstellingen met veel geestige details. Hier is te zien hoe op Driekoningen (6 januari) een groepje langs de deuren gaat. Ze hebben zich verkleed als de koningen uit het kerstverhaal, zingen het sterrelied en dragen een verlichte ster mee. Moeders zijn met hun kinderen het huis uit gekomen om naar het glanzende licht van de ster te kijken. Troost werkte veel met gouache (dekkende waterverf met Arabisch gom) en pastel (zacht krijt), een techniek die heel populair was in de 18de eeuw.</dc:description><dc:description xml:lang="en-GB">Cornelis Troost was the leading Dutch painter of the eighteenth century. He had a theatrical background and painted narrative scenes filled with humorous details. Here we see a group of people going from house to house as they celebrate Epiphany, known in the Netherlands as Driekoningen (Three Kings). The revellers, who are dressed as the Three Kings of the Christmas story, sing traditional songs and carry a star-shaped lantern. Mothers have come out of their houses with their children to wonder at the gleaming light emanating from the star. Troost often worked with gouache (opaque watercolour with gum arabic) and pastel (soft chalk), a technique that was particularly popular in the eighteenth century.</dc:description><dc:format>56.9 cm</dc:format><dc:format>75.7 cm</dc:format><dc:identifier>192</dc:identifier><dc:title xml:lang="nl-NL">Het zingen bij de ster op Driekoningen</dc:title><dc:title xml:lang="en-GB">Singing Round the Star on Twelfth Night</dc:title><dc:type xml:lang="nl-NL">pastel</dc:type><dc:type xml:lang="en-GB">pastel</dc:type><dcterms:medium xml:lang="nl-NL">papier op paneel</dcterms:medium><dcterms:medium xml:lang="en-GB">paper on panel</dcterms:medium><edm:europeanaProxy>false</edm:europeanaProxy><ore:proxyFor rdf:resource="http://data.europeana.eu/item/2021672/resource_document_mauritshuis_192"/><ore:proxyIn rdf:resource="http://data.europeana.eu/aggregation/provider/2021672/resource_document_mauritshuis_192"/><edm:type>IMAGE</edm:type></ore:Proxy><edm:EuropeanaAggregation rdf:about="http://data.europeana.eu/aggregation/europeana/2021672/resource_document_mauritshuis_192"><edm:aggregatedCHO rdf:resource="http://data.europeana.eu/item/2021672/resource_document_mauritshuis_192"/><edm:datasetName>2021672_Ag_NL_DigitaleCollectie_Mauritshuis</edm:datasetName><edm:country>Netherlands</edm:country><edm:preview rdf:resource="https://www.mauritshuis.nl/media/yv3blctl/0192_repro.jpg"/><edm:landingPage rdf:resource="https://www.europeana.eu/item/2021672/resource_document_mauritshuis_192"/><edm:language>nl</edm:language><edm:completeness>0</edm:completeness><dcterms:created>2017-08-02T11:48:21.300Z</dcterms:created><dcterms:modified>2023-02-28T08:45:41.077Z</dcterms:modified><dqv:hasQualityAnnotation rdf:resource="http://data.europeana.eu/item/2021672/resource_document_mauritshuis_192#contentTier"/><dqv:hasQualityAnnotation rdf:resource="http://data.europeana.eu/item/2021672/resource_document_mauritshuis_192#metadataTier"/></edm:EuropeanaAggregation><foaf:Organization rdf:about="http://data.europeana.eu/organization/1482250000004509120"><skos:prefLabel xml:lang="en">Mauritshuis</skos:prefLabel><skos:prefLabel xml:lang="nl">Mauritshuis</skos:prefLabel></foaf:Organization><foaf:Organization rdf:about="http://data.europeana.eu/organization/1482250000004671093"><skos:prefLabel xml:lang="en">Dutch Collections for Europe</skos:prefLabel></foaf:Organization><dqv:QualityAnnotation rdf:about="http://data.europeana.eu/item/2021672/resource_document_mauritshuis_192#contentTier"><dcterms:created>2023-02-28T08:46:52.952684Z</dcterms:created><oa:hasTarget rdf:resource="http://data.europeana.eu/aggregation/provider/2021672/resource_document_mauritshuis_192"/><oa:hasBody rdf:resource="http://www.europeana.eu/schemas/epf/contentTier4"/></dqv:QualityAnnotation><dqv:QualityAnnotation rdf:about="http://data.europeana.eu/item/2021672/resource_document_mauritshuis_192#metadataTier"><dcterms:created>2023-02-28T08:46:52.952740Z</dcterms:created><oa:hasTarget rdf:resource="http://data.europeana.eu/aggregation/provider/2021672/resource_document_mauritshuis_192"/><oa:hasBody rdf:resource="http://www.europeana.eu/schemas/epf/metadataTierA"/></dqv:QualityAnnotation></rdf:RDF>