<?xml version="1.0" encoding="UTF-8" standalone="yes"?><rdf:RDF xmlns:rdf="http://www.w3.org/1999/02/22-rdf-syntax-ns#" xmlns:dc="http://purl.org/dc/elements/1.1/" xmlns:dcterms="http://purl.org/dc/terms/" xmlns:edm="http://www.europeana.eu/schemas/edm/" xmlns:owl="http://www.w3.org/2002/07/owl#" xmlns:wgs84_pos="http://www.w3.org/2003/01/geo/wgs84_pos#" xmlns:skos="http://www.w3.org/2004/02/skos/core#" xmlns:rdaGr2="http://rdvocab.info/ElementsGr2/" xmlns:foaf="http://xmlns.com/foaf/0.1/" xmlns:ebucore="http://www.ebu.ch/metadata/ontologies/ebucore/ebucore#" xmlns:doap="http://usefulinc.com/ns/doap#" xmlns:odrl="http://www.w3.org/ns/odrl/2/" xmlns:cc="http://creativecommons.org/ns#" xmlns:ore="http://www.openarchives.org/ore/terms/" xmlns:svcs="http://rdfs.org/sioc/services#" xmlns:oa="http://www.w3.org/ns/oa#" xmlns:dqv="http://www.w3.org/ns/dqv#"><edm:ProvidedCHO rdf:about="http://data.europeana.eu/item/2021672/resource_document_mauritshuis_113"/><edm:WebResource rdf:about="https://www.mauritshuis.nl/media/1fhkvta3/0113_repro.jpg"><ebucore:hasMimeType>image/jpeg</ebucore:hasMimeType><ebucore:fileByteSize rdf:datatype="http://www.w3.org/2001/XMLSchema#long">9891922</ebucore:fileByteSize><ebucore:width rdf:datatype="http://www.w3.org/2001/XMLSchema#integer">4802</ebucore:width><ebucore:height rdf:datatype="http://www.w3.org/2001/XMLSchema#integer">6000</ebucore:height><edm:hasColorSpace>sRGB</edm:hasColorSpace><edm:componentColor rdf:datatype="http://www.w3.org/2001/XMLSchema#hexBinary">#BC8F8F</edm:componentColor><edm:componentColor rdf:datatype="http://www.w3.org/2001/XMLSchema#hexBinary">#000000</edm:componentColor><edm:componentColor rdf:datatype="http://www.w3.org/2001/XMLSchema#hexBinary">#B8860B</edm:componentColor><edm:componentColor rdf:datatype="http://www.w3.org/2001/XMLSchema#hexBinary">#F5DEB3</edm:componentColor><edm:componentColor rdf:datatype="http://www.w3.org/2001/XMLSchema#hexBinary">#DEB887</edm:componentColor><edm:componentColor rdf:datatype="http://www.w3.org/2001/XMLSchema#hexBinary">#800000</edm:componentColor><ebucore:orientation rdf:datatype="http://www.w3.org/2001/XMLSchema#string">portrait</ebucore:orientation></edm:WebResource><edm:TimeSpan rdf:about="#1663%2F1663"><skos:prefLabel xml:lang="zxx">1663/1663</skos:prefLabel><dcterms:isPartOf rdf:resource="http://data.europeana.eu/timespan/17"></dcterms:isPartOf><edm:begin>1663-01-01</edm:begin><edm:end>1663-12-31</edm:end></edm:TimeSpan><edm:TimeSpan rdf:about="http://data.europeana.eu/timespan/17"><skos:prefLabel xml:lang="de">17. Jahrhundert</skos:prefLabel><skos:prefLabel xml:lang="ru">XVII век</skos:prefLabel><skos:prefLabel xml:lang="fi">1600-luku</skos:prefLabel><skos:prefLabel xml:lang="pt">Século XVII</skos:prefLabel><skos:prefLabel xml:lang="bg">17 век</skos:prefLabel><skos:prefLabel xml:lang="lt">XVII amžius</skos:prefLabel><skos:prefLabel xml:lang="lv">17. gadsimts</skos:prefLabel><skos:prefLabel xml:lang="hr">17. stoljeće</skos:prefLabel><skos:prefLabel xml:lang="fr">XVIIe siècle</skos:prefLabel><skos:prefLabel xml:lang="hu">17. század</skos:prefLabel><skos:prefLabel xml:lang="sk">17. storočie</skos:prefLabel><skos:prefLabel xml:lang="sl">17. stoletje</skos:prefLabel><skos:prefLabel xml:lang="ga">17ú haois</skos:prefLabel><skos:prefLabel xml:lang="ca">Segle XVII</skos:prefLabel><skos:prefLabel xml:lang="sv">1600-talet</skos:prefLabel><skos:prefLabel xml:lang="mt">Seklu XVII</skos:prefLabel><skos:prefLabel xml:lang="el">17ος αιώνας</skos:prefLabel><skos:prefLabel xml:lang="en">17th century</skos:prefLabel><skos:prefLabel xml:lang="it">XVII secolo</skos:prefLabel><skos:prefLabel xml:lang="es">Siglo XVII</skos:prefLabel><skos:prefLabel xml:lang="et">17. sajand</skos:prefLabel><skos:prefLabel xml:lang="eu">XVII. mendea</skos:prefLabel><skos:prefLabel xml:lang="cs">17. století</skos:prefLabel><skos:prefLabel xml:lang="pl">XVII wiek</skos:prefLabel><skos:prefLabel xml:lang="ro">Secolul al XVII-lea</skos:prefLabel><skos:prefLabel xml:lang="da">17. århundrede</skos:prefLabel><skos:prefLabel xml:lang="nl">17e eeuw</skos:prefLabel><skos:altLabel xml:lang="sv">1600-tal</skos:altLabel><skos:altLabel xml:lang="sv">17:e århundradet</skos:altLabel><skos:altLabel xml:lang="sv">17:e seklet</skos:altLabel><skos:altLabel xml:lang="sv">1600-talet (århundrade)</skos:altLabel><skos:altLabel xml:lang="sv">1600-talet (sekel)</skos:altLabel><skos:altLabel xml:lang="ru">17 век</skos:altLabel><skos:altLabel xml:lang="mt">Seklu 17</skos:altLabel><skos:altLabel xml:lang="en">17th-century</skos:altLabel><skos:altLabel xml:lang="en">17th-century</skos:altLabel><skos:altLabel xml:lang="en">History, 17th Century</skos:altLabel><skos:altLabel xml:lang="it">Seicento</skos:altLabel><skos:altLabel xml:lang="it">17° secolo</skos:altLabel><skos:altLabel xml:lang="it">Secolo XVII</skos:altLabel><skos:altLabel xml:lang="it">XVII Secolo</skos:altLabel><skos:altLabel xml:lang="it">Diciassettesimo secolo</skos:altLabel><skos:altLabel xml:lang="it">'600</skos:altLabel><skos:altLabel xml:lang="it">17º secolo</skos:altLabel><skos:altLabel xml:lang="it">Seicento</skos:altLabel><skos:altLabel xml:lang="fr">17e siècle</skos:altLabel><edm:begin>1601-01-01</edm:begin><edm:end>1700-12-31</edm:end><owl:sameAs rdf:resource="http://www.wikidata.org/entity/Q7016"/><owl:sameAs rdf:resource="http://id.loc.gov/authorities/names/sh85120427"/><owl:sameAs rdf:resource="http://data.bnf.fr/ark:/12148/cb120419182"/><owl:sameAs rdf:resource="http://id.nlm.nih.gov/mesh/D049670"/><owl:sameAs rdf:resource="https://www.freebase.com/m/08b2m"/><owl:sameAs rdf:resource="https://g.co/kg/m/08b2m"/><owl:sameAs rdf:resource="http://id.nlm.nih.gov/mesh/K01.400.504.750"/><owl:sameAs rdf:resource="http://vocab.getty.edu/aat/300404511"/><owl:sameAs rdf:resource="http://babelnet.org/rdf/s02814624n"/><owl:sameAs rdf:resource="http://dbpedia.org/resource/17th_century"/></edm:TimeSpan><skos:Concept rdf:about="http://data.europeana.eu/concept/2728"><skos:prefLabel xml:lang="de">Leinwand</skos:prefLabel><skos:prefLabel xml:lang="fi">Kangas</skos:prefLabel><skos:prefLabel xml:lang="ru">Холст</skos:prefLabel><skos:prefLabel xml:lang="pt">Tela</skos:prefLabel><skos:prefLabel xml:lang="bg">Брезент</skos:prefLabel><skos:prefLabel xml:lang="lt">Drobė</skos:prefLabel><skos:prefLabel xml:lang="lv">Audekls</skos:prefLabel><skos:prefLabel xml:lang="fr">Toile</skos:prefLabel><skos:prefLabel xml:lang="hu">Vászon</skos:prefLabel><skos:prefLabel xml:lang="sk">Plátno</skos:prefLabel><skos:prefLabel xml:lang="sl">Platno</skos:prefLabel><skos:prefLabel xml:lang="ga">Canbhás</skos:prefLabel><skos:prefLabel xml:lang="ca">Llenç</skos:prefLabel><skos:prefLabel xml:lang="sv">Kanvas</skos:prefLabel><skos:prefLabel xml:lang="el">Μουσαμάς</skos:prefLabel><skos:prefLabel xml:lang="en">Canvas</skos:prefLabel><skos:prefLabel xml:lang="it">Canovaccio</skos:prefLabel><skos:prefLabel xml:lang="es">Lienzo</skos:prefLabel><skos:prefLabel xml:lang="et">Lõuend</skos:prefLabel><skos:prefLabel xml:lang="cs">Plátno</skos:prefLabel><skos:prefLabel xml:lang="eu">Mihise</skos:prefLabel><skos:prefLabel xml:lang="pl">Kanwa</skos:prefLabel><skos:prefLabel xml:lang="ro">Pânză</skos:prefLabel><skos:prefLabel xml:lang="da">Lærred</skos:prefLabel><skos:prefLabel xml:lang="nl">Canvas</skos:prefLabel><skos:note xml:lang="de">Material für Leinwände, Segel und Kleidung</skos:note><skos:note xml:lang="sv">Tygmaterial</skos:note><skos:note xml:lang="ru">Плотная ткань</skos:note><skos:note xml:lang="en">Extremely heavy-duty plain-woven fabric</skos:note><skos:note xml:lang="it">Tessuto con armatura in tela, dalla trama larga e grossolana</skos:note><skos:note xml:lang="fr">Pièce de tissu résistante</skos:note><skos:note xml:lang="es">Tela extremadamente resistente utilizada en velas, lonas, mochilas, obras pictóricas...</skos:note><skos:note xml:lang="cs">Druh tkaniny</skos:note><skos:note xml:lang="eu">Iraupen handiko ehuna, bizkar zorroetan, itsasontzietarako beletan, lonetan... erabilia</skos:note><skos:note xml:lang="pl">Rodzaj wyjątkowo wytrzymałej, gładkiej tkaniny używanej w malarstwie olejnym</skos:note><skos:note xml:lang="da">Glat vævede stoffer</skos:note><skos:note xml:lang="ca">Tela que serveix de suport per a treballs pictòrics</skos:note><skos:note xml:lang="nl">Stevig weefsel van hennep, vlas of katoen</skos:note><skos:exactMatch rdf:resource="http://www.wikidata.org/entity/Q4259259"/><skos:exactMatch rdf:resource="https://www.freebase.com/m/0jmpt"/><skos:exactMatch rdf:resource="https://g.co/kg/m/0jmpt"/><skos:exactMatch rdf:resource="http://babelnet.org/rdf/s00015381n"/><skos:exactMatch rdf:resource="http://thesaurus.europeanafashion.eu/thesaurus/10376"/><skos:exactMatch rdf:resource="http://dbpedia.org/resource/Canvas"/></skos:Concept><ore:Aggregation rdf:about="http://data.europeana.eu/aggregation/provider/2021672/resource_document_mauritshuis_113"><edm:aggregatedCHO rdf:resource="http://data.europeana.eu/item/2021672/resource_document_mauritshuis_113"/><edm:dataProvider rdf:resource="http://data.europeana.eu/organization/1482250000004509120"></edm:dataProvider><edm:isShownBy rdf:resource="https://www.mauritshuis.nl/media/1fhkvta3/0113_repro.jpg"/><edm:provider rdf:resource="http://data.europeana.eu/organization/1482250000004671093"></edm:provider><edm:rights rdf:resource="http://creativecommons.org/publicdomain/mark/1.0/"/></ore:Aggregation><ore:Proxy rdf:about="http://data.europeana.eu/proxy/provider/2021672/resource_document_mauritshuis_113"><dc:creator>Jan Mijtens</dc:creator><dc:date>1663 - 1663</dc:date><dc:description xml:lang="nl-NL">Wolfert van de Brederode was ongeveer 14 jaar oud toen de Haagse hofschilder Mijtens hem portretteerde. Hij stamde uit een oud adellijk geslacht en was een neefje van de stadhouder. Wolfert draagt een Romeins soldatenkostuum. Dat is een verwijzing naar zijn militaire functie; zo jong als hij was, had hij al de leiding over een compagnie van de cavalerie. De zogeheten trofeeënlijst hoort bij het schilderij en is versierd met allerlei oorlogstuig, zoals een kanon, strijdtrommels, een trompet en helmen.</dc:description><dc:description xml:lang="en-GB">Wolfert van Brederode was about fourteen when his portrait was painted by Mijtens, the court painter in The Hague. He came from an old noble family and was a nephew of the stadholder. Wolfert is wearing a roman soldier’s uniform, which is a reference to his military position. Even though he was unusually young, he already led a company of the cavalry. The ‘trophy frame’ belongs to the painting. It is decorated with all sorts of weaponry, including a cannon, battle drums, a trumpet and helmets.</dc:description><dc:format>85.5 cm</dc:format><dc:format>106.5 cm</dc:format><dc:identifier>113</dc:identifier><dc:title xml:lang="nl-NL">Portret van Wolfert van Brederode (1649-1679)</dc:title><dc:title xml:lang="en-GB">Portrait of Wolfert van Brederode (1649-1679)</dc:title><dc:type xml:lang="nl-NL">schilderij</dc:type><dc:type xml:lang="en-GB">painting</dc:type><dcterms:medium xml:lang="nl-NL">doek</dcterms:medium><dcterms:medium xml:lang="en-GB">canvas</dcterms:medium><edm:europeanaProxy>false</edm:europeanaProxy><ore:proxyFor rdf:resource="http://data.europeana.eu/item/2021672/resource_document_mauritshuis_113"/><ore:proxyIn rdf:resource="http://data.europeana.eu/aggregation/provider/2021672/resource_document_mauritshuis_113"/><edm:type>IMAGE</edm:type></ore:Proxy><ore:Proxy rdf:about="http://data.europeana.eu/proxy/europeana/2021672/resource_document_mauritshuis_113"><dc:date rdf:resource="#1663%2F1663"></dc:date><dc:date rdf:resource="#1663%2F1663"></dc:date><dc:identifier>resource_document_mauritshuis_113</dc:identifier><dcterms:medium rdf:resource="http://data.europeana.eu/concept/2728"></dcterms:medium><edm:europeanaProxy>true</edm:europeanaProxy><ore:proxyFor rdf:resource="http://data.europeana.eu/item/2021672/resource_document_mauritshuis_113"/><ore:proxyIn rdf:resource="http://data.europeana.eu/aggregation/europeana/2021672/resource_document_mauritshuis_113"/><ore:lineage rdf:resource="http://data.europeana.eu/proxy/provider/2021672/resource_document_mauritshuis_113"/><edm:type>IMAGE</edm:type></ore:Proxy><edm:EuropeanaAggregation rdf:about="http://data.europeana.eu/aggregation/europeana/2021672/resource_document_mauritshuis_113"><edm:aggregatedCHO rdf:resource="http://data.europeana.eu/item/2021672/resource_document_mauritshuis_113"/><edm:datasetName>2021672_Ag_NL_DigitaleCollectie_Mauritshuis</edm:datasetName><edm:country>Netherlands</edm:country><edm:preview rdf:resource="https://www.mauritshuis.nl/media/1fhkvta3/0113_repro.jpg"/><edm:landingPage rdf:resource="https://www.europeana.eu/item/2021672/resource_document_mauritshuis_113"/><edm:language>nl</edm:language><edm:completeness>0</edm:completeness><dcterms:created>2017-08-02T11:48:17.711Z</dcterms:created><dcterms:modified>2023-02-28T08:45:41.077Z</dcterms:modified><dqv:hasQualityAnnotation rdf:resource="http://data.europeana.eu/item/2021672/resource_document_mauritshuis_113#contentTier"/><dqv:hasQualityAnnotation rdf:resource="http://data.europeana.eu/item/2021672/resource_document_mauritshuis_113#metadataTier"/></edm:EuropeanaAggregation><foaf:Organization rdf:about="http://data.europeana.eu/organization/1482250000004509120"><skos:prefLabel xml:lang="en">Mauritshuis</skos:prefLabel><skos:prefLabel xml:lang="nl">Mauritshuis</skos:prefLabel></foaf:Organization><foaf:Organization rdf:about="http://data.europeana.eu/organization/1482250000004671093"><skos:prefLabel xml:lang="en">Dutch Collections for Europe</skos:prefLabel></foaf:Organization><dqv:QualityAnnotation rdf:about="http://data.europeana.eu/item/2021672/resource_document_mauritshuis_113#contentTier"><dcterms:created>2023-02-28T08:46:16.378183Z</dcterms:created><oa:hasTarget rdf:resource="http://data.europeana.eu/aggregation/provider/2021672/resource_document_mauritshuis_113"/><oa:hasBody rdf:resource="http://www.europeana.eu/schemas/epf/contentTier4"/></dqv:QualityAnnotation><dqv:QualityAnnotation rdf:about="http://data.europeana.eu/item/2021672/resource_document_mauritshuis_113#metadataTier"><dcterms:created>2023-02-28T08:46:16.378206Z</dcterms:created><oa:hasTarget rdf:resource="http://data.europeana.eu/aggregation/provider/2021672/resource_document_mauritshuis_113"/><oa:hasBody rdf:resource="http://www.europeana.eu/schemas/epf/metadataTierA"/></dqv:QualityAnnotation></rdf:RDF>