<?xml version="1.0" encoding="UTF-8" standalone="yes"?><rdf:RDF xmlns:rdf="http://www.w3.org/1999/02/22-rdf-syntax-ns#" xmlns:dc="http://purl.org/dc/elements/1.1/" xmlns:dcterms="http://purl.org/dc/terms/" xmlns:edm="http://www.europeana.eu/schemas/edm/" xmlns:owl="http://www.w3.org/2002/07/owl#" xmlns:wgs84_pos="http://www.w3.org/2003/01/geo/wgs84_pos#" xmlns:skos="http://www.w3.org/2004/02/skos/core#" xmlns:rdaGr2="http://rdvocab.info/ElementsGr2/" xmlns:foaf="http://xmlns.com/foaf/0.1/" xmlns:ebucore="http://www.ebu.ch/metadata/ontologies/ebucore/ebucore#" xmlns:doap="http://usefulinc.com/ns/doap#" xmlns:odrl="http://www.w3.org/ns/odrl/2/" xmlns:cc="http://creativecommons.org/ns#" xmlns:ore="http://www.openarchives.org/ore/terms/" xmlns:svcs="http://rdfs.org/sioc/services#" xmlns:oa="http://www.w3.org/ns/oa#" xmlns:dqv="http://www.w3.org/ns/dqv#"><edm:ProvidedCHO rdf:about="http://data.europeana.eu/item/2021672/resource_document_mauritshuis_371"/><edm:WebResource rdf:about="https://www.mauritshuis.nl/media/uacdqu43/371_front.jpg"><ebucore:hasMimeType>image/jpeg</ebucore:hasMimeType><ebucore:fileByteSize rdf:datatype="http://www.w3.org/2001/XMLSchema#long">2028850</ebucore:fileByteSize><ebucore:width rdf:datatype="http://www.w3.org/2001/XMLSchema#integer">3233</ebucore:width><ebucore:height rdf:datatype="http://www.w3.org/2001/XMLSchema#integer">6000</ebucore:height><edm:hasColorSpace>sRGB</edm:hasColorSpace><edm:componentColor rdf:datatype="http://www.w3.org/2001/XMLSchema#hexBinary">#556B2F</edm:componentColor><edm:componentColor rdf:datatype="http://www.w3.org/2001/XMLSchema#hexBinary">#2F4F4F</edm:componentColor><edm:componentColor rdf:datatype="http://www.w3.org/2001/XMLSchema#hexBinary">#A0522D</edm:componentColor><edm:componentColor rdf:datatype="http://www.w3.org/2001/XMLSchema#hexBinary">#800000</edm:componentColor><edm:componentColor rdf:datatype="http://www.w3.org/2001/XMLSchema#hexBinary">#FFE4E1</edm:componentColor><edm:componentColor rdf:datatype="http://www.w3.org/2001/XMLSchema#hexBinary">#D8BFD8</edm:componentColor><ebucore:orientation rdf:datatype="http://www.w3.org/2001/XMLSchema#string">portrait</ebucore:orientation></edm:WebResource><edm:TimeSpan rdf:about="http://data.europeana.eu/timespan/18"><skos:prefLabel xml:lang="de">18. Jahrhundert</skos:prefLabel><skos:prefLabel xml:lang="ru">XVIII век</skos:prefLabel><skos:prefLabel xml:lang="fi">1700-luku</skos:prefLabel><skos:prefLabel xml:lang="pt">Século XVIII</skos:prefLabel><skos:prefLabel xml:lang="bg">18 век</skos:prefLabel><skos:prefLabel xml:lang="lt">XVIII amžius</skos:prefLabel><skos:prefLabel xml:lang="lv">18. gadsimts</skos:prefLabel><skos:prefLabel xml:lang="hr">18. stoljeće</skos:prefLabel><skos:prefLabel xml:lang="fr">XVIIIe siècle</skos:prefLabel><skos:prefLabel xml:lang="hu">18. század</skos:prefLabel><skos:prefLabel xml:lang="sk">18. storočie</skos:prefLabel><skos:prefLabel xml:lang="sl">18. stoletje</skos:prefLabel><skos:prefLabel xml:lang="ga">18ú haois</skos:prefLabel><skos:prefLabel xml:lang="ca">Segle XVIII</skos:prefLabel><skos:prefLabel xml:lang="sv">1700-talet</skos:prefLabel><skos:prefLabel xml:lang="el">18ος αιώνας</skos:prefLabel><skos:prefLabel xml:lang="en">18th century</skos:prefLabel><skos:prefLabel xml:lang="it">XVIII secolo</skos:prefLabel><skos:prefLabel xml:lang="es">Siglo XVIII</skos:prefLabel><skos:prefLabel xml:lang="et">18. sajand</skos:prefLabel><skos:prefLabel xml:lang="eu">XVIII. mendea</skos:prefLabel><skos:prefLabel xml:lang="cs">18. století</skos:prefLabel><skos:prefLabel xml:lang="pl">XVIII wiek</skos:prefLabel><skos:prefLabel xml:lang="ro">Secolul al XVIII-lea</skos:prefLabel><skos:prefLabel xml:lang="da">18. århundrede</skos:prefLabel><skos:prefLabel xml:lang="nl">18e eeuw</skos:prefLabel><skos:altLabel xml:lang="ru">18 век</skos:altLabel><skos:altLabel xml:lang="sv">18:e århundradet</skos:altLabel><skos:altLabel xml:lang="sv">18:e seklet</skos:altLabel><skos:altLabel xml:lang="sv">1700-tal</skos:altLabel><skos:altLabel xml:lang="sv">1700-talet (århundrade)</skos:altLabel><skos:altLabel xml:lang="sv">1700-talet (sekel)</skos:altLabel><skos:altLabel xml:lang="en">18th-century</skos:altLabel><skos:altLabel xml:lang="en">18th-century</skos:altLabel><skos:altLabel xml:lang="en">Eighteenth Century</skos:altLabel><skos:altLabel xml:lang="en">History, 18th Century</skos:altLabel><skos:altLabel xml:lang="it">Settecento</skos:altLabel><skos:altLabel xml:lang="it">18° secolo</skos:altLabel><skos:altLabel xml:lang="it">Secolo XVIII</skos:altLabel><skos:altLabel xml:lang="it">XVIII Secolo</skos:altLabel><skos:altLabel xml:lang="it">Diciottesimo secolo</skos:altLabel><skos:altLabel xml:lang="it">'700</skos:altLabel><skos:altLabel xml:lang="it">18º secolo</skos:altLabel><skos:altLabel xml:lang="it">Settecento</skos:altLabel><skos:altLabel xml:lang="fr">18e siècle</skos:altLabel><skos:altLabel xml:lang="fr">18 siècle</skos:altLabel><skos:altLabel xml:lang="fr">18eme siècle</skos:altLabel><skos:altLabel xml:lang="da">1700-tallet</skos:altLabel><skos:altLabel xml:lang="hu">18. évszázad</skos:altLabel><skos:altLabel xml:lang="nl">1701-1800</skos:altLabel><skos:altLabel xml:lang="es">Siglo 18</skos:altLabel><skos:altLabel xml:lang="es">Siglo dieciocho</skos:altLabel><edm:begin>1701-01-01</edm:begin><edm:end>1800-01-01</edm:end><owl:sameAs rdf:resource="http://www.wikidata.org/entity/Q7015"/><owl:sameAs rdf:resource="http://id.loc.gov/authorities/names/sh2002012474"/><owl:sameAs rdf:resource="http://id.loc.gov/authorities/names/sh85041401"/><owl:sameAs rdf:resource="http://id.nlm.nih.gov/mesh/D049671"/><owl:sameAs rdf:resource="https://www.freebase.com/m/08b33"/><owl:sameAs rdf:resource="https://g.co/kg/m/08b33"/><owl:sameAs rdf:resource="http://id.nlm.nih.gov/mesh/K01.400.504.875"/><owl:sameAs rdf:resource="http://vocab.getty.edu/aat/300404512"/><owl:sameAs rdf:resource="http://babelnet.org/rdf/s02814699n"/><owl:sameAs rdf:resource="http://dbpedia.org/resource/18th_century"/></edm:TimeSpan><edm:TimeSpan rdf:about="#1733%2F1733"><skos:prefLabel xml:lang="zxx">1733/1733</skos:prefLabel><dcterms:isPartOf rdf:resource="http://data.europeana.eu/timespan/18"></dcterms:isPartOf><edm:begin>1733-01-01</edm:begin><edm:end>1733-12-31</edm:end></edm:TimeSpan><skos:Concept rdf:about="http://data.europeana.eu/concept/51"><skos:prefLabel xml:lang="de">Bildhauerkunst</skos:prefLabel><skos:prefLabel xml:lang="ru">Скульптура</skos:prefLabel><skos:prefLabel xml:lang="fi">Kuvanveisto</skos:prefLabel><skos:prefLabel xml:lang="pt">Escultura</skos:prefLabel><skos:prefLabel xml:lang="bg">Скулптура</skos:prefLabel><skos:prefLabel xml:lang="lt">Skulptūra</skos:prefLabel><skos:prefLabel xml:lang="lv">Tēlniecība</skos:prefLabel><skos:prefLabel xml:lang="hr">Kiparstvo</skos:prefLabel><skos:prefLabel xml:lang="fr">Sculpture</skos:prefLabel><skos:prefLabel xml:lang="hu">Szobrászat</skos:prefLabel><skos:prefLabel xml:lang="sk">Sochárstvo</skos:prefLabel><skos:prefLabel xml:lang="sl">Kiparstvo</skos:prefLabel><skos:prefLabel xml:lang="ga">Dealbhóireacht</skos:prefLabel><skos:prefLabel xml:lang="ca">Escultura</skos:prefLabel><skos:prefLabel xml:lang="sv">Bildhuggeri</skos:prefLabel><skos:prefLabel xml:lang="mt">Skultura</skos:prefLabel><skos:prefLabel xml:lang="el">Γλυπτική</skos:prefLabel><skos:prefLabel xml:lang="en">Art of sculpture</skos:prefLabel><skos:prefLabel xml:lang="it">Scultura</skos:prefLabel><skos:prefLabel xml:lang="es">Escultura</skos:prefLabel><skos:prefLabel xml:lang="et">Skulptuur</skos:prefLabel><skos:prefLabel xml:lang="eu">Eskulturagintza</skos:prefLabel><skos:prefLabel xml:lang="cs">Sochařství</skos:prefLabel><skos:prefLabel xml:lang="pl">Rzeźbiarstwo</skos:prefLabel><skos:prefLabel xml:lang="ro">Sculptură</skos:prefLabel><skos:prefLabel xml:lang="da">Skulpturkunst</skos:prefLabel><skos:prefLabel xml:lang="nl">Beeldhouwkunst</skos:prefLabel><skos:note xml:lang="de">Gattung der bildenden Kunst, in der aus festen Stoffen bestehende, dreidimensionale Bildwerke geschaffen wurden und werden</skos:note><skos:note xml:lang="fi">Kuvataiteellista ilmaisua kolmiulotteisessa muodossa</skos:note><skos:note xml:lang="sv">Tredimensionellt konstverk</skos:note><skos:note xml:lang="ru">Разновидность искусства</skos:note><skos:note xml:lang="pt">Ramo das artes visuais (não confundir com Q860861, para obras de escultura)</skos:note><skos:note xml:lang="el">Μία εκ των καλών τεχνών, μορφή καλλιτεχνικής έκφρασης</skos:note><skos:note xml:lang="en">Branch of the visual arts that operates in three dimensions</skos:note><skos:note xml:lang="it">Arte di dare forma ad un oggetto partendo da un materiale grezzo o assemblando diversi materiali</skos:note><skos:note xml:lang="fr">Un des beaux arts, activité artistique</skos:note><skos:note xml:lang="es">Actividad artística, rama de las artes visuales</skos:note><skos:note xml:lang="et">Kujutava kunsti liik</skos:note><skos:note xml:lang="sk">Umenie vytvárania trojrozmerných sôch z rôznych materiálov</skos:note><skos:note xml:lang="ga">Ealaín</skos:note><skos:note xml:lang="pl">Sztuka polegająca na tworzeniu rzeźb</skos:note><skos:note xml:lang="da">Tre-dimensionelle illustrationer</skos:note><skos:note xml:lang="ca">Branca de les arts visuals que treballa en tres dimensions</skos:note><skos:note xml:lang="nl">Een van de beeldende kunsten</skos:note><skos:exactMatch rdf:resource="http://www.wikidata.org/entity/Q11634"/><skos:exactMatch rdf:resource="http://cv.iptc.org/newscodes/subjectcode/01015000"/><skos:exactMatch rdf:resource="https://d-nb.info/gnd/4046277-8"/><skos:exactMatch rdf:resource="http://id.loc.gov/authorities/names/sh85119004"/><skos:exactMatch rdf:resource="http://data.bnf.fr/ark:/12148/cb11933241b"/><skos:exactMatch rdf:resource="http://id.ndl.go.jp/auth/ndlna/00573617"/><skos:exactMatch rdf:resource="http://purl.org/bncf/tid/4223"/><skos:exactMatch rdf:resource="https://www.freebase.com/m/06msq"/><skos:exactMatch rdf:resource="https://g.co/kg/m/06msq"/><skos:exactMatch rdf:resource="http://datos.bne.es/resource/XX525481"/><skos:exactMatch rdf:resource="http://vocab.getty.edu/aat/300264383"/><skos:exactMatch rdf:resource="http://iconclass.org/48C2"/><skos:exactMatch rdf:resource="http://www.yso.fi/onto/yso/p5694"/><skos:exactMatch rdf:resource="http://babelnet.org/rdf/s00069924n"/><skos:exactMatch rdf:resource="http://vocabularies.unesco.org/thesaurus/concept10193"/><skos:exactMatch rdf:resource="http://id.loc.gov/authorities/genreForms/gf2017027259"/><skos:exactMatch rdf:resource="http://cv.iptc.org/newscodes/mediatopic/20000037"/><skos:exactMatch rdf:resource="http://dbpedia.org/resource/Sculpture"/><skos:related rdf:resource="http://data.europeana.eu/concept/1943"/><skos:related rdf:resource="http://data.europeana.eu/concept/194"/></skos:Concept><ore:Aggregation rdf:about="http://data.europeana.eu/aggregation/provider/2021672/resource_document_mauritshuis_371"><edm:aggregatedCHO rdf:resource="http://data.europeana.eu/item/2021672/resource_document_mauritshuis_371"/><edm:dataProvider rdf:resource="http://data.europeana.eu/organization/1482250000004509120"></edm:dataProvider><edm:isShownBy rdf:resource="https://www.mauritshuis.nl/media/uacdqu43/371_front.jpg"/><edm:provider rdf:resource="http://data.europeana.eu/organization/1482250000004671093"></edm:provider><edm:rights rdf:resource="http://creativecommons.org/publicdomain/mark/1.0/"/></ore:Aggregation><ore:Proxy rdf:about="http://data.europeana.eu/proxy/provider/2021672/resource_document_mauritshuis_371"><dc:creator>Jan Baptist Xavery</dc:creator><dc:date>1733 - 1733</dc:date><dc:description xml:lang="nl-NL">Prins Willem IV van Oranje liet dit borstbeeld in 1733 maken door de Antwerpse beeldhouwer Xavery. Een paar jaar later volgde ook een opdracht voor een buste van zijn vrouw Anna van Hannover. Haar beeld staat ook in deze zaal. Willem IV heeft de collectie van de Oranjes uitgebreid met enkele bijzondere schilderijen, waaronder De stier van Paulus Potter.</dc:description><dc:description xml:lang="en-GB">Prince Willem IV of Orange had this bust made by the Antwerp sculptor Xavery in 1733. A couple of years later, he also commissioned a bust of his wife Anne of Hannover. Her bust is also exhibited in this room. Willem IV added some exceptional paintings to the collection of the Orange family, including The Bull by Paulus Potter.</dc:description><dc:format>82 cm</dc:format><dc:identifier>371</dc:identifier><dc:title xml:lang="nl-NL">Buste van stadhouder Willem IV (1711-1751)</dc:title><dc:title xml:lang="en-GB">Bust of Stadholder William IV (1711-1751)</dc:title><dc:type xml:lang="nl-NL">beeldhouwwerk</dc:type><dc:type xml:lang="en-GB">sculpture</dc:type><dcterms:medium xml:lang="nl-NL">wit marmer</dcterms:medium><dcterms:medium xml:lang="en-GB">white marble</dcterms:medium><edm:europeanaProxy>false</edm:europeanaProxy><ore:proxyFor rdf:resource="http://data.europeana.eu/item/2021672/resource_document_mauritshuis_371"/><ore:proxyIn rdf:resource="http://data.europeana.eu/aggregation/provider/2021672/resource_document_mauritshuis_371"/><edm:type>IMAGE</edm:type></ore:Proxy><ore:Proxy rdf:about="http://data.europeana.eu/proxy/europeana/2021672/resource_document_mauritshuis_371"><dc:date rdf:resource="#1733%2F1733"></dc:date><dc:date rdf:resource="#1733%2F1733"></dc:date><dc:identifier>resource_document_mauritshuis_371</dc:identifier><dc:type rdf:resource="http://data.europeana.eu/concept/51"></dc:type><edm:europeanaProxy>true</edm:europeanaProxy><ore:proxyFor rdf:resource="http://data.europeana.eu/item/2021672/resource_document_mauritshuis_371"/><ore:proxyIn rdf:resource="http://data.europeana.eu/aggregation/europeana/2021672/resource_document_mauritshuis_371"/><ore:lineage rdf:resource="http://data.europeana.eu/proxy/provider/2021672/resource_document_mauritshuis_371"/><edm:type>IMAGE</edm:type></ore:Proxy><edm:EuropeanaAggregation rdf:about="http://data.europeana.eu/aggregation/europeana/2021672/resource_document_mauritshuis_371"><edm:aggregatedCHO rdf:resource="http://data.europeana.eu/item/2021672/resource_document_mauritshuis_371"/><edm:datasetName>2021672_Ag_NL_DigitaleCollectie_Mauritshuis</edm:datasetName><edm:country>Netherlands</edm:country><edm:preview rdf:resource="https://www.mauritshuis.nl/media/uacdqu43/371_front.jpg"/><edm:landingPage rdf:resource="https://www.europeana.eu/item/2021672/resource_document_mauritshuis_371"/><edm:language>nl</edm:language><edm:completeness>0</edm:completeness><dcterms:created>2017-08-02T11:48:22.449Z</dcterms:created><dcterms:modified>2023-02-28T08:45:41.077Z</dcterms:modified><dqv:hasQualityAnnotation rdf:resource="http://data.europeana.eu/item/2021672/resource_document_mauritshuis_371#contentTier"/><dqv:hasQualityAnnotation rdf:resource="http://data.europeana.eu/item/2021672/resource_document_mauritshuis_371#metadataTier"/></edm:EuropeanaAggregation><foaf:Organization rdf:about="http://data.europeana.eu/organization/1482250000004509120"><skos:prefLabel xml:lang="en">Mauritshuis</skos:prefLabel><skos:prefLabel xml:lang="nl">Mauritshuis</skos:prefLabel></foaf:Organization><foaf:Organization rdf:about="http://data.europeana.eu/organization/1482250000004671093"><skos:prefLabel xml:lang="en">Dutch Collections for Europe</skos:prefLabel></foaf:Organization><dqv:QualityAnnotation rdf:about="http://data.europeana.eu/item/2021672/resource_document_mauritshuis_371#contentTier"><dcterms:created>2023-02-28T08:46:14.043838Z</dcterms:created><oa:hasTarget rdf:resource="http://data.europeana.eu/aggregation/provider/2021672/resource_document_mauritshuis_371"/><oa:hasBody rdf:resource="http://www.europeana.eu/schemas/epf/contentTier4"/></dqv:QualityAnnotation><dqv:QualityAnnotation rdf:about="http://data.europeana.eu/item/2021672/resource_document_mauritshuis_371#metadataTier"><dcterms:created>2023-02-28T08:46:14.043861Z</dcterms:created><oa:hasTarget rdf:resource="http://data.europeana.eu/aggregation/provider/2021672/resource_document_mauritshuis_371"/><oa:hasBody rdf:resource="http://www.europeana.eu/schemas/epf/metadataTierA"/></dqv:QualityAnnotation></rdf:RDF>