<?xml version="1.0" encoding="UTF-8" standalone="yes"?><rdf:RDF xmlns:rdf="http://www.w3.org/1999/02/22-rdf-syntax-ns#" xmlns:dc="http://purl.org/dc/elements/1.1/" xmlns:dcterms="http://purl.org/dc/terms/" xmlns:edm="http://www.europeana.eu/schemas/edm/" xmlns:owl="http://www.w3.org/2002/07/owl#" xmlns:wgs84_pos="http://www.w3.org/2003/01/geo/wgs84_pos#" xmlns:skos="http://www.w3.org/2004/02/skos/core#" xmlns:rdaGr2="http://rdvocab.info/ElementsGr2/" xmlns:foaf="http://xmlns.com/foaf/0.1/" xmlns:ebucore="http://www.ebu.ch/metadata/ontologies/ebucore/ebucore#" xmlns:doap="http://usefulinc.com/ns/doap#" xmlns:odrl="http://www.w3.org/ns/odrl/2/" xmlns:cc="http://creativecommons.org/ns#" xmlns:ore="http://www.openarchives.org/ore/terms/" xmlns:svcs="http://rdfs.org/sioc/services#" xmlns:oa="http://www.w3.org/ns/oa#" xmlns:dqv="http://www.w3.org/ns/dqv#"><edm:ProvidedCHO rdf:about="http://data.europeana.eu/item/2021672/resource_document_mauritshuis_1130"/><edm:WebResource rdf:about="https://www.mauritshuis.nl/media/4idgqzkn/1130-brief.jpg"><ebucore:hasMimeType>image/jpeg</ebucore:hasMimeType><ebucore:fileByteSize rdf:datatype="http://www.w3.org/2001/XMLSchema#long">1938811</ebucore:fileByteSize><ebucore:width rdf:datatype="http://www.w3.org/2001/XMLSchema#integer">2102</ebucore:width><ebucore:height rdf:datatype="http://www.w3.org/2001/XMLSchema#integer">2932</ebucore:height><edm:hasColorSpace>sRGB</edm:hasColorSpace><edm:componentColor rdf:datatype="http://www.w3.org/2001/XMLSchema#hexBinary">#F8F8FF</edm:componentColor><edm:componentColor rdf:datatype="http://www.w3.org/2001/XMLSchema#hexBinary">#FAF0E6</edm:componentColor><edm:componentColor rdf:datatype="http://www.w3.org/2001/XMLSchema#hexBinary">#BDB76B</edm:componentColor><edm:componentColor rdf:datatype="http://www.w3.org/2001/XMLSchema#hexBinary">#A9A9A9</edm:componentColor><edm:componentColor rdf:datatype="http://www.w3.org/2001/XMLSchema#hexBinary">#C0C0C0</edm:componentColor><edm:componentColor rdf:datatype="http://www.w3.org/2001/XMLSchema#hexBinary">#2F4F4F</edm:componentColor><ebucore:orientation rdf:datatype="http://www.w3.org/2001/XMLSchema#string">portrait</ebucore:orientation></edm:WebResource><edm:TimeSpan rdf:about="http://data.europeana.eu/timespan/17"><skos:prefLabel xml:lang="de">17. Jahrhundert</skos:prefLabel><skos:prefLabel xml:lang="ru">XVII век</skos:prefLabel><skos:prefLabel xml:lang="fi">1600-luku</skos:prefLabel><skos:prefLabel xml:lang="pt">Século XVII</skos:prefLabel><skos:prefLabel xml:lang="bg">17 век</skos:prefLabel><skos:prefLabel xml:lang="lt">XVII amžius</skos:prefLabel><skos:prefLabel xml:lang="lv">17. gadsimts</skos:prefLabel><skos:prefLabel xml:lang="hr">17. stoljeće</skos:prefLabel><skos:prefLabel xml:lang="fr">XVIIe siècle</skos:prefLabel><skos:prefLabel xml:lang="hu">17. század</skos:prefLabel><skos:prefLabel xml:lang="sk">17. storočie</skos:prefLabel><skos:prefLabel xml:lang="sl">17. stoletje</skos:prefLabel><skos:prefLabel xml:lang="ga">17ú haois</skos:prefLabel><skos:prefLabel xml:lang="ca">Segle XVII</skos:prefLabel><skos:prefLabel xml:lang="sv">1600-talet</skos:prefLabel><skos:prefLabel xml:lang="mt">Seklu XVII</skos:prefLabel><skos:prefLabel xml:lang="el">17ος αιώνας</skos:prefLabel><skos:prefLabel xml:lang="en">17th century</skos:prefLabel><skos:prefLabel xml:lang="it">XVII secolo</skos:prefLabel><skos:prefLabel xml:lang="es">Siglo XVII</skos:prefLabel><skos:prefLabel xml:lang="et">17. sajand</skos:prefLabel><skos:prefLabel xml:lang="eu">XVII. mendea</skos:prefLabel><skos:prefLabel xml:lang="cs">17. století</skos:prefLabel><skos:prefLabel xml:lang="pl">XVII wiek</skos:prefLabel><skos:prefLabel xml:lang="ro">Secolul al XVII-lea</skos:prefLabel><skos:prefLabel xml:lang="da">17. århundrede</skos:prefLabel><skos:prefLabel xml:lang="nl">17e eeuw</skos:prefLabel><skos:altLabel xml:lang="sv">1600-tal</skos:altLabel><skos:altLabel xml:lang="sv">17:e århundradet</skos:altLabel><skos:altLabel xml:lang="sv">17:e seklet</skos:altLabel><skos:altLabel xml:lang="sv">1600-talet (århundrade)</skos:altLabel><skos:altLabel xml:lang="sv">1600-talet (sekel)</skos:altLabel><skos:altLabel xml:lang="ru">17 век</skos:altLabel><skos:altLabel xml:lang="mt">Seklu 17</skos:altLabel><skos:altLabel xml:lang="en">17th-century</skos:altLabel><skos:altLabel xml:lang="en">17th-century</skos:altLabel><skos:altLabel xml:lang="en">History, 17th Century</skos:altLabel><skos:altLabel xml:lang="it">Seicento</skos:altLabel><skos:altLabel xml:lang="it">17° secolo</skos:altLabel><skos:altLabel xml:lang="it">Secolo XVII</skos:altLabel><skos:altLabel xml:lang="it">XVII Secolo</skos:altLabel><skos:altLabel xml:lang="it">Diciassettesimo secolo</skos:altLabel><skos:altLabel xml:lang="it">'600</skos:altLabel><skos:altLabel xml:lang="it">17º secolo</skos:altLabel><skos:altLabel xml:lang="it">Seicento</skos:altLabel><skos:altLabel xml:lang="fr">17e siècle</skos:altLabel><edm:begin>1601-01-01</edm:begin><edm:end>1700-12-31</edm:end><owl:sameAs rdf:resource="http://www.wikidata.org/entity/Q7016"/><owl:sameAs rdf:resource="http://id.loc.gov/authorities/names/sh85120427"/><owl:sameAs rdf:resource="http://data.bnf.fr/ark:/12148/cb120419182"/><owl:sameAs rdf:resource="http://id.nlm.nih.gov/mesh/D049670"/><owl:sameAs rdf:resource="https://www.freebase.com/m/08b2m"/><owl:sameAs rdf:resource="https://g.co/kg/m/08b2m"/><owl:sameAs rdf:resource="http://id.nlm.nih.gov/mesh/K01.400.504.750"/><owl:sameAs rdf:resource="http://vocab.getty.edu/aat/300404511"/><owl:sameAs rdf:resource="http://babelnet.org/rdf/s02814624n"/><owl:sameAs rdf:resource="http://dbpedia.org/resource/17th_century"/></edm:TimeSpan><edm:TimeSpan rdf:about="#1641%2F1641"><skos:prefLabel xml:lang="zxx">1641/1641</skos:prefLabel><dcterms:isPartOf rdf:resource="http://data.europeana.eu/timespan/17"></dcterms:isPartOf><edm:begin>1641-01-01</edm:begin><edm:end>1641-12-31</edm:end></edm:TimeSpan><skos:Concept rdf:about="http://data.europeana.eu/concept/2909"><skos:prefLabel xml:lang="de">Brief</skos:prefLabel><skos:prefLabel xml:lang="fi">Kirje</skos:prefLabel><skos:prefLabel xml:lang="ru">Письмо</skos:prefLabel><skos:prefLabel xml:lang="pt">Carta</skos:prefLabel><skos:prefLabel xml:lang="bg">Писмо</skos:prefLabel><skos:prefLabel xml:lang="lt">Laiškas</skos:prefLabel><skos:prefLabel xml:lang="lv">Vēstule</skos:prefLabel><skos:prefLabel xml:lang="fr">Lettre</skos:prefLabel><skos:prefLabel xml:lang="hu">Levél</skos:prefLabel><skos:prefLabel xml:lang="sk">List</skos:prefLabel><skos:prefLabel xml:lang="sl">Pismo</skos:prefLabel><skos:prefLabel xml:lang="ga">Litir</skos:prefLabel><skos:prefLabel xml:lang="ca">Carta</skos:prefLabel><skos:prefLabel xml:lang="sv">Brev</skos:prefLabel><skos:prefLabel xml:lang="el">Επιστολή</skos:prefLabel><skos:prefLabel xml:lang="en">Letter</skos:prefLabel><skos:prefLabel xml:lang="it">Lettera</skos:prefLabel><skos:prefLabel xml:lang="es">Carta</skos:prefLabel><skos:prefLabel xml:lang="et">Kiri</skos:prefLabel><skos:prefLabel xml:lang="eu">Eskutitz</skos:prefLabel><skos:prefLabel xml:lang="cs">Dopis</skos:prefLabel><skos:prefLabel xml:lang="pl">List</skos:prefLabel><skos:prefLabel xml:lang="ro">Scrisoare</skos:prefLabel><skos:prefLabel xml:lang="da">Brev</skos:prefLabel><skos:prefLabel xml:lang="nl">Brief</skos:prefLabel><skos:note xml:lang="de">Schriftstück, das Informationen zwischen Personen und anderen Entitäten austauscht</skos:note><skos:note xml:lang="sv">Skrivet meddelande som skickas från en part till en annan, under transporten oftast förvarat i ett kuvert</skos:note><skos:note xml:lang="ru">Письменное сообщение для передачи от одного субъекта к другому</skos:note><skos:note xml:lang="pt">Mensagem escrita a um destinatário</skos:note><skos:note xml:lang="en">Written message from one to another</skos:note><skos:note xml:lang="it">Comunicazione scritta, talvolta di valore letterario, indirizzata da un mittente (persona o ente) a un destinatario (persona o ente)</skos:note><skos:note xml:lang="fr">Message expédié à un destinataire</skos:note><skos:note xml:lang="es">Medio de comunicación escrito</skos:note><skos:note xml:lang="et">Kirjalik sõnum ühelt isikult teis(t)ele</skos:note><skos:note xml:lang="sk">Písaná správa spravidla posielaná poštou</skos:note><skos:note xml:lang="pl">Wiadomość pisana zawierająca informacje skierowane od nadawcy do adresata</skos:note><skos:note xml:lang="da">Skriftlig besked sendt fra den ene part til den anden, i transit normalt opbevaret i en kuvert</skos:note><skos:note xml:lang="nl">Geschrift dat aan iemand is gericht, en gesloten en van een adres voorzien wordt verzonden</skos:note><skos:exactMatch rdf:resource="http://www.wikidata.org/entity/Q133492"/><skos:exactMatch rdf:resource="http://purl.org/coar/resource_type/c_0857"/><skos:exactMatch rdf:resource="https://d-nb.info/gnd/4008240-4"/><skos:exactMatch rdf:resource="http://id.loc.gov/authorities/names/sh85076220"/><skos:exactMatch rdf:resource="http://purl.org/bncf/tid/10307"/><skos:exactMatch rdf:resource="https://www.freebase.com/m/04jjh"/><skos:exactMatch rdf:resource="https://g.co/kg/m/04jjh"/><skos:exactMatch rdf:resource="http://www.yso.fi/onto/yso/p8646"/><skos:exactMatch rdf:resource="http://babelnet.org/rdf/s00050802n"/><skos:exactMatch rdf:resource="http://dbpedia.org/resource/Letter_(message)"/></skos:Concept><skos:Concept rdf:about="http://data.europeana.eu/concept/2090"><skos:prefLabel xml:lang="de">Papier</skos:prefLabel><skos:prefLabel xml:lang="ru">Бумага</skos:prefLabel><skos:prefLabel xml:lang="fi">Paperi</skos:prefLabel><skos:prefLabel xml:lang="pt">Papel</skos:prefLabel><skos:prefLabel xml:lang="bg">Хартия</skos:prefLabel><skos:prefLabel xml:lang="lt">Popierius</skos:prefLabel><skos:prefLabel xml:lang="lv">Papīrs</skos:prefLabel><skos:prefLabel xml:lang="hr">Papir</skos:prefLabel><skos:prefLabel xml:lang="fr">Papier</skos:prefLabel><skos:prefLabel xml:lang="hu">Papír</skos:prefLabel><skos:prefLabel xml:lang="sk">Papier</skos:prefLabel><skos:prefLabel xml:lang="sl">Papir</skos:prefLabel><skos:prefLabel xml:lang="ga">Páipéar</skos:prefLabel><skos:prefLabel xml:lang="ca">Paper</skos:prefLabel><skos:prefLabel xml:lang="sv">Papper</skos:prefLabel><skos:prefLabel xml:lang="mt">Karta</skos:prefLabel><skos:prefLabel xml:lang="el">Χαρτί</skos:prefLabel><skos:prefLabel xml:lang="en">Paper</skos:prefLabel><skos:prefLabel xml:lang="it">Carta</skos:prefLabel><skos:prefLabel xml:lang="es">Papel</skos:prefLabel><skos:prefLabel xml:lang="et">Paber</skos:prefLabel><skos:prefLabel xml:lang="eu">Paper</skos:prefLabel><skos:prefLabel xml:lang="cs">Papír</skos:prefLabel><skos:prefLabel xml:lang="pl">Papier</skos:prefLabel><skos:prefLabel xml:lang="ro">Hârtie</skos:prefLabel><skos:prefLabel xml:lang="da">Papir</skos:prefLabel><skos:prefLabel xml:lang="nl">Papier</skos:prefLabel><skos:note xml:lang="de">Werkstoff aus Fasern zum Beschreiben, Bedrucken und Verpacken</skos:note><skos:note xml:lang="fi">Ohut kuiduista tehty materiaali</skos:note><skos:note xml:lang="sv">Cellulosabaserat material</skos:note><skos:note xml:lang="ru">Волокнистый материал с минеральными добавками</skos:note><skos:note xml:lang="pt">Folha fina feita com pasta de fibras vegetais</skos:note><skos:note xml:lang="en">Thin, flexible material mainly used for writing upon, printing upon, drawing or for packaging</skos:note><skos:note xml:lang="it">Materiale igroscopico, costituito da materie prime fibrose</skos:note><skos:note xml:lang="fr">Matière fabriquée à partir de fibres cellulosiques végétales et animales</skos:note><skos:note xml:lang="es">Delgada hoja elaborada con pasta de fibras vegetales</skos:note><skos:note xml:lang="cs">Tenký, pružný, vláknitý materiál s minerálními přísadami, vyráběný převážně z celulózy, užívaný pro psaní, kreslení, tisk nebo k balení</skos:note><skos:note xml:lang="sk">Tenký, hladký materiál vyrábaný zhutnením vlákna</skos:note><skos:note xml:lang="pl">Podłoże pisarskie lub malarskie otrzymywane z makulatury, celulozy i włókien innych roślin</skos:note><skos:note xml:lang="da">Materiale man kan skrive og tegne på</skos:note><skos:note xml:lang="nl">Materiaal waarop kan worden geschreven en getekend en dat kan worden bedrukt door middel van een druktechniek</skos:note><skos:note xml:lang="ca">Làmina constituïda per un entramat tridimensional de fibres de cel·lulosa i altres substàncies</skos:note><skos:broader rdf:resource="http://data.europeana.eu/concept/2069"/><skos:exactMatch rdf:resource="http://www.wikidata.org/entity/Q11472"/><skos:exactMatch rdf:resource="https://d-nb.info/gnd/4044522-7"/><skos:exactMatch rdf:resource="http://id.loc.gov/authorities/names/sh85097578"/><skos:exactMatch rdf:resource="http://data.bnf.fr/ark:/12148/cb11949744d"/><skos:exactMatch rdf:resource="http://id.ndl.go.jp/auth/ndlna/00564806"/><skos:exactMatch rdf:resource="http://id.nlm.nih.gov/mesh/D010209"/><skos:exactMatch rdf:resource="http://purl.org/bncf/tid/1192"/><skos:exactMatch rdf:resource="https://www.freebase.com/m/0641k"/><skos:exactMatch rdf:resource="https://g.co/kg/m/0641k"/><skos:exactMatch rdf:resource="http://vocab.getty.edu/aat/300014109"/><skos:exactMatch rdf:resource="http://iconclass.org/49L641"/><skos:exactMatch rdf:resource="http://www.yso.fi/onto/yso/p8522"/><skos:exactMatch rdf:resource="http://babelnet.org/rdf/s00060464n"/><skos:exactMatch rdf:resource="http://thesaurus.europeanafashion.eu/thesaurus/10574"/><skos:exactMatch rdf:resource="http://zbw.eu/stw/descriptor/14802-1"/><skos:exactMatch rdf:resource="http://vocabularies.unesco.org/thesaurus/concept14922"/><skos:exactMatch rdf:resource="http://dbpedia.org/resource/Paper"/></skos:Concept><ore:Aggregation rdf:about="http://data.europeana.eu/aggregation/provider/2021672/resource_document_mauritshuis_1130"><edm:aggregatedCHO rdf:resource="http://data.europeana.eu/item/2021672/resource_document_mauritshuis_1130"/><edm:dataProvider rdf:resource="http://data.europeana.eu/organization/1482250000004509120"></edm:dataProvider><edm:isShownBy rdf:resource="https://www.mauritshuis.nl/media/4idgqzkn/1130-brief.jpg"/><edm:provider rdf:resource="http://data.europeana.eu/organization/1482250000004671093"></edm:provider><edm:rights rdf:resource="http://creativecommons.org/publicdomain/mark/1.0/"/></ore:Aggregation><ore:Proxy rdf:about="http://data.europeana.eu/proxy/europeana/2021672/resource_document_mauritshuis_1130"><dc:date rdf:resource="#1641%2F1641"></dc:date><dc:date rdf:resource="#1641%2F1641"></dc:date><dc:identifier>resource_document_mauritshuis_1130</dc:identifier><dc:type rdf:resource="http://data.europeana.eu/concept/2909"></dc:type><dcterms:medium rdf:resource="http://data.europeana.eu/concept/2090"></dcterms:medium><edm:europeanaProxy>true</edm:europeanaProxy><ore:proxyFor rdf:resource="http://data.europeana.eu/item/2021672/resource_document_mauritshuis_1130"/><ore:proxyIn rdf:resource="http://data.europeana.eu/aggregation/europeana/2021672/resource_document_mauritshuis_1130"/><ore:lineage rdf:resource="http://data.europeana.eu/proxy/provider/2021672/resource_document_mauritshuis_1130"/><edm:type>IMAGE</edm:type></ore:Proxy><ore:Proxy rdf:about="http://data.europeana.eu/proxy/provider/2021672/resource_document_mauritshuis_1130"><dc:creator>Johan Maurits van Nassau-Siegen</dc:creator><dc:date>1641 - 1641</dc:date><dc:identifier>1130</dc:identifier><dc:title xml:lang="nl-NL">Brief van Johan Maurits aan Constantijn Huygens</dc:title><dc:title xml:lang="en-GB">Letter from Johan Maurits to Constantijn Huygens</dc:title><dc:type xml:lang="nl-NL">brief</dc:type><dcterms:medium xml:lang="nl-NL">papier</dcterms:medium><dcterms:medium xml:lang="en-GB">paper</dcterms:medium><edm:europeanaProxy>false</edm:europeanaProxy><ore:proxyFor rdf:resource="http://data.europeana.eu/item/2021672/resource_document_mauritshuis_1130"/><ore:proxyIn rdf:resource="http://data.europeana.eu/aggregation/provider/2021672/resource_document_mauritshuis_1130"/><edm:type>IMAGE</edm:type></ore:Proxy><edm:EuropeanaAggregation rdf:about="http://data.europeana.eu/aggregation/europeana/2021672/resource_document_mauritshuis_1130"><edm:aggregatedCHO rdf:resource="http://data.europeana.eu/item/2021672/resource_document_mauritshuis_1130"/><edm:datasetName>2021672_Ag_NL_DigitaleCollectie_Mauritshuis</edm:datasetName><edm:country>Netherlands</edm:country><edm:preview rdf:resource="https://www.mauritshuis.nl/media/4idgqzkn/1130-brief.jpg"/><edm:landingPage rdf:resource="https://www.europeana.eu/item/2021672/resource_document_mauritshuis_1130"/><edm:language>nl</edm:language><edm:completeness>0</edm:completeness><dcterms:created>2017-08-02T11:48:17.707Z</dcterms:created><dcterms:modified>2023-02-28T08:45:41.077Z</dcterms:modified><dqv:hasQualityAnnotation rdf:resource="http://data.europeana.eu/item/2021672/resource_document_mauritshuis_1130#contentTier"/><dqv:hasQualityAnnotation rdf:resource="http://data.europeana.eu/item/2021672/resource_document_mauritshuis_1130#metadataTier"/></edm:EuropeanaAggregation><foaf:Organization rdf:about="http://data.europeana.eu/organization/1482250000004509120"><skos:prefLabel xml:lang="en">Mauritshuis</skos:prefLabel><skos:prefLabel xml:lang="nl">Mauritshuis</skos:prefLabel></foaf:Organization><foaf:Organization rdf:about="http://data.europeana.eu/organization/1482250000004671093"><skos:prefLabel xml:lang="en">Dutch Collections for Europe</skos:prefLabel></foaf:Organization><dqv:QualityAnnotation rdf:about="http://data.europeana.eu/item/2021672/resource_document_mauritshuis_1130#contentTier"><dcterms:created>2023-02-28T08:46:25.965945Z</dcterms:created><oa:hasTarget rdf:resource="http://data.europeana.eu/aggregation/provider/2021672/resource_document_mauritshuis_1130"/><oa:hasBody rdf:resource="http://www.europeana.eu/schemas/epf/contentTier4"/></dqv:QualityAnnotation><dqv:QualityAnnotation rdf:about="http://data.europeana.eu/item/2021672/resource_document_mauritshuis_1130#metadataTier"><dcterms:created>2023-02-28T08:46:25.965966Z</dcterms:created><oa:hasTarget rdf:resource="http://data.europeana.eu/aggregation/provider/2021672/resource_document_mauritshuis_1130"/><oa:hasBody rdf:resource="http://www.europeana.eu/schemas/epf/metadataTierA"/></dqv:QualityAnnotation></rdf:RDF>