<?xml version="1.0" encoding="UTF-8" standalone="yes"?><rdf:RDF xmlns:rdf="http://www.w3.org/1999/02/22-rdf-syntax-ns#" xmlns:dc="http://purl.org/dc/elements/1.1/" xmlns:dcterms="http://purl.org/dc/terms/" xmlns:edm="http://www.europeana.eu/schemas/edm/" xmlns:owl="http://www.w3.org/2002/07/owl#" xmlns:wgs84_pos="http://www.w3.org/2003/01/geo/wgs84_pos#" xmlns:skos="http://www.w3.org/2004/02/skos/core#" xmlns:rdaGr2="http://rdvocab.info/ElementsGr2/" xmlns:foaf="http://xmlns.com/foaf/0.1/" xmlns:ebucore="http://www.ebu.ch/metadata/ontologies/ebucore/ebucore#" xmlns:doap="http://usefulinc.com/ns/doap#" xmlns:odrl="http://www.w3.org/ns/odrl/2/" xmlns:cc="http://creativecommons.org/ns#" xmlns:ore="http://www.openarchives.org/ore/terms/" xmlns:svcs="http://rdfs.org/sioc/services#" xmlns:oa="http://www.w3.org/ns/oa#" xmlns:dqv="http://www.w3.org/ns/dqv#"><edm:ProvidedCHO rdf:about="http://data.europeana.eu/item/2021672/resource_document_mauritshuis_288"/><edm:WebResource rdf:about="https://www.mauritshuis.nl/media/rtxpvqwf/288.jpg"><ebucore:hasMimeType>image/jpeg</ebucore:hasMimeType><ebucore:fileByteSize rdf:datatype="http://www.w3.org/2001/XMLSchema#long">188033</ebucore:fileByteSize><ebucore:width rdf:datatype="http://www.w3.org/2001/XMLSchema#integer">1118</ebucore:width><ebucore:height rdf:datatype="http://www.w3.org/2001/XMLSchema#integer">1600</ebucore:height><edm:hasColorSpace>sRGB</edm:hasColorSpace><edm:componentColor rdf:datatype="http://www.w3.org/2001/XMLSchema#hexBinary">#DAA520</edm:componentColor><edm:componentColor rdf:datatype="http://www.w3.org/2001/XMLSchema#hexBinary">#696969</edm:componentColor><edm:componentColor rdf:datatype="http://www.w3.org/2001/XMLSchema#hexBinary">#E9967A</edm:componentColor><edm:componentColor rdf:datatype="http://www.w3.org/2001/XMLSchema#hexBinary">#800000</edm:componentColor><edm:componentColor rdf:datatype="http://www.w3.org/2001/XMLSchema#hexBinary">#191970</edm:componentColor><edm:componentColor rdf:datatype="http://www.w3.org/2001/XMLSchema#hexBinary">#CD853F</edm:componentColor><ebucore:orientation rdf:datatype="http://www.w3.org/2001/XMLSchema#string">portrait</ebucore:orientation></edm:WebResource><edm:TimeSpan rdf:about="http://data.europeana.eu/timespan/15"><skos:prefLabel xml:lang="de">15. Jahrhundert</skos:prefLabel><skos:prefLabel xml:lang="ru">XV век</skos:prefLabel><skos:prefLabel xml:lang="fi">1400-luku</skos:prefLabel><skos:prefLabel xml:lang="pt">Século XV</skos:prefLabel><skos:prefLabel xml:lang="bg">15 век</skos:prefLabel><skos:prefLabel xml:lang="lt">XV amžius</skos:prefLabel><skos:prefLabel xml:lang="lv">15. gadsimts</skos:prefLabel><skos:prefLabel xml:lang="hr">15. stoljeće</skos:prefLabel><skos:prefLabel xml:lang="fr">XVe siècle</skos:prefLabel><skos:prefLabel xml:lang="hu">15. század</skos:prefLabel><skos:prefLabel xml:lang="sk">15. storočie</skos:prefLabel><skos:prefLabel xml:lang="sl">15. stoletje</skos:prefLabel><skos:prefLabel xml:lang="ga">15ú haois</skos:prefLabel><skos:prefLabel xml:lang="ca">Segle XV</skos:prefLabel><skos:prefLabel xml:lang="sv">1400-talet</skos:prefLabel><skos:prefLabel xml:lang="el">15ος αιώνας</skos:prefLabel><skos:prefLabel xml:lang="en">15th century</skos:prefLabel><skos:prefLabel xml:lang="it">XV secolo</skos:prefLabel><skos:prefLabel xml:lang="es">Siglo XV</skos:prefLabel><skos:prefLabel xml:lang="et">15. sajand</skos:prefLabel><skos:prefLabel xml:lang="eu">XV. mendea</skos:prefLabel><skos:prefLabel xml:lang="cs">15. století</skos:prefLabel><skos:prefLabel xml:lang="pl">XV wiek</skos:prefLabel><skos:prefLabel xml:lang="ro">Secolul al XV-lea</skos:prefLabel><skos:prefLabel xml:lang="da">15. århundrede</skos:prefLabel><skos:prefLabel xml:lang="nl">15e eeuw</skos:prefLabel><skos:altLabel xml:lang="sv">15:e århundradet</skos:altLabel><skos:altLabel xml:lang="sv">15:e seklet</skos:altLabel><skos:altLabel xml:lang="sv">1400-tal</skos:altLabel><skos:altLabel xml:lang="sv">1400-talet (århundrade)</skos:altLabel><skos:altLabel xml:lang="sv">1400-talet (sekel)</skos:altLabel><skos:altLabel xml:lang="ru">15 век</skos:altLabel><skos:altLabel xml:lang="en">15th-century</skos:altLabel><skos:altLabel xml:lang="en">15th-century</skos:altLabel><skos:altLabel xml:lang="en">Quatro Cento</skos:altLabel><skos:altLabel xml:lang="it">Quattrocento</skos:altLabel><skos:altLabel xml:lang="it">15° secolo</skos:altLabel><skos:altLabel xml:lang="it">Secolo XV</skos:altLabel><skos:altLabel xml:lang="it">XV Secolo</skos:altLabel><skos:altLabel xml:lang="it">Quindicesimo secolo</skos:altLabel><skos:altLabel xml:lang="it">XV secolo d.C</skos:altLabel><skos:altLabel xml:lang="it">Quattrocento</skos:altLabel><skos:altLabel xml:lang="fr">15e siècle</skos:altLabel><edm:begin>1401-01-01</edm:begin><edm:end>1500-01-01</edm:end><owl:sameAs rdf:resource="http://www.wikidata.org/entity/Q7018"/><owl:sameAs rdf:resource="http://id.loc.gov/authorities/names/sh85048142"/><owl:sameAs rdf:resource="http://id.nlm.nih.gov/mesh/D049668"/><owl:sameAs rdf:resource="https://www.freebase.com/m/08b1m"/><owl:sameAs rdf:resource="https://g.co/kg/m/08b1m"/><owl:sameAs rdf:resource="http://vocab.getty.edu/aat/300404465"/><owl:sameAs rdf:resource="http://babelnet.org/rdf/s02814426n"/><owl:sameAs rdf:resource="http://dbpedia.org/resource/15th_century"/></edm:TimeSpan><edm:TimeSpan rdf:about="#1482%2F1482"><skos:prefLabel xml:lang="zxx">1482/1482</skos:prefLabel><dcterms:isPartOf rdf:resource="http://data.europeana.eu/timespan/15"></dcterms:isPartOf><edm:begin>1482-01-01</edm:begin><edm:end>1482-12-31</edm:end></edm:TimeSpan><ore:Aggregation rdf:about="http://data.europeana.eu/aggregation/provider/2021672/resource_document_mauritshuis_288"><edm:aggregatedCHO rdf:resource="http://data.europeana.eu/item/2021672/resource_document_mauritshuis_288"/><edm:dataProvider rdf:resource="http://data.europeana.eu/organization/1482250000004509120"></edm:dataProvider><edm:isShownBy rdf:resource="https://www.mauritshuis.nl/media/rtxpvqwf/288.jpg"/><edm:provider rdf:resource="http://data.europeana.eu/organization/1482250000004671093"></edm:provider><edm:rights rdf:resource="http://creativecommons.org/publicdomain/mark/1.0/"/></ore:Aggregation><ore:Proxy rdf:about="http://data.europeana.eu/proxy/provider/2021672/resource_document_mauritshuis_288"><dc:creator>Piero di Cosimo</dc:creator><dc:date>1482 - 1482</dc:date><dc:format>33.5 cm</dc:format><dc:format>47.2 cm</dc:format><dc:identifier>288</dc:identifier><dc:title xml:lang="nl-NL">Portret van Giuliano da Sangallo (1445-1516), zoon van Francesco Giamberti</dc:title><dc:title xml:lang="en-GB">Portrait of Giuliano da Sangallo (1445-1516), Son of Francesco Giamberti</dc:title><dc:type xml:lang="nl-NL">schilderij</dc:type><dc:type xml:lang="en-GB">painting</dc:type><dcterms:medium xml:lang="nl-NL">paneel</dcterms:medium><dcterms:medium xml:lang="en-GB">panel</dcterms:medium><edm:europeanaProxy>false</edm:europeanaProxy><ore:proxyFor rdf:resource="http://data.europeana.eu/item/2021672/resource_document_mauritshuis_288"/><ore:proxyIn rdf:resource="http://data.europeana.eu/aggregation/provider/2021672/resource_document_mauritshuis_288"/><edm:type>IMAGE</edm:type></ore:Proxy><ore:Proxy rdf:about="http://data.europeana.eu/proxy/europeana/2021672/resource_document_mauritshuis_288"><dc:date rdf:resource="#1482%2F1482"></dc:date><dc:date rdf:resource="#1482%2F1482"></dc:date><dc:identifier>resource_document_mauritshuis_288</dc:identifier><edm:europeanaProxy>true</edm:europeanaProxy><ore:proxyFor rdf:resource="http://data.europeana.eu/item/2021672/resource_document_mauritshuis_288"/><ore:proxyIn rdf:resource="http://data.europeana.eu/aggregation/europeana/2021672/resource_document_mauritshuis_288"/><ore:lineage rdf:resource="http://data.europeana.eu/proxy/provider/2021672/resource_document_mauritshuis_288"/><edm:type>IMAGE</edm:type></ore:Proxy><edm:EuropeanaAggregation rdf:about="http://data.europeana.eu/aggregation/europeana/2021672/resource_document_mauritshuis_288"><edm:aggregatedCHO rdf:resource="http://data.europeana.eu/item/2021672/resource_document_mauritshuis_288"/><edm:datasetName>2021672_Ag_NL_DigitaleCollectie_Mauritshuis</edm:datasetName><edm:country>Netherlands</edm:country><edm:preview rdf:resource="https://www.mauritshuis.nl/media/rtxpvqwf/288.jpg"/><edm:landingPage rdf:resource="https://www.europeana.eu/item/2021672/resource_document_mauritshuis_288"/><edm:language>nl</edm:language><edm:completeness>0</edm:completeness><dcterms:created>2017-08-02T11:48:21.505Z</dcterms:created><dcterms:modified>2023-02-28T08:45:41.077Z</dcterms:modified><dqv:hasQualityAnnotation rdf:resource="http://data.europeana.eu/item/2021672/resource_document_mauritshuis_288#contentTier"/><dqv:hasQualityAnnotation rdf:resource="http://data.europeana.eu/item/2021672/resource_document_mauritshuis_288#metadataTier"/></edm:EuropeanaAggregation><foaf:Organization rdf:about="http://data.europeana.eu/organization/1482250000004509120"><skos:prefLabel xml:lang="en">Mauritshuis</skos:prefLabel><skos:prefLabel xml:lang="nl">Mauritshuis</skos:prefLabel></foaf:Organization><foaf:Organization rdf:about="http://data.europeana.eu/organization/1482250000004671093"><skos:prefLabel xml:lang="en">Dutch Collections for Europe</skos:prefLabel></foaf:Organization><dqv:QualityAnnotation rdf:about="http://data.europeana.eu/item/2021672/resource_document_mauritshuis_288#contentTier"><dcterms:created>2023-02-28T08:45:55.888547Z</dcterms:created><oa:hasTarget rdf:resource="http://data.europeana.eu/aggregation/provider/2021672/resource_document_mauritshuis_288"/><oa:hasBody rdf:resource="http://www.europeana.eu/schemas/epf/contentTier4"/></dqv:QualityAnnotation><dqv:QualityAnnotation rdf:about="http://data.europeana.eu/item/2021672/resource_document_mauritshuis_288#metadataTier"><dcterms:created>2023-02-28T08:45:55.888567Z</dcterms:created><oa:hasTarget rdf:resource="http://data.europeana.eu/aggregation/provider/2021672/resource_document_mauritshuis_288"/><oa:hasBody rdf:resource="http://www.europeana.eu/schemas/epf/metadataTierA"/></dqv:QualityAnnotation></rdf:RDF>