<?xml version="1.0" encoding="UTF-8" standalone="yes"?><rdf:RDF xmlns:rdf="http://www.w3.org/1999/02/22-rdf-syntax-ns#" xmlns:dc="http://purl.org/dc/elements/1.1/" xmlns:dcterms="http://purl.org/dc/terms/" xmlns:edm="http://www.europeana.eu/schemas/edm/" xmlns:owl="http://www.w3.org/2002/07/owl#" xmlns:wgs84_pos="http://www.w3.org/2003/01/geo/wgs84_pos#" xmlns:skos="http://www.w3.org/2004/02/skos/core#" xmlns:rdaGr2="http://rdvocab.info/ElementsGr2/" xmlns:foaf="http://xmlns.com/foaf/0.1/" xmlns:ebucore="http://www.ebu.ch/metadata/ontologies/ebucore/ebucore#" xmlns:doap="http://usefulinc.com/ns/doap#" xmlns:odrl="http://www.w3.org/ns/odrl/2/" xmlns:cc="http://creativecommons.org/ns#" xmlns:ore="http://www.openarchives.org/ore/terms/" xmlns:svcs="http://rdfs.org/sioc/services#" xmlns:oa="http://www.w3.org/ns/oa#" xmlns:dqv="http://www.w3.org/ns/dqv#"><edm:ProvidedCHO rdf:about="http://data.europeana.eu/item/2021672/resource_document_mauritshuis_1207"/><edm:WebResource rdf:about="https://www.mauritshuis.nl/media/lzzd11wu/1206-1207.jpg"><ebucore:hasMimeType>image/jpeg</ebucore:hasMimeType><ebucore:fileByteSize rdf:datatype="http://www.w3.org/2001/XMLSchema#long">589478</ebucore:fileByteSize><ebucore:width rdf:datatype="http://www.w3.org/2001/XMLSchema#integer">1439</ebucore:width><ebucore:height rdf:datatype="http://www.w3.org/2001/XMLSchema#integer">1506</ebucore:height><edm:hasColorSpace>sRGB</edm:hasColorSpace><edm:componentColor rdf:datatype="http://www.w3.org/2001/XMLSchema#hexBinary">#DB7093</edm:componentColor><edm:componentColor rdf:datatype="http://www.w3.org/2001/XMLSchema#hexBinary">#A0522D</edm:componentColor><edm:componentColor rdf:datatype="http://www.w3.org/2001/XMLSchema#hexBinary">#C0C0C0</edm:componentColor><edm:componentColor rdf:datatype="http://www.w3.org/2001/XMLSchema#hexBinary">#808080</edm:componentColor><edm:componentColor rdf:datatype="http://www.w3.org/2001/XMLSchema#hexBinary">#2F4F4F</edm:componentColor><edm:componentColor rdf:datatype="http://www.w3.org/2001/XMLSchema#hexBinary">#FFE4C4</edm:componentColor><ebucore:orientation rdf:datatype="http://www.w3.org/2001/XMLSchema#string">portrait</ebucore:orientation></edm:WebResource><edm:Agent rdf:about="http://data.europeana.eu/agent/65916"><skos:prefLabel xml:lang="de">Keith Fullerton Whitman</skos:prefLabel><skos:prefLabel xml:lang="sv">Keith Fullerton Whitman</skos:prefLabel><skos:prefLabel xml:lang="sl">Keith Fullerton Whitman</skos:prefLabel><skos:prefLabel xml:lang="en">Keith Fullerton Whitman</skos:prefLabel><skos:prefLabel xml:lang="ga">Keith Fullerton Whitman</skos:prefLabel><skos:prefLabel xml:lang="it">Keith Fullerton Whitman</skos:prefLabel><skos:prefLabel xml:lang="pl">Keith Fullerton Whitman</skos:prefLabel><skos:prefLabel xml:lang="fr">Keith Fullerton Whitman</skos:prefLabel><skos:prefLabel xml:lang="da">Keith Fullerton Whitman</skos:prefLabel><skos:prefLabel xml:lang="ca">Keith Fullerton Whitman</skos:prefLabel><skos:prefLabel xml:lang="nl">Keith Fullerton Whitman</skos:prefLabel><skos:prefLabel xml:lang="es">Keith Fullerton Whitman</skos:prefLabel><skos:altLabel xml:lang="en">KFW</skos:altLabel><skos:altLabel xml:lang="en">Hrvatski</skos:altLabel><skos:altLabel xml:lang="en">ASCIII</skos:altLabel><skos:altLabel xml:lang="en">Anonymous</skos:altLabel><skos:altLabel xml:lang="en">DJ Marzipan</skos:altLabel><skos:altLabel xml:lang="en">DJ Zapruderfilm</skos:altLabel><skos:altLabel xml:lang="en">Russolo</skos:altLabel><skos:altLabel xml:lang="en">The Superlatives</skos:altLabel><skos:altLabel xml:lang="en">Kokoskulur</skos:altLabel><skos:altLabel xml:lang="en">Fullerton</skos:altLabel><skos:altLabel xml:lang="en">MC Snudur</skos:altLabel><skos:altLabel xml:lang="en">Mouly/Hubley/Leroux</skos:altLabel><skos:altLabel xml:lang="en">Sick</skos:altLabel><skos:note xml:lang="eu">Musikari estatubatuarra</skos:note><skos:note xml:lang="fi">Yhdysvaltalainen muusikko</skos:note><skos:note xml:lang="sv">Amerikansk musiker</skos:note><skos:note xml:lang="pt">Músico norte-americano</skos:note><skos:note xml:lang="en">American electronic musician</skos:note><skos:note xml:lang="it">Musicista statunitense</skos:note><skos:note xml:lang="fr">Musicien américain</skos:note><skos:note xml:lang="da">Amerikansk musiker</skos:note><skos:note xml:lang="es">Músico estadounidense</skos:note><skos:note xml:lang="ca">Músic estatunidenc</skos:note><skos:note xml:lang="nl">Amerikaans muzikant</skos:note><edm:hasMet rdf:resource="http://data.europeana.eu/concept/1647"/><rdaGr2:dateOfBirth>1973-05-29</rdaGr2:dateOfBirth><owl:sameAs rdf:resource="http://www.wikidata.org/entity/Q4568516"/><owl:sameAs rdf:resource="http://viaf.org/viaf/308179086"/><owl:sameAs rdf:resource="https://d-nb.info/gnd/1049316258"/><owl:sameAs rdf:resource="https://www.freebase.com/m/01nby00"/><owl:sameAs rdf:resource="https://g.co/kg/m/01nby00"/><owl:sameAs rdf:resource="http://dbpedia.org/resource/Keith_Fullerton_Whitman"/></edm:Agent><edm:TimeSpan rdf:about="http://data.europeana.eu/timespan/17"><skos:prefLabel xml:lang="de">17. Jahrhundert</skos:prefLabel><skos:prefLabel xml:lang="ru">XVII век</skos:prefLabel><skos:prefLabel xml:lang="fi">1600-luku</skos:prefLabel><skos:prefLabel xml:lang="pt">Século XVII</skos:prefLabel><skos:prefLabel xml:lang="bg">17 век</skos:prefLabel><skos:prefLabel xml:lang="lt">XVII amžius</skos:prefLabel><skos:prefLabel xml:lang="lv">17. gadsimts</skos:prefLabel><skos:prefLabel xml:lang="hr">17. stoljeće</skos:prefLabel><skos:prefLabel xml:lang="fr">XVIIe siècle</skos:prefLabel><skos:prefLabel xml:lang="hu">17. század</skos:prefLabel><skos:prefLabel xml:lang="sk">17. storočie</skos:prefLabel><skos:prefLabel xml:lang="sl">17. stoletje</skos:prefLabel><skos:prefLabel xml:lang="ga">17ú haois</skos:prefLabel><skos:prefLabel xml:lang="ca">Segle XVII</skos:prefLabel><skos:prefLabel xml:lang="sv">1600-talet</skos:prefLabel><skos:prefLabel xml:lang="mt">Seklu XVII</skos:prefLabel><skos:prefLabel xml:lang="el">17ος αιώνας</skos:prefLabel><skos:prefLabel xml:lang="en">17th century</skos:prefLabel><skos:prefLabel xml:lang="it">XVII secolo</skos:prefLabel><skos:prefLabel xml:lang="es">Siglo XVII</skos:prefLabel><skos:prefLabel xml:lang="et">17. sajand</skos:prefLabel><skos:prefLabel xml:lang="eu">XVII. mendea</skos:prefLabel><skos:prefLabel xml:lang="cs">17. století</skos:prefLabel><skos:prefLabel xml:lang="pl">XVII wiek</skos:prefLabel><skos:prefLabel xml:lang="ro">Secolul al XVII-lea</skos:prefLabel><skos:prefLabel xml:lang="da">17. århundrede</skos:prefLabel><skos:prefLabel xml:lang="nl">17e eeuw</skos:prefLabel><skos:altLabel xml:lang="sv">1600-tal</skos:altLabel><skos:altLabel xml:lang="sv">17:e århundradet</skos:altLabel><skos:altLabel xml:lang="sv">17:e seklet</skos:altLabel><skos:altLabel xml:lang="sv">1600-talet (århundrade)</skos:altLabel><skos:altLabel xml:lang="sv">1600-talet (sekel)</skos:altLabel><skos:altLabel xml:lang="ru">17 век</skos:altLabel><skos:altLabel xml:lang="mt">Seklu 17</skos:altLabel><skos:altLabel xml:lang="en">17th-century</skos:altLabel><skos:altLabel xml:lang="en">17th-century</skos:altLabel><skos:altLabel xml:lang="en">History, 17th Century</skos:altLabel><skos:altLabel xml:lang="it">Seicento</skos:altLabel><skos:altLabel xml:lang="it">17° secolo</skos:altLabel><skos:altLabel xml:lang="it">Secolo XVII</skos:altLabel><skos:altLabel xml:lang="it">XVII Secolo</skos:altLabel><skos:altLabel xml:lang="it">Diciassettesimo secolo</skos:altLabel><skos:altLabel xml:lang="it">'600</skos:altLabel><skos:altLabel xml:lang="it">17º secolo</skos:altLabel><skos:altLabel xml:lang="it">Seicento</skos:altLabel><skos:altLabel xml:lang="fr">17e siècle</skos:altLabel><edm:begin>1601-01-01</edm:begin><edm:end>1700-12-31</edm:end><owl:sameAs rdf:resource="http://www.wikidata.org/entity/Q7016"/><owl:sameAs rdf:resource="http://id.loc.gov/authorities/names/sh85120427"/><owl:sameAs rdf:resource="http://data.bnf.fr/ark:/12148/cb120419182"/><owl:sameAs rdf:resource="http://id.nlm.nih.gov/mesh/D049670"/><owl:sameAs rdf:resource="https://www.freebase.com/m/08b2m"/><owl:sameAs rdf:resource="https://g.co/kg/m/08b2m"/><owl:sameAs rdf:resource="http://id.nlm.nih.gov/mesh/K01.400.504.750"/><owl:sameAs rdf:resource="http://vocab.getty.edu/aat/300404511"/><owl:sameAs rdf:resource="http://babelnet.org/rdf/s02814624n"/><owl:sameAs rdf:resource="http://dbpedia.org/resource/17th_century"/></edm:TimeSpan><edm:TimeSpan rdf:about="#1676%2F1676"><skos:prefLabel xml:lang="zxx">1676/1676</skos:prefLabel><dcterms:isPartOf rdf:resource="http://data.europeana.eu/timespan/17"></dcterms:isPartOf><edm:begin>1676-01-01</edm:begin><edm:end>1676-12-31</edm:end></edm:TimeSpan><skos:Concept rdf:about="http://data.europeana.eu/concept/2271"><skos:prefLabel xml:lang="de">Kamm</skos:prefLabel><skos:prefLabel xml:lang="sv">Kam</skos:prefLabel><skos:prefLabel xml:lang="ru">Расчёска</skos:prefLabel><skos:prefLabel xml:lang="fi">Kampa</skos:prefLabel><skos:prefLabel xml:lang="pt">Pente</skos:prefLabel><skos:prefLabel xml:lang="bg">Гребен</skos:prefLabel><skos:prefLabel xml:lang="el">Χτενάκι</skos:prefLabel><skos:prefLabel xml:lang="lt">Šukos</skos:prefLabel><skos:prefLabel xml:lang="en">Comb</skos:prefLabel><skos:prefLabel xml:lang="lv">Ķemme</skos:prefLabel><skos:prefLabel xml:lang="it">Pettine</skos:prefLabel><skos:prefLabel xml:lang="fr">Peigne</skos:prefLabel><skos:prefLabel xml:lang="hu">Fésű</skos:prefLabel><skos:prefLabel xml:lang="es">Peineta</skos:prefLabel><skos:prefLabel xml:lang="et">Kamm</skos:prefLabel><skos:prefLabel xml:lang="eu">Orrazi</skos:prefLabel><skos:prefLabel xml:lang="cs">Hřeben</skos:prefLabel><skos:prefLabel xml:lang="pl">Grzebień</skos:prefLabel><skos:prefLabel xml:lang="da">Kam</skos:prefLabel><skos:prefLabel xml:lang="ro">Pieptene</skos:prefLabel><skos:prefLabel xml:lang="nl">Kam</skos:prefLabel><skos:prefLabel xml:lang="ca">Pinta (ornament)</skos:prefLabel><skos:note xml:lang="pt">Ornamento decorativo de cabelo, com dois ou mais dentes</skos:note><skos:note xml:lang="en">Decorative ornament for the hair having two or more teeth for securing the ornament</skos:note><skos:note xml:lang="fr">Ornement décoratif se portant dans les cheveux, muni de deux ou plusieurs dents</skos:note><skos:note xml:lang="ca">Peça material decorativa del cabell que se subjecta amb dos o més dents o pues que la mantenen fixa</skos:note><skos:broader rdf:resource="http://data.europeana.eu/concept/2381"/><skos:exactMatch rdf:resource="http://www.wikidata.org/entity/Q50316288"/><skos:exactMatch rdf:resource="http://vocab.getty.edu/aat/300046265"/><skos:exactMatch rdf:resource="http://thesaurus.europeanafashion.eu/thesaurus/10446"/></skos:Concept><skos:Concept rdf:about="http://data.europeana.eu/concept/2144"><skos:prefLabel xml:lang="de">Schildpatt</skos:prefLabel><skos:prefLabel xml:lang="sv">Sköldpadd</skos:prefLabel><skos:prefLabel xml:lang="ru">Черепаховая кость</skos:prefLabel><skos:prefLabel xml:lang="el">Ταρταρούγα</skos:prefLabel><skos:prefLabel xml:lang="en">Tortoise shell</skos:prefLabel><skos:prefLabel xml:lang="it">Tartaruga</skos:prefLabel><skos:prefLabel xml:lang="fr">Carapace de tortue</skos:prefLabel><skos:prefLabel xml:lang="es">Carey</skos:prefLabel><skos:prefLabel xml:lang="cs">Želvovina</skos:prefLabel><skos:prefLabel xml:lang="sk">Korytnačina</skos:prefLabel><skos:prefLabel xml:lang="pl">Szylkret</skos:prefLabel><skos:prefLabel xml:lang="da">Skildpadde</skos:prefLabel><skos:prefLabel xml:lang="nl">Schildpad</skos:prefLabel><skos:prefLabel xml:lang="ca">Carei</skos:prefLabel><skos:note xml:lang="de">Biogenes Material, das aus den flachen Hornschuppen des Rückenschildes von drei Arten von Meeresschildkröten gewonnen werden kann</skos:note><skos:note xml:lang="en">Mottled, flexible, brownish material made from the shells of turtles</skos:note><skos:note xml:lang="it">Materiale derivato dal carapace delle tartarughe</skos:note><skos:note xml:lang="pl">Materiał dekoracyjny z masy rogowej tworzącej wierzchnią warstwę pancerza niektórych żółwi morskich</skos:note><skos:note xml:lang="nl">Materiaal van de hoornplaten uit de schilden van schildpadden</skos:note><skos:note xml:lang="es">Material del caparazón de tortuga</skos:note><skos:broader rdf:resource="http://data.europeana.eu/concept/1985"/><skos:exactMatch rdf:resource="http://www.wikidata.org/entity/Q2141546"/><skos:exactMatch rdf:resource="https://d-nb.info/gnd/4403338-2"/><skos:exactMatch rdf:resource="https://www.freebase.com/m/0f2jw5"/><skos:exactMatch rdf:resource="https://g.co/kg/m/0f2jw5"/><skos:exactMatch rdf:resource="http://vocab.getty.edu/aat/300011837"/><skos:exactMatch rdf:resource="http://thesaurus.europeanafashion.eu/thesaurus/10583"/><skos:exactMatch rdf:resource="http://dbpedia.org/resource/Tortoiseshell"/></skos:Concept><ore:Aggregation rdf:about="http://data.europeana.eu/aggregation/provider/2021672/resource_document_mauritshuis_1207"><edm:aggregatedCHO rdf:resource="http://data.europeana.eu/item/2021672/resource_document_mauritshuis_1207"/><edm:dataProvider rdf:resource="http://data.europeana.eu/organization/1482250000004509120"></edm:dataProvider><edm:isShownBy rdf:resource="https://www.mauritshuis.nl/media/lzzd11wu/1206-1207.jpg"/><edm:provider rdf:resource="http://data.europeana.eu/organization/1482250000004671093"></edm:provider><edm:rights rdf:resource="http://creativecommons.org/publicdomain/mark/1.0/"/></ore:Aggregation><ore:Proxy rdf:about="http://data.europeana.eu/proxy/provider/2021672/resource_document_mauritshuis_1207"><dc:creator>Anonymous</dc:creator><dc:creator>Anoniem</dc:creator><dc:date>1676 - 1676</dc:date><dc:format>13.2 cm</dc:format><dc:format>21 cm</dc:format><dc:identifier>1207</dc:identifier><dc:title xml:lang="nl-NL">Schildpaddenkam, behorende aan Thomas Hees (1634-1692)</dc:title><dc:title xml:lang="en-GB">Tortoise Shell Comb, belonging to Thomas Hees (1634-1692)</dc:title><dc:type xml:lang="nl-NL">kam</dc:type><dcterms:medium xml:lang="nl-NL">schildpad</dcterms:medium><edm:europeanaProxy>false</edm:europeanaProxy><ore:proxyFor rdf:resource="http://data.europeana.eu/item/2021672/resource_document_mauritshuis_1207"/><ore:proxyIn rdf:resource="http://data.europeana.eu/aggregation/provider/2021672/resource_document_mauritshuis_1207"/><edm:type>IMAGE</edm:type></ore:Proxy><ore:Proxy rdf:about="http://data.europeana.eu/proxy/europeana/2021672/resource_document_mauritshuis_1207"><dc:creator rdf:resource="http://data.europeana.eu/agent/65916"></dc:creator><dc:date rdf:resource="#1676%2F1676"></dc:date><dc:date rdf:resource="#1676%2F1676"></dc:date><dc:identifier>resource_document_mauritshuis_1207</dc:identifier><dc:type rdf:resource="http://data.europeana.eu/concept/2271"></dc:type><dcterms:medium rdf:resource="http://data.europeana.eu/concept/2144"></dcterms:medium><edm:europeanaProxy>true</edm:europeanaProxy><ore:proxyFor rdf:resource="http://data.europeana.eu/item/2021672/resource_document_mauritshuis_1207"/><ore:proxyIn rdf:resource="http://data.europeana.eu/aggregation/europeana/2021672/resource_document_mauritshuis_1207"/><ore:lineage rdf:resource="http://data.europeana.eu/proxy/provider/2021672/resource_document_mauritshuis_1207"/><edm:type>IMAGE</edm:type></ore:Proxy><edm:EuropeanaAggregation rdf:about="http://data.europeana.eu/aggregation/europeana/2021672/resource_document_mauritshuis_1207"><edm:aggregatedCHO rdf:resource="http://data.europeana.eu/item/2021672/resource_document_mauritshuis_1207"/><edm:datasetName>2021672_Ag_NL_DigitaleCollectie_Mauritshuis</edm:datasetName><edm:country>Netherlands</edm:country><edm:preview rdf:resource="https://www.mauritshuis.nl/media/lzzd11wu/1206-1207.jpg"/><edm:landingPage rdf:resource="https://www.europeana.eu/item/2021672/resource_document_mauritshuis_1207"/><edm:language>nl</edm:language><edm:completeness>0</edm:completeness><dcterms:created>2017-08-02T11:48:18.708Z</dcterms:created><dcterms:modified>2023-02-28T08:45:41.077Z</dcterms:modified><dqv:hasQualityAnnotation rdf:resource="http://data.europeana.eu/item/2021672/resource_document_mauritshuis_1207#contentTier"/><dqv:hasQualityAnnotation rdf:resource="http://data.europeana.eu/item/2021672/resource_document_mauritshuis_1207#metadataTier"/></edm:EuropeanaAggregation><foaf:Organization rdf:about="http://data.europeana.eu/organization/1482250000004509120"><skos:prefLabel xml:lang="en">Mauritshuis</skos:prefLabel><skos:prefLabel xml:lang="nl">Mauritshuis</skos:prefLabel></foaf:Organization><foaf:Organization rdf:about="http://data.europeana.eu/organization/1482250000004671093"><skos:prefLabel xml:lang="en">Dutch Collections for Europe</skos:prefLabel></foaf:Organization><dqv:QualityAnnotation rdf:about="http://data.europeana.eu/item/2021672/resource_document_mauritshuis_1207#contentTier"><dcterms:created>2023-02-28T08:45:52.189074Z</dcterms:created><oa:hasTarget rdf:resource="http://data.europeana.eu/aggregation/provider/2021672/resource_document_mauritshuis_1207"/><oa:hasBody rdf:resource="http://www.europeana.eu/schemas/epf/contentTier4"/></dqv:QualityAnnotation><dqv:QualityAnnotation rdf:about="http://data.europeana.eu/item/2021672/resource_document_mauritshuis_1207#metadataTier"><dcterms:created>2023-02-28T08:45:52.189108Z</dcterms:created><oa:hasTarget rdf:resource="http://data.europeana.eu/aggregation/provider/2021672/resource_document_mauritshuis_1207"/><oa:hasBody rdf:resource="http://www.europeana.eu/schemas/epf/metadataTierA"/></dqv:QualityAnnotation></rdf:RDF>