<?xml version="1.0" encoding="UTF-8" standalone="yes"?><rdf:RDF xmlns:rdf="http://www.w3.org/1999/02/22-rdf-syntax-ns#" xmlns:dc="http://purl.org/dc/elements/1.1/" xmlns:dcterms="http://purl.org/dc/terms/" xmlns:edm="http://www.europeana.eu/schemas/edm/" xmlns:owl="http://www.w3.org/2002/07/owl#" xmlns:wgs84_pos="http://www.w3.org/2003/01/geo/wgs84_pos#" xmlns:skos="http://www.w3.org/2004/02/skos/core#" xmlns:rdaGr2="http://rdvocab.info/ElementsGr2/" xmlns:foaf="http://xmlns.com/foaf/0.1/" xmlns:ebucore="http://www.ebu.ch/metadata/ontologies/ebucore/ebucore#" xmlns:doap="http://usefulinc.com/ns/doap#" xmlns:odrl="http://www.w3.org/ns/odrl/2/" xmlns:cc="http://creativecommons.org/ns#" xmlns:ore="http://www.openarchives.org/ore/terms/" xmlns:svcs="http://rdfs.org/sioc/services#" xmlns:oa="http://www.w3.org/ns/oa#" xmlns:dqv="http://www.w3.org/ns/dqv#"><edm:ProvidedCHO rdf:about="http://data.europeana.eu/item/2021672/resource_document_mauritshuis_362"/><edm:WebResource rdf:about="https://www.mauritshuis.nl/media/atjg1gd4/362.jpg"><ebucore:hasMimeType>image/jpeg</ebucore:hasMimeType><ebucore:fileByteSize rdf:datatype="http://www.w3.org/2001/XMLSchema#long">16666</ebucore:fileByteSize><ebucore:width rdf:datatype="http://www.w3.org/2001/XMLSchema#integer">268</ebucore:width><ebucore:height rdf:datatype="http://www.w3.org/2001/XMLSchema#integer">474</ebucore:height><edm:hasColorSpace>sRGB</edm:hasColorSpace><edm:componentColor rdf:datatype="http://www.w3.org/2001/XMLSchema#hexBinary">#708090</edm:componentColor><edm:componentColor rdf:datatype="http://www.w3.org/2001/XMLSchema#hexBinary">#D8BFD8</edm:componentColor><edm:componentColor rdf:datatype="http://www.w3.org/2001/XMLSchema#hexBinary">#A9A9A9</edm:componentColor><edm:componentColor rdf:datatype="http://www.w3.org/2001/XMLSchema#hexBinary">#191970</edm:componentColor><edm:componentColor rdf:datatype="http://www.w3.org/2001/XMLSchema#hexBinary">#778899</edm:componentColor><edm:componentColor rdf:datatype="http://www.w3.org/2001/XMLSchema#hexBinary">#800000</edm:componentColor><ebucore:orientation rdf:datatype="http://www.w3.org/2001/XMLSchema#string">portrait</ebucore:orientation></edm:WebResource><skos:Concept rdf:about="http://data.europeana.eu/concept/51"><skos:prefLabel xml:lang="de">Bildhauerkunst</skos:prefLabel><skos:prefLabel xml:lang="ru">Скульптура</skos:prefLabel><skos:prefLabel xml:lang="fi">Kuvanveisto</skos:prefLabel><skos:prefLabel xml:lang="pt">Escultura</skos:prefLabel><skos:prefLabel xml:lang="bg">Скулптура</skos:prefLabel><skos:prefLabel xml:lang="lt">Skulptūra</skos:prefLabel><skos:prefLabel xml:lang="lv">Tēlniecība</skos:prefLabel><skos:prefLabel xml:lang="hr">Kiparstvo</skos:prefLabel><skos:prefLabel xml:lang="fr">Sculpture</skos:prefLabel><skos:prefLabel xml:lang="hu">Szobrászat</skos:prefLabel><skos:prefLabel xml:lang="sk">Sochárstvo</skos:prefLabel><skos:prefLabel xml:lang="sl">Kiparstvo</skos:prefLabel><skos:prefLabel xml:lang="ga">Dealbhóireacht</skos:prefLabel><skos:prefLabel xml:lang="ca">Escultura</skos:prefLabel><skos:prefLabel xml:lang="sv">Bildhuggeri</skos:prefLabel><skos:prefLabel xml:lang="mt">Skultura</skos:prefLabel><skos:prefLabel xml:lang="el">Γλυπτική</skos:prefLabel><skos:prefLabel xml:lang="en">Art of sculpture</skos:prefLabel><skos:prefLabel xml:lang="it">Scultura</skos:prefLabel><skos:prefLabel xml:lang="es">Escultura</skos:prefLabel><skos:prefLabel xml:lang="et">Skulptuur</skos:prefLabel><skos:prefLabel xml:lang="eu">Eskulturagintza</skos:prefLabel><skos:prefLabel xml:lang="cs">Sochařství</skos:prefLabel><skos:prefLabel xml:lang="pl">Rzeźbiarstwo</skos:prefLabel><skos:prefLabel xml:lang="ro">Sculptură</skos:prefLabel><skos:prefLabel xml:lang="da">Skulpturkunst</skos:prefLabel><skos:prefLabel xml:lang="nl">Beeldhouwkunst</skos:prefLabel><skos:note xml:lang="de">Gattung der bildenden Kunst, in der aus festen Stoffen bestehende, dreidimensionale Bildwerke geschaffen wurden und werden</skos:note><skos:note xml:lang="fi">Kuvataiteellista ilmaisua kolmiulotteisessa muodossa</skos:note><skos:note xml:lang="sv">Tredimensionellt konstverk</skos:note><skos:note xml:lang="ru">Разновидность искусства</skos:note><skos:note xml:lang="pt">Ramo das artes visuais (não confundir com Q860861, para obras de escultura)</skos:note><skos:note xml:lang="el">Μία εκ των καλών τεχνών, μορφή καλλιτεχνικής έκφρασης</skos:note><skos:note xml:lang="en">Branch of the visual arts that operates in three dimensions</skos:note><skos:note xml:lang="it">Arte di dare forma ad un oggetto partendo da un materiale grezzo o assemblando diversi materiali</skos:note><skos:note xml:lang="fr">Un des beaux arts, activité artistique</skos:note><skos:note xml:lang="es">Actividad artística, rama de las artes visuales</skos:note><skos:note xml:lang="et">Kujutava kunsti liik</skos:note><skos:note xml:lang="sk">Umenie vytvárania trojrozmerných sôch z rôznych materiálov</skos:note><skos:note xml:lang="ga">Ealaín</skos:note><skos:note xml:lang="pl">Sztuka polegająca na tworzeniu rzeźb</skos:note><skos:note xml:lang="da">Tre-dimensionelle illustrationer</skos:note><skos:note xml:lang="ca">Branca de les arts visuals que treballa en tres dimensions</skos:note><skos:note xml:lang="nl">Een van de beeldende kunsten</skos:note><skos:exactMatch rdf:resource="http://www.wikidata.org/entity/Q11634"/><skos:exactMatch rdf:resource="http://cv.iptc.org/newscodes/subjectcode/01015000"/><skos:exactMatch rdf:resource="https://d-nb.info/gnd/4046277-8"/><skos:exactMatch rdf:resource="http://id.loc.gov/authorities/names/sh85119004"/><skos:exactMatch rdf:resource="http://data.bnf.fr/ark:/12148/cb11933241b"/><skos:exactMatch rdf:resource="http://id.ndl.go.jp/auth/ndlna/00573617"/><skos:exactMatch rdf:resource="http://purl.org/bncf/tid/4223"/><skos:exactMatch rdf:resource="https://www.freebase.com/m/06msq"/><skos:exactMatch rdf:resource="https://g.co/kg/m/06msq"/><skos:exactMatch rdf:resource="http://datos.bne.es/resource/XX525481"/><skos:exactMatch rdf:resource="http://vocab.getty.edu/aat/300264383"/><skos:exactMatch rdf:resource="http://iconclass.org/48C2"/><skos:exactMatch rdf:resource="http://www.yso.fi/onto/yso/p5694"/><skos:exactMatch rdf:resource="http://babelnet.org/rdf/s00069924n"/><skos:exactMatch rdf:resource="http://vocabularies.unesco.org/thesaurus/concept10193"/><skos:exactMatch rdf:resource="http://id.loc.gov/authorities/genreForms/gf2017027259"/><skos:exactMatch rdf:resource="http://cv.iptc.org/newscodes/mediatopic/20000037"/><skos:exactMatch rdf:resource="http://dbpedia.org/resource/Sculpture"/><skos:related rdf:resource="http://data.europeana.eu/concept/1943"/><skos:related rdf:resource="http://data.europeana.eu/concept/194"/></skos:Concept><ore:Aggregation rdf:about="http://data.europeana.eu/aggregation/provider/2021672/resource_document_mauritshuis_362"><edm:aggregatedCHO rdf:resource="http://data.europeana.eu/item/2021672/resource_document_mauritshuis_362"/><edm:dataProvider rdf:resource="http://data.europeana.eu/organization/1482250000004509120"></edm:dataProvider><edm:isShownBy rdf:resource="https://www.mauritshuis.nl/media/atjg1gd4/362.jpg"/><edm:provider rdf:resource="http://data.europeana.eu/organization/1482250000004671093"></edm:provider><edm:rights rdf:resource="http://creativecommons.org/publicdomain/mark/1.0/"/></ore:Aggregation><ore:Proxy rdf:about="http://data.europeana.eu/proxy/provider/2021672/resource_document_mauritshuis_362"><dc:creator>Hendrick de Keyser</dc:creator><dc:format>80 cm</dc:format><dc:identifier>362</dc:identifier><dc:title xml:lang="nl-NL">Portret van Willem I (1533-1584), prins van Oranje</dc:title><dc:title xml:lang="en-GB">Bust of William I (1533-1584), Prince of Orange</dc:title><dc:type xml:lang="nl-NL">beeldhouwwerk</dc:type><dc:type xml:lang="en-GB">sculpture</dc:type><dcterms:medium xml:lang="nl-NL">terracotta, later verguld</dcterms:medium><dcterms:medium xml:lang="en-GB">terracotta, later gilded</dcterms:medium><edm:europeanaProxy>false</edm:europeanaProxy><ore:proxyFor rdf:resource="http://data.europeana.eu/item/2021672/resource_document_mauritshuis_362"/><ore:proxyIn rdf:resource="http://data.europeana.eu/aggregation/provider/2021672/resource_document_mauritshuis_362"/><edm:type>IMAGE</edm:type></ore:Proxy><ore:Proxy rdf:about="http://data.europeana.eu/proxy/europeana/2021672/resource_document_mauritshuis_362"><dc:identifier>resource_document_mauritshuis_362</dc:identifier><dc:type rdf:resource="http://data.europeana.eu/concept/51"></dc:type><edm:europeanaProxy>true</edm:europeanaProxy><ore:proxyFor rdf:resource="http://data.europeana.eu/item/2021672/resource_document_mauritshuis_362"/><ore:proxyIn rdf:resource="http://data.europeana.eu/aggregation/europeana/2021672/resource_document_mauritshuis_362"/><ore:lineage rdf:resource="http://data.europeana.eu/proxy/provider/2021672/resource_document_mauritshuis_362"/><edm:type>IMAGE</edm:type></ore:Proxy><edm:EuropeanaAggregation rdf:about="http://data.europeana.eu/aggregation/europeana/2021672/resource_document_mauritshuis_362"><edm:aggregatedCHO rdf:resource="http://data.europeana.eu/item/2021672/resource_document_mauritshuis_362"/><edm:datasetName>2021672_Ag_NL_DigitaleCollectie_Mauritshuis</edm:datasetName><edm:country>Netherlands</edm:country><edm:preview rdf:resource="https://www.mauritshuis.nl/media/atjg1gd4/362.jpg"/><edm:landingPage rdf:resource="https://www.europeana.eu/item/2021672/resource_document_mauritshuis_362"/><edm:language>nl</edm:language><edm:completeness>0</edm:completeness><dcterms:created>2017-08-02T11:48:22.360Z</dcterms:created><dcterms:modified>2023-02-28T08:45:41.077Z</dcterms:modified><dqv:hasQualityAnnotation rdf:resource="http://data.europeana.eu/item/2021672/resource_document_mauritshuis_362#contentTier"/><dqv:hasQualityAnnotation rdf:resource="http://data.europeana.eu/item/2021672/resource_document_mauritshuis_362#metadataTier"/></edm:EuropeanaAggregation><foaf:Organization rdf:about="http://data.europeana.eu/organization/1482250000004509120"><skos:prefLabel xml:lang="en">Mauritshuis</skos:prefLabel><skos:prefLabel xml:lang="nl">Mauritshuis</skos:prefLabel></foaf:Organization><foaf:Organization rdf:about="http://data.europeana.eu/organization/1482250000004671093"><skos:prefLabel xml:lang="en">Dutch Collections for Europe</skos:prefLabel></foaf:Organization><dqv:QualityAnnotation rdf:about="http://data.europeana.eu/item/2021672/resource_document_mauritshuis_362#contentTier"><dcterms:created>2023-02-28T08:46:25.133228Z</dcterms:created><oa:hasTarget rdf:resource="http://data.europeana.eu/aggregation/provider/2021672/resource_document_mauritshuis_362"/><oa:hasBody rdf:resource="http://www.europeana.eu/schemas/epf/contentTier1"/></dqv:QualityAnnotation><dqv:QualityAnnotation rdf:about="http://data.europeana.eu/item/2021672/resource_document_mauritshuis_362#metadataTier"><dcterms:created>2023-02-28T08:46:25.133260Z</dcterms:created><oa:hasTarget rdf:resource="http://data.europeana.eu/aggregation/provider/2021672/resource_document_mauritshuis_362"/><oa:hasBody rdf:resource="http://www.europeana.eu/schemas/epf/metadataTierA"/></dqv:QualityAnnotation></rdf:RDF>