<?xml version="1.0" encoding="UTF-8" standalone="yes"?><rdf:RDF xmlns:rdf="http://www.w3.org/1999/02/22-rdf-syntax-ns#" xmlns:dc="http://purl.org/dc/elements/1.1/" xmlns:dcterms="http://purl.org/dc/terms/" xmlns:edm="http://www.europeana.eu/schemas/edm/" xmlns:owl="http://www.w3.org/2002/07/owl#" xmlns:wgs84_pos="http://www.w3.org/2003/01/geo/wgs84_pos#" xmlns:skos="http://www.w3.org/2004/02/skos/core#" xmlns:rdaGr2="http://rdvocab.info/ElementsGr2/" xmlns:foaf="http://xmlns.com/foaf/0.1/" xmlns:ebucore="http://www.ebu.ch/metadata/ontologies/ebucore/ebucore#" xmlns:doap="http://usefulinc.com/ns/doap#" xmlns:odrl="http://www.w3.org/ns/odrl/2/" xmlns:cc="http://creativecommons.org/ns#" xmlns:ore="http://www.openarchives.org/ore/terms/" xmlns:svcs="http://rdfs.org/sioc/services#" xmlns:oa="http://www.w3.org/ns/oa#" xmlns:dqv="http://www.w3.org/ns/dqv#"><edm:ProvidedCHO rdf:about="http://data.europeana.eu/item/2021672/resource_document_mauritshuis_285"/><edm:WebResource rdf:about="https://www.mauritshuis.nl/media/fryd01kj/0285_repro.jpg"><ebucore:hasMimeType>image/jpeg</ebucore:hasMimeType><ebucore:fileByteSize rdf:datatype="http://www.w3.org/2001/XMLSchema#long">8073436</ebucore:fileByteSize><ebucore:width rdf:datatype="http://www.w3.org/2001/XMLSchema#integer">6000</ebucore:width><ebucore:height rdf:datatype="http://www.w3.org/2001/XMLSchema#integer">4397</ebucore:height><edm:hasColorSpace>sRGB</edm:hasColorSpace><edm:componentColor rdf:datatype="http://www.w3.org/2001/XMLSchema#hexBinary">#D2B48C</edm:componentColor><edm:componentColor rdf:datatype="http://www.w3.org/2001/XMLSchema#hexBinary">#BC8F8F</edm:componentColor><edm:componentColor rdf:datatype="http://www.w3.org/2001/XMLSchema#hexBinary">#8FBC8F</edm:componentColor><edm:componentColor rdf:datatype="http://www.w3.org/2001/XMLSchema#hexBinary">#A0522D</edm:componentColor><edm:componentColor rdf:datatype="http://www.w3.org/2001/XMLSchema#hexBinary">#808080</edm:componentColor><edm:componentColor rdf:datatype="http://www.w3.org/2001/XMLSchema#hexBinary">#000000</edm:componentColor><ebucore:orientation rdf:datatype="http://www.w3.org/2001/XMLSchema#string">landscape</ebucore:orientation></edm:WebResource><edm:TimeSpan rdf:about="http://data.europeana.eu/timespan/16"><skos:prefLabel xml:lang="de">16. Jahrhundert</skos:prefLabel><skos:prefLabel xml:lang="fi">1500-luku</skos:prefLabel><skos:prefLabel xml:lang="ru">XVI век</skos:prefLabel><skos:prefLabel xml:lang="pt">Século XVI</skos:prefLabel><skos:prefLabel xml:lang="bg">16 век</skos:prefLabel><skos:prefLabel xml:lang="lt">XVI amžius</skos:prefLabel><skos:prefLabel xml:lang="lv">16. gadsimts</skos:prefLabel><skos:prefLabel xml:lang="hr">16. stoljeće</skos:prefLabel><skos:prefLabel xml:lang="fr">XVIe siècle</skos:prefLabel><skos:prefLabel xml:lang="hu">16. század</skos:prefLabel><skos:prefLabel xml:lang="sk">16. storočie</skos:prefLabel><skos:prefLabel xml:lang="sl">16. stoletje</skos:prefLabel><skos:prefLabel xml:lang="ga">16ú haois</skos:prefLabel><skos:prefLabel xml:lang="ca">Segle XVI</skos:prefLabel><skos:prefLabel xml:lang="sv">1500-talet</skos:prefLabel><skos:prefLabel xml:lang="el">16ος αιώνας</skos:prefLabel><skos:prefLabel xml:lang="en">16th century</skos:prefLabel><skos:prefLabel xml:lang="it">XVI secolo</skos:prefLabel><skos:prefLabel xml:lang="es">Siglo XVI</skos:prefLabel><skos:prefLabel xml:lang="et">16. sajand</skos:prefLabel><skos:prefLabel xml:lang="eu">XVI. mendea</skos:prefLabel><skos:prefLabel xml:lang="cs">16. století</skos:prefLabel><skos:prefLabel xml:lang="pl">XVI wiek</skos:prefLabel><skos:prefLabel xml:lang="ro">Secolul al XVI-lea</skos:prefLabel><skos:prefLabel xml:lang="da">16. århundrede</skos:prefLabel><skos:prefLabel xml:lang="nl">16e eeuw</skos:prefLabel><skos:altLabel xml:lang="sv">1500-tal</skos:altLabel><skos:altLabel xml:lang="sv">16:e århundradet</skos:altLabel><skos:altLabel xml:lang="sv">16:e seklet</skos:altLabel><skos:altLabel xml:lang="sv">1500-talet (århundrade)</skos:altLabel><skos:altLabel xml:lang="sv">1500-talet (sekel)</skos:altLabel><skos:altLabel xml:lang="ru">16 век</skos:altLabel><skos:altLabel xml:lang="en">16th-century</skos:altLabel><skos:altLabel xml:lang="en">16th-century</skos:altLabel><skos:altLabel xml:lang="it">Cinquecento</skos:altLabel><skos:altLabel xml:lang="it">16° secolo</skos:altLabel><skos:altLabel xml:lang="it">Secolo XVI</skos:altLabel><skos:altLabel xml:lang="it">Cinquecento</skos:altLabel><skos:altLabel xml:lang="it">XVI Secolo</skos:altLabel><skos:altLabel xml:lang="it">Sedicesimo secolo</skos:altLabel><skos:altLabel xml:lang="it">'500</skos:altLabel><skos:altLabel xml:lang="fr">16e siècle</skos:altLabel><edm:begin>1501-01-11</edm:begin><edm:end>1600-12-31</edm:end><owl:sameAs rdf:resource="http://www.wikidata.org/entity/Q7017"/><owl:sameAs rdf:resource="http://id.loc.gov/authorities/names/sh85123070"/><owl:sameAs rdf:resource="http://id.nlm.nih.gov/mesh/D049669"/><owl:sameAs rdf:resource="https://www.freebase.com/m/08b23"/><owl:sameAs rdf:resource="https://g.co/kg/m/08b23"/><owl:sameAs rdf:resource="http://vocab.getty.edu/aat/300404510"/><owl:sameAs rdf:resource="http://babelnet.org/rdf/s02814512n"/><owl:sameAs rdf:resource="http://dbpedia.org/resource/16th_century"/></edm:TimeSpan><edm:TimeSpan rdf:about="#1597%2F1597"><skos:prefLabel xml:lang="zxx">1597/1597</skos:prefLabel><dcterms:isPartOf rdf:resource="http://data.europeana.eu/timespan/16"></dcterms:isPartOf><edm:begin>1597-01-01</edm:begin><edm:end>1597-12-31</edm:end></edm:TimeSpan><skos:Concept rdf:about="http://data.europeana.eu/concept/1770"><skos:prefLabel xml:lang="de">Kupfer</skos:prefLabel><skos:prefLabel xml:lang="ru">Медь</skos:prefLabel><skos:prefLabel xml:lang="fi">Kupari</skos:prefLabel><skos:prefLabel xml:lang="pt">Cobre</skos:prefLabel><skos:prefLabel xml:lang="bg">Мед</skos:prefLabel><skos:prefLabel xml:lang="lt">Varis</skos:prefLabel><skos:prefLabel xml:lang="lv">Varš</skos:prefLabel><skos:prefLabel xml:lang="hr">Bakar</skos:prefLabel><skos:prefLabel xml:lang="fr">Cuivre</skos:prefLabel><skos:prefLabel xml:lang="hu">Réz</skos:prefLabel><skos:prefLabel xml:lang="sk">Meď</skos:prefLabel><skos:prefLabel xml:lang="sl">Baker</skos:prefLabel><skos:prefLabel xml:lang="ga">Copar</skos:prefLabel><skos:prefLabel xml:lang="ca">Coure</skos:prefLabel><skos:prefLabel xml:lang="sv">Koppar</skos:prefLabel><skos:prefLabel xml:lang="mt">Ram</skos:prefLabel><skos:prefLabel xml:lang="el">Χαλκός</skos:prefLabel><skos:prefLabel xml:lang="en">Copper</skos:prefLabel><skos:prefLabel xml:lang="it">Rame</skos:prefLabel><skos:prefLabel xml:lang="es">Cobre</skos:prefLabel><skos:prefLabel xml:lang="et">Vask</skos:prefLabel><skos:prefLabel xml:lang="eu">Kobre</skos:prefLabel><skos:prefLabel xml:lang="cs">Měď</skos:prefLabel><skos:prefLabel xml:lang="pl">Miedź</skos:prefLabel><skos:prefLabel xml:lang="ro">Cupru</skos:prefLabel><skos:prefLabel xml:lang="da">Kobber</skos:prefLabel><skos:prefLabel xml:lang="nl">Koper</skos:prefLabel><skos:note xml:lang="de">Chemisches Element mit dem Symbol Cu und der Ordnungszahl 29</skos:note><skos:note xml:lang="sv">Grundämne</skos:note><skos:note xml:lang="fi">Alkuaine, jonka järjestysluku 29</skos:note><skos:note xml:lang="ru">Химический элемент с порядковым номером 29, металл</skos:note><skos:note xml:lang="pt">Elemento químico com número atómico 29</skos:note><skos:note xml:lang="bg">Химичен елемент с атомен номер 29</skos:note><skos:note xml:lang="el">Χημικό στοιχείο με σύμβολο Cu και ατομικό αριθμό 29</skos:note><skos:note xml:lang="en">Chemical element with symbol Cu and atomic number 29</skos:note><skos:note xml:lang="lv">Ķīmiskais elements</skos:note><skos:note xml:lang="hr">Kemijski element s atomskim brojem 29</skos:note><skos:note xml:lang="it">Elemento chimico con simbolo Cu e avente numero atomico 29</skos:note><skos:note xml:lang="fr">Élément chimique de numéro atomique 29 et de symbole Cu</skos:note><skos:note xml:lang="hu">Kémiai elem, rendszáma 29, vegyjele Cu</skos:note><skos:note xml:lang="es">Elemento químico con número atómico 29</skos:note><skos:note xml:lang="cs">Chemický prvek, značka Cu, atomové číslo 29</skos:note><skos:note xml:lang="eu">29 zenbaki atomikoa duen elementu kimikoa</skos:note><skos:note xml:lang="sk">Chemický prvok s protónovým číslom 29</skos:note><skos:note xml:lang="pl">29. pierwiastek chemiczny</skos:note><skos:note xml:lang="ro">Elementul chimic cu numărul de ordine 29</skos:note><skos:note xml:lang="da">Grundstof med atomnummer 29</skos:note><skos:note xml:lang="ca">Element químic amb nombre atòmic 29</skos:note><skos:note xml:lang="nl">Scheikundig element met symbool Cu en atoomnummer 29</skos:note><skos:broader rdf:resource="http://data.europeana.eu/concept/2069"/><skos:broader rdf:resource="http://data.europeana.eu/concept/1766"/><skos:exactMatch rdf:resource="http://www.wikidata.org/entity/Q753"/><skos:exactMatch rdf:resource="https://d-nb.info/gnd/4033734-0"/><skos:exactMatch rdf:resource="http://id.loc.gov/authorities/names/sh85032278"/><skos:exactMatch rdf:resource="http://data.bnf.fr/ark:/12148/cb119470591"/><skos:exactMatch rdf:resource="http://id.ndl.go.jp/auth/ndlna/00561504"/><skos:exactMatch rdf:resource="http://id.nlm.nih.gov/mesh/D003300"/><skos:exactMatch rdf:resource="http://purl.org/bncf/tid/2735"/><skos:exactMatch rdf:resource="https://www.freebase.com/m/025rsfk"/><skos:exactMatch rdf:resource="https://g.co/kg/m/025rsfk"/><skos:exactMatch rdf:resource="http://id.nlm.nih.gov/mesh/D01.268.556.195"/><skos:exactMatch rdf:resource="http://id.nlm.nih.gov/mesh/D01.268.956.170"/><skos:exactMatch rdf:resource="http://id.nlm.nih.gov/mesh/D01.552.544.195"/><skos:exactMatch rdf:resource="http://datos.bne.es/resource/XX530125"/><skos:exactMatch rdf:resource="http://vocab.getty.edu/aat/300011020"/><skos:exactMatch rdf:resource="http://www.yso.fi/onto/yso/p19074"/><skos:exactMatch rdf:resource="http://babelnet.org/rdf/s00006859n"/><skos:exactMatch rdf:resource="http://thesaurus.europeanafashion.eu/thesaurus/10548"/><skos:exactMatch rdf:resource="http://zbw.eu/stw/descriptor/14299-5"/><skos:exactMatch rdf:resource="http://vocabularies.unesco.org/thesaurus/concept5524"/><skos:exactMatch rdf:resource="http://dbpedia.org/resource/Copper"/></skos:Concept><ore:Aggregation rdf:about="http://data.europeana.eu/aggregation/provider/2021672/resource_document_mauritshuis_285"><edm:aggregatedCHO rdf:resource="http://data.europeana.eu/item/2021672/resource_document_mauritshuis_285"/><edm:dataProvider rdf:resource="http://data.europeana.eu/organization/1482250000004509120"></edm:dataProvider><edm:isShownBy rdf:resource="https://www.mauritshuis.nl/media/fryd01kj/0285_repro.jpg"/><edm:provider rdf:resource="http://data.europeana.eu/organization/1482250000004671093"></edm:provider><edm:rights rdf:resource="http://creativecommons.org/publicdomain/mark/1.0/"/></ore:Aggregation><ore:Proxy rdf:about="http://data.europeana.eu/proxy/provider/2021672/resource_document_mauritshuis_285"><dc:creator>Jan Brueghel de Oude</dc:creator><dc:creator>Hans Rottenhammer</dc:creator><dc:creator>Jan Brueghel the Elder</dc:creator><dc:date>1597 - 1597</dc:date><dc:description xml:lang="nl-NL">Na zijn dood zou Christus zijn afgedaald naar de onderwereld om Adam en Eva en alle rechtvaardigen te bevrijden en ze mee te nemen naar de hemel. Die afdaling is hier weergegeven door Brueghel de Oude en Rottenhammer, die vaker samenwerkten. Het schilderijtje was in bezit van de Oranjes en maakte deel uit van de schilderijengalerij van stadhouder Willem V. Daarna kwam het terecht in het Mauritshuis.</dc:description><dc:description xml:lang="en-GB">After his death, Christ was supposed to have descended into the underworld, to free Adam and Eve, and all the righteous, and take them up to heaven. This descent is depicted here by Brueghel I and Rottenhammer, who often worked together. The small painting belonged to the family of Orange, and was part of the painting gallery of stadholder Willem V. Later it ended up in the Mauritshuis.</dc:description><dc:format>35.5 cm</dc:format><dc:format>6.1 cm</dc:format><dc:format>38.7 cm</dc:format><dc:format>26.5 cm</dc:format><dc:format>48.3 cm</dc:format><dc:identifier>285</dc:identifier><dc:title xml:lang="nl-NL">Christus in het voorgeborchte</dc:title><dc:title xml:lang="en-GB">Christ's Descent into Limbo</dc:title><dc:type xml:lang="nl-NL">schilderij</dc:type><dc:type xml:lang="en-GB">painting</dc:type><dcterms:medium xml:lang="nl-NL">koper</dcterms:medium><dcterms:medium xml:lang="en-GB">copper</dcterms:medium><edm:europeanaProxy>false</edm:europeanaProxy><ore:proxyFor rdf:resource="http://data.europeana.eu/item/2021672/resource_document_mauritshuis_285"/><ore:proxyIn rdf:resource="http://data.europeana.eu/aggregation/provider/2021672/resource_document_mauritshuis_285"/><edm:type>IMAGE</edm:type></ore:Proxy><ore:Proxy rdf:about="http://data.europeana.eu/proxy/europeana/2021672/resource_document_mauritshuis_285"><dc:date rdf:resource="#1597%2F1597"></dc:date><dc:date rdf:resource="#1597%2F1597"></dc:date><dc:identifier>resource_document_mauritshuis_285</dc:identifier><dcterms:medium rdf:resource="http://data.europeana.eu/concept/1770"></dcterms:medium><edm:europeanaProxy>true</edm:europeanaProxy><ore:proxyFor rdf:resource="http://data.europeana.eu/item/2021672/resource_document_mauritshuis_285"/><ore:proxyIn rdf:resource="http://data.europeana.eu/aggregation/europeana/2021672/resource_document_mauritshuis_285"/><ore:lineage rdf:resource="http://data.europeana.eu/proxy/provider/2021672/resource_document_mauritshuis_285"/><edm:type>IMAGE</edm:type></ore:Proxy><edm:EuropeanaAggregation rdf:about="http://data.europeana.eu/aggregation/europeana/2021672/resource_document_mauritshuis_285"><edm:aggregatedCHO rdf:resource="http://data.europeana.eu/item/2021672/resource_document_mauritshuis_285"/><edm:datasetName>2021672_Ag_NL_DigitaleCollectie_Mauritshuis</edm:datasetName><edm:country>Netherlands</edm:country><edm:preview rdf:resource="https://www.mauritshuis.nl/media/fryd01kj/0285_repro.jpg"/><edm:landingPage rdf:resource="https://www.europeana.eu/item/2021672/resource_document_mauritshuis_285"/><edm:language>nl</edm:language><edm:completeness>0</edm:completeness><dcterms:created>2017-08-02T11:48:21.963Z</dcterms:created><dcterms:modified>2023-02-28T08:45:41.077Z</dcterms:modified><dqv:hasQualityAnnotation rdf:resource="http://data.europeana.eu/item/2021672/resource_document_mauritshuis_285#contentTier"/><dqv:hasQualityAnnotation rdf:resource="http://data.europeana.eu/item/2021672/resource_document_mauritshuis_285#metadataTier"/></edm:EuropeanaAggregation><foaf:Organization rdf:about="http://data.europeana.eu/organization/1482250000004509120"><skos:prefLabel xml:lang="en">Mauritshuis</skos:prefLabel><skos:prefLabel xml:lang="nl">Mauritshuis</skos:prefLabel></foaf:Organization><foaf:Organization rdf:about="http://data.europeana.eu/organization/1482250000004671093"><skos:prefLabel xml:lang="en">Dutch Collections for Europe</skos:prefLabel></foaf:Organization><dqv:QualityAnnotation rdf:about="http://data.europeana.eu/item/2021672/resource_document_mauritshuis_285#contentTier"><dcterms:created>2023-02-28T08:46:32.776455Z</dcterms:created><oa:hasTarget rdf:resource="http://data.europeana.eu/aggregation/provider/2021672/resource_document_mauritshuis_285"/><oa:hasBody rdf:resource="http://www.europeana.eu/schemas/epf/contentTier4"/></dqv:QualityAnnotation><dqv:QualityAnnotation rdf:about="http://data.europeana.eu/item/2021672/resource_document_mauritshuis_285#metadataTier"><dcterms:created>2023-02-28T08:46:32.776496Z</dcterms:created><oa:hasTarget rdf:resource="http://data.europeana.eu/aggregation/provider/2021672/resource_document_mauritshuis_285"/><oa:hasBody rdf:resource="http://www.europeana.eu/schemas/epf/metadataTierA"/></dqv:QualityAnnotation></rdf:RDF>