<?xml version="1.0" encoding="UTF-8" standalone="yes"?><rdf:RDF xmlns:rdf="http://www.w3.org/1999/02/22-rdf-syntax-ns#" xmlns:dc="http://purl.org/dc/elements/1.1/" xmlns:dcterms="http://purl.org/dc/terms/" xmlns:edm="http://www.europeana.eu/schemas/edm/" xmlns:owl="http://www.w3.org/2002/07/owl#" xmlns:wgs84_pos="http://www.w3.org/2003/01/geo/wgs84_pos#" xmlns:skos="http://www.w3.org/2004/02/skos/core#" xmlns:rdaGr2="http://rdvocab.info/ElementsGr2/" xmlns:foaf="http://xmlns.com/foaf/0.1/" xmlns:ebucore="http://www.ebu.ch/metadata/ontologies/ebucore/ebucore#" xmlns:doap="http://usefulinc.com/ns/doap#" xmlns:odrl="http://www.w3.org/ns/odrl/2/" xmlns:cc="http://creativecommons.org/ns#" xmlns:ore="http://www.openarchives.org/ore/terms/" xmlns:svcs="http://rdfs.org/sioc/services#" xmlns:oa="http://www.w3.org/ns/oa#" xmlns:dqv="http://www.w3.org/ns/dqv#"><edm:ProvidedCHO rdf:about="http://data.europeana.eu/item/2021672/resource_document_mauritshuis_1206"/><edm:WebResource rdf:about="https://www.mauritshuis.nl/media/xgml1422/1206-1207.jpg"><ebucore:hasMimeType>image/jpeg</ebucore:hasMimeType><ebucore:fileByteSize rdf:datatype="http://www.w3.org/2001/XMLSchema#long">589478</ebucore:fileByteSize><ebucore:width rdf:datatype="http://www.w3.org/2001/XMLSchema#integer">1439</ebucore:width><ebucore:height rdf:datatype="http://www.w3.org/2001/XMLSchema#integer">1506</ebucore:height><edm:hasColorSpace>sRGB</edm:hasColorSpace><edm:componentColor rdf:datatype="http://www.w3.org/2001/XMLSchema#hexBinary">#DB7093</edm:componentColor><edm:componentColor rdf:datatype="http://www.w3.org/2001/XMLSchema#hexBinary">#A0522D</edm:componentColor><edm:componentColor rdf:datatype="http://www.w3.org/2001/XMLSchema#hexBinary">#C0C0C0</edm:componentColor><edm:componentColor rdf:datatype="http://www.w3.org/2001/XMLSchema#hexBinary">#808080</edm:componentColor><edm:componentColor rdf:datatype="http://www.w3.org/2001/XMLSchema#hexBinary">#2F4F4F</edm:componentColor><edm:componentColor rdf:datatype="http://www.w3.org/2001/XMLSchema#hexBinary">#FFE4C4</edm:componentColor><ebucore:orientation rdf:datatype="http://www.w3.org/2001/XMLSchema#string">portrait</ebucore:orientation></edm:WebResource><edm:Agent rdf:about="http://data.europeana.eu/agent/65916"><skos:prefLabel xml:lang="de">Keith Fullerton Whitman</skos:prefLabel><skos:prefLabel xml:lang="sv">Keith Fullerton Whitman</skos:prefLabel><skos:prefLabel xml:lang="sl">Keith Fullerton Whitman</skos:prefLabel><skos:prefLabel xml:lang="en">Keith Fullerton Whitman</skos:prefLabel><skos:prefLabel xml:lang="ga">Keith Fullerton Whitman</skos:prefLabel><skos:prefLabel xml:lang="it">Keith Fullerton Whitman</skos:prefLabel><skos:prefLabel xml:lang="pl">Keith Fullerton Whitman</skos:prefLabel><skos:prefLabel xml:lang="fr">Keith Fullerton Whitman</skos:prefLabel><skos:prefLabel xml:lang="da">Keith Fullerton Whitman</skos:prefLabel><skos:prefLabel xml:lang="ca">Keith Fullerton Whitman</skos:prefLabel><skos:prefLabel xml:lang="nl">Keith Fullerton Whitman</skos:prefLabel><skos:prefLabel xml:lang="es">Keith Fullerton Whitman</skos:prefLabel><skos:altLabel xml:lang="en">KFW</skos:altLabel><skos:altLabel xml:lang="en">Hrvatski</skos:altLabel><skos:altLabel xml:lang="en">ASCIII</skos:altLabel><skos:altLabel xml:lang="en">Anonymous</skos:altLabel><skos:altLabel xml:lang="en">DJ Marzipan</skos:altLabel><skos:altLabel xml:lang="en">DJ Zapruderfilm</skos:altLabel><skos:altLabel xml:lang="en">Russolo</skos:altLabel><skos:altLabel xml:lang="en">The Superlatives</skos:altLabel><skos:altLabel xml:lang="en">Kokoskulur</skos:altLabel><skos:altLabel xml:lang="en">Fullerton</skos:altLabel><skos:altLabel xml:lang="en">MC Snudur</skos:altLabel><skos:altLabel xml:lang="en">Mouly/Hubley/Leroux</skos:altLabel><skos:altLabel xml:lang="en">Sick</skos:altLabel><skos:note xml:lang="eu">Musikari estatubatuarra</skos:note><skos:note xml:lang="fi">Yhdysvaltalainen muusikko</skos:note><skos:note xml:lang="sv">Amerikansk musiker</skos:note><skos:note xml:lang="pt">Músico norte-americano</skos:note><skos:note xml:lang="en">American electronic musician</skos:note><skos:note xml:lang="it">Musicista statunitense</skos:note><skos:note xml:lang="fr">Musicien américain</skos:note><skos:note xml:lang="da">Amerikansk musiker</skos:note><skos:note xml:lang="es">Músico estadounidense</skos:note><skos:note xml:lang="ca">Músic estatunidenc</skos:note><skos:note xml:lang="nl">Amerikaans muzikant</skos:note><edm:hasMet rdf:resource="http://data.europeana.eu/concept/1647"/><rdaGr2:dateOfBirth>1973-05-29</rdaGr2:dateOfBirth><owl:sameAs rdf:resource="http://www.wikidata.org/entity/Q4568516"/><owl:sameAs rdf:resource="http://viaf.org/viaf/308179086"/><owl:sameAs rdf:resource="https://d-nb.info/gnd/1049316258"/><owl:sameAs rdf:resource="https://www.freebase.com/m/01nby00"/><owl:sameAs rdf:resource="https://g.co/kg/m/01nby00"/><owl:sameAs rdf:resource="http://dbpedia.org/resource/Keith_Fullerton_Whitman"/></edm:Agent><edm:TimeSpan rdf:about="http://data.europeana.eu/timespan/17"><skos:prefLabel xml:lang="de">17. Jahrhundert</skos:prefLabel><skos:prefLabel xml:lang="ru">XVII век</skos:prefLabel><skos:prefLabel xml:lang="fi">1600-luku</skos:prefLabel><skos:prefLabel xml:lang="pt">Século XVII</skos:prefLabel><skos:prefLabel xml:lang="bg">17 век</skos:prefLabel><skos:prefLabel xml:lang="lt">XVII amžius</skos:prefLabel><skos:prefLabel xml:lang="lv">17. gadsimts</skos:prefLabel><skos:prefLabel xml:lang="hr">17. stoljeće</skos:prefLabel><skos:prefLabel xml:lang="fr">XVIIe siècle</skos:prefLabel><skos:prefLabel xml:lang="hu">17. század</skos:prefLabel><skos:prefLabel xml:lang="sk">17. storočie</skos:prefLabel><skos:prefLabel xml:lang="sl">17. stoletje</skos:prefLabel><skos:prefLabel xml:lang="ga">17ú haois</skos:prefLabel><skos:prefLabel xml:lang="ca">Segle XVII</skos:prefLabel><skos:prefLabel xml:lang="sv">1600-talet</skos:prefLabel><skos:prefLabel xml:lang="mt">Seklu XVII</skos:prefLabel><skos:prefLabel xml:lang="el">17ος αιώνας</skos:prefLabel><skos:prefLabel xml:lang="en">17th century</skos:prefLabel><skos:prefLabel xml:lang="it">XVII secolo</skos:prefLabel><skos:prefLabel xml:lang="es">Siglo XVII</skos:prefLabel><skos:prefLabel xml:lang="et">17. sajand</skos:prefLabel><skos:prefLabel xml:lang="eu">XVII. mendea</skos:prefLabel><skos:prefLabel xml:lang="cs">17. století</skos:prefLabel><skos:prefLabel xml:lang="pl">XVII wiek</skos:prefLabel><skos:prefLabel xml:lang="ro">Secolul al XVII-lea</skos:prefLabel><skos:prefLabel xml:lang="da">17. århundrede</skos:prefLabel><skos:prefLabel xml:lang="nl">17e eeuw</skos:prefLabel><skos:altLabel xml:lang="sv">1600-tal</skos:altLabel><skos:altLabel xml:lang="sv">17:e århundradet</skos:altLabel><skos:altLabel xml:lang="sv">17:e seklet</skos:altLabel><skos:altLabel xml:lang="sv">1600-talet (århundrade)</skos:altLabel><skos:altLabel xml:lang="sv">1600-talet (sekel)</skos:altLabel><skos:altLabel xml:lang="ru">17 век</skos:altLabel><skos:altLabel xml:lang="mt">Seklu 17</skos:altLabel><skos:altLabel xml:lang="en">17th-century</skos:altLabel><skos:altLabel xml:lang="en">17th-century</skos:altLabel><skos:altLabel xml:lang="en">History, 17th Century</skos:altLabel><skos:altLabel xml:lang="it">Seicento</skos:altLabel><skos:altLabel xml:lang="it">17° secolo</skos:altLabel><skos:altLabel xml:lang="it">Secolo XVII</skos:altLabel><skos:altLabel xml:lang="it">XVII Secolo</skos:altLabel><skos:altLabel xml:lang="it">Diciassettesimo secolo</skos:altLabel><skos:altLabel xml:lang="it">'600</skos:altLabel><skos:altLabel xml:lang="it">17º secolo</skos:altLabel><skos:altLabel xml:lang="it">Seicento</skos:altLabel><skos:altLabel xml:lang="fr">17e siècle</skos:altLabel><edm:begin>1601-01-01</edm:begin><edm:end>1700-12-31</edm:end><owl:sameAs rdf:resource="http://www.wikidata.org/entity/Q7016"/><owl:sameAs rdf:resource="http://id.loc.gov/authorities/names/sh85120427"/><owl:sameAs rdf:resource="http://data.bnf.fr/ark:/12148/cb120419182"/><owl:sameAs rdf:resource="http://id.nlm.nih.gov/mesh/D049670"/><owl:sameAs rdf:resource="https://www.freebase.com/m/08b2m"/><owl:sameAs rdf:resource="https://g.co/kg/m/08b2m"/><owl:sameAs rdf:resource="http://id.nlm.nih.gov/mesh/K01.400.504.750"/><owl:sameAs rdf:resource="http://vocab.getty.edu/aat/300404511"/><owl:sameAs rdf:resource="http://babelnet.org/rdf/s02814624n"/><owl:sameAs rdf:resource="http://dbpedia.org/resource/17th_century"/></edm:TimeSpan><edm:TimeSpan rdf:about="#1676%2F1676"><skos:prefLabel xml:lang="zxx">1676/1676</skos:prefLabel><dcterms:isPartOf rdf:resource="http://data.europeana.eu/timespan/17"></dcterms:isPartOf><edm:begin>1676-01-01</edm:begin><edm:end>1676-12-31</edm:end></edm:TimeSpan><skos:Concept rdf:about="http://data.europeana.eu/concept/2817"><skos:prefLabel xml:lang="de">Samt</skos:prefLabel><skos:prefLabel xml:lang="sv">Sammet</skos:prefLabel><skos:prefLabel xml:lang="fi">Sametti</skos:prefLabel><skos:prefLabel xml:lang="ru">Бархат</skos:prefLabel><skos:prefLabel xml:lang="pt">Veludo</skos:prefLabel><skos:prefLabel xml:lang="bg">Кадифе</skos:prefLabel><skos:prefLabel xml:lang="el">Βελούδο</skos:prefLabel><skos:prefLabel xml:lang="lt">Aksomas</skos:prefLabel><skos:prefLabel xml:lang="en">Velvet</skos:prefLabel><skos:prefLabel xml:lang="hr">Baršun</skos:prefLabel><skos:prefLabel xml:lang="it">Velluto</skos:prefLabel><skos:prefLabel xml:lang="fr">Velours</skos:prefLabel><skos:prefLabel xml:lang="hu">Bársony</skos:prefLabel><skos:prefLabel xml:lang="es">Terciopelo</skos:prefLabel><skos:prefLabel xml:lang="et">Samet</skos:prefLabel><skos:prefLabel xml:lang="cs">Samet</skos:prefLabel><skos:prefLabel xml:lang="eu">Belus</skos:prefLabel><skos:prefLabel xml:lang="sk">Zamat</skos:prefLabel><skos:prefLabel xml:lang="sl">Žamet</skos:prefLabel><skos:prefLabel xml:lang="pl">Aksamit</skos:prefLabel><skos:prefLabel xml:lang="ro">Catifea</skos:prefLabel><skos:prefLabel xml:lang="da">Fløjl</skos:prefLabel><skos:prefLabel xml:lang="nl">Fluweel</skos:prefLabel><skos:prefLabel xml:lang="ca">Vellut</skos:prefLabel><skos:note xml:lang="de">Textiles Gewebe</skos:note><skos:note xml:lang="sv">Typ av tyg</skos:note><skos:note xml:lang="fi">Tiheänukkainen kangaslaatu</skos:note><skos:note xml:lang="ru">Ворсистая ткань</skos:note><skos:note xml:lang="pt">Tipo de tecido</skos:note><skos:note xml:lang="en">Type of pile fabric</skos:note><skos:note xml:lang="it">Tipo di tessuto</skos:note><skos:note xml:lang="fr">Tissu</skos:note><skos:note xml:lang="hu">Textília</skos:note><skos:note xml:lang="es">Tela velluda muy suave y compleja de fabricar</skos:note><skos:note xml:lang="eu">Ehun mota</skos:note><skos:note xml:lang="cs">Typ tkaniny</skos:note><skos:note xml:lang="ca">Tipus de teixit pelut</skos:note><skos:exactMatch rdf:resource="http://www.wikidata.org/entity/Q243519"/><skos:exactMatch rdf:resource="http://wordnet-rdf.princeton.edu/wn30/04525038-n"/><skos:exactMatch rdf:resource="https://d-nb.info/gnd/4371930-2"/><skos:exactMatch rdf:resource="http://id.loc.gov/authorities/names/sh85142592"/><skos:exactMatch rdf:resource="http://purl.org/bncf/tid/5755"/><skos:exactMatch rdf:resource="https://www.freebase.com/m/011ljn"/><skos:exactMatch rdf:resource="https://g.co/kg/m/011ljn"/><skos:exactMatch rdf:resource="http://vocab.getty.edu/aat/300133711"/><skos:exactMatch rdf:resource="http://iconclass.org/47H6(VELVET)"/><skos:exactMatch rdf:resource="http://www.yso.fi/onto/yso/p39160"/><skos:exactMatch rdf:resource="http://babelnet.org/rdf/s00079699n"/><skos:exactMatch rdf:resource="http://thesaurus.europeanafashion.eu/thesaurus/10732"/><skos:exactMatch rdf:resource="http://dbpedia.org/resource/Velvet"/></skos:Concept><skos:Concept rdf:about="http://data.europeana.eu/concept/1808"><skos:prefLabel xml:lang="de">Leder</skos:prefLabel><skos:prefLabel xml:lang="ru">Кожа</skos:prefLabel><skos:prefLabel xml:lang="fi">Nahka</skos:prefLabel><skos:prefLabel xml:lang="pt">Couro</skos:prefLabel><skos:prefLabel xml:lang="bg">Кожа</skos:prefLabel><skos:prefLabel xml:lang="lt">Oda</skos:prefLabel><skos:prefLabel xml:lang="lv">Āda</skos:prefLabel><skos:prefLabel xml:lang="hr">Koža</skos:prefLabel><skos:prefLabel xml:lang="fr">Cuir</skos:prefLabel><skos:prefLabel xml:lang="hu">Bőr</skos:prefLabel><skos:prefLabel xml:lang="sl">Usnje</skos:prefLabel><skos:prefLabel xml:lang="ga">Leathar</skos:prefLabel><skos:prefLabel xml:lang="ca">Cuir</skos:prefLabel><skos:prefLabel xml:lang="sv">Läder</skos:prefLabel><skos:prefLabel xml:lang="el">Ζωικό δέρμα</skos:prefLabel><skos:prefLabel xml:lang="en">Leather</skos:prefLabel><skos:prefLabel xml:lang="it">Cuoio</skos:prefLabel><skos:prefLabel xml:lang="es">Cuero</skos:prefLabel><skos:prefLabel xml:lang="et">Nahk</skos:prefLabel><skos:prefLabel xml:lang="eu">Larru</skos:prefLabel><skos:prefLabel xml:lang="cs">Kůže</skos:prefLabel><skos:prefLabel xml:lang="pl">Skóra</skos:prefLabel><skos:prefLabel xml:lang="ro">Piele</skos:prefLabel><skos:prefLabel xml:lang="da">Læder</skos:prefLabel><skos:prefLabel xml:lang="nl">Leer</skos:prefLabel><skos:note xml:lang="de">Durch Gerbung haltbar gemachte Tierhaut</skos:note><skos:note xml:lang="fi">Eläinten vuodista valmistettu materiaali</skos:note><skos:note xml:lang="ru">Прочный и гибкий материал, получаемый выделкой шкур</skos:note><skos:note xml:lang="pt">Material durável e flexível obtido pelo curtimento do couro cru e pele animal</skos:note><skos:note xml:lang="bg">Материал</skos:note><skos:note xml:lang="en">Durable and flexible material created by the tanning of animal rawhide and skin</skos:note><skos:note xml:lang="it">Materiale ricavato dalla pelle degli animali</skos:note><skos:note xml:lang="fr">Matière organique durable et flexible fabriquée par le tannage d'une peau</skos:note><skos:note xml:lang="hu">Állatbőr cserzésével előállított tartós, rugalmas anyag</skos:note><skos:note xml:lang="ca">Pell d'animal adobada</skos:note><skos:note xml:lang="nl">Materiaal uit dierenhuiden</skos:note><skos:note xml:lang="es">Material durable y flexible obtenido de la piel que cubre a los animales</skos:note><skos:broader rdf:resource="http://data.europeana.eu/concept/1985"/><skos:exactMatch rdf:resource="http://www.wikidata.org/entity/Q286"/><skos:exactMatch rdf:resource="https://archwort.dainst.org/de/term/2325"/><skos:exactMatch rdf:resource="https://d-nb.info/gnd/4034974-3"/><skos:exactMatch rdf:resource="http://id.loc.gov/authorities/names/sh85075573"/><skos:exactMatch rdf:resource="http://data.bnf.fr/ark:/12148/cb119766770"/><skos:exactMatch rdf:resource="http://id.ndl.go.jp/auth/ndlna/00563164"/><skos:exactMatch rdf:resource="http://purl.org/bncf/tid/297"/><skos:exactMatch rdf:resource="https://www.freebase.com/m/04lbp"/><skos:exactMatch rdf:resource="https://g.co/kg/m/04lbp"/><skos:exactMatch rdf:resource="http://vocab.getty.edu/aat/300011845"/><skos:exactMatch rdf:resource="http://www.yso.fi/onto/yso/p6633"/><skos:exactMatch rdf:resource="http://babelnet.org/rdf/s00050452n"/><skos:exactMatch rdf:resource="http://thesaurus.europeanafashion.eu/thesaurus/10504"/><skos:exactMatch rdf:resource="http://zbw.eu/stw/descriptor/14829-2"/><skos:exactMatch rdf:resource="http://vocabularies.unesco.org/thesaurus/concept2437"/><skos:exactMatch rdf:resource="http://dbpedia.org/resource/Leather"/></skos:Concept><ore:Aggregation rdf:about="http://data.europeana.eu/aggregation/provider/2021672/resource_document_mauritshuis_1206"><edm:aggregatedCHO rdf:resource="http://data.europeana.eu/item/2021672/resource_document_mauritshuis_1206"/><edm:dataProvider rdf:resource="http://data.europeana.eu/organization/1482250000004509120"></edm:dataProvider><edm:isShownBy rdf:resource="https://www.mauritshuis.nl/media/xgml1422/1206-1207.jpg"/><edm:provider rdf:resource="http://data.europeana.eu/organization/1482250000004671093"></edm:provider><edm:rights rdf:resource="http://creativecommons.org/publicdomain/mark/1.0/"/></ore:Aggregation><ore:Proxy rdf:about="http://data.europeana.eu/proxy/provider/2021672/resource_document_mauritshuis_1206"><dc:creator>Anoniem</dc:creator><dc:creator>Anonymous</dc:creator><dc:date>1676 - 1676</dc:date><dc:format>28.3 cm</dc:format><dc:format>16.7 cm</dc:format><dc:format>0.8 cm</dc:format><dc:identifier>1206</dc:identifier><dc:title xml:lang="nl-NL">Roodfluwelen tas, behorende aan Thomas Hees (1634-1692)</dc:title><dc:title xml:lang="en-GB">Red Velvet Wallet, belonging to Thomas Hees (1634-1692)</dc:title><dc:type xml:lang="nl-NL">tas</dc:type><dcterms:medium xml:lang="nl-NL">fluweel</dcterms:medium><dcterms:medium xml:lang="nl-NL">leer</dcterms:medium><dcterms:medium xml:lang="en-GB">leather</dcterms:medium><edm:europeanaProxy>false</edm:europeanaProxy><ore:proxyFor rdf:resource="http://data.europeana.eu/item/2021672/resource_document_mauritshuis_1206"/><ore:proxyIn rdf:resource="http://data.europeana.eu/aggregation/provider/2021672/resource_document_mauritshuis_1206"/><edm:type>IMAGE</edm:type></ore:Proxy><ore:Proxy rdf:about="http://data.europeana.eu/proxy/europeana/2021672/resource_document_mauritshuis_1206"><dc:creator rdf:resource="http://data.europeana.eu/agent/65916"></dc:creator><dc:date rdf:resource="#1676%2F1676"></dc:date><dc:date rdf:resource="#1676%2F1676"></dc:date><dc:identifier>resource_document_mauritshuis_1206</dc:identifier><dcterms:medium rdf:resource="http://data.europeana.eu/concept/2817"></dcterms:medium><dcterms:medium rdf:resource="http://data.europeana.eu/concept/1808"></dcterms:medium><edm:europeanaProxy>true</edm:europeanaProxy><ore:proxyFor rdf:resource="http://data.europeana.eu/item/2021672/resource_document_mauritshuis_1206"/><ore:proxyIn rdf:resource="http://data.europeana.eu/aggregation/europeana/2021672/resource_document_mauritshuis_1206"/><ore:lineage rdf:resource="http://data.europeana.eu/proxy/provider/2021672/resource_document_mauritshuis_1206"/><edm:type>IMAGE</edm:type></ore:Proxy><edm:EuropeanaAggregation rdf:about="http://data.europeana.eu/aggregation/europeana/2021672/resource_document_mauritshuis_1206"><edm:aggregatedCHO rdf:resource="http://data.europeana.eu/item/2021672/resource_document_mauritshuis_1206"/><edm:datasetName>2021672_Ag_NL_DigitaleCollectie_Mauritshuis</edm:datasetName><edm:country>Netherlands</edm:country><edm:preview rdf:resource="https://www.mauritshuis.nl/media/xgml1422/1206-1207.jpg"/><edm:landingPage rdf:resource="https://www.europeana.eu/item/2021672/resource_document_mauritshuis_1206"/><edm:language>nl</edm:language><edm:completeness>0</edm:completeness><dcterms:created>2017-08-02T11:48:18.466Z</dcterms:created><dcterms:modified>2023-02-28T08:45:41.077Z</dcterms:modified><dqv:hasQualityAnnotation rdf:resource="http://data.europeana.eu/item/2021672/resource_document_mauritshuis_1206#contentTier"/><dqv:hasQualityAnnotation rdf:resource="http://data.europeana.eu/item/2021672/resource_document_mauritshuis_1206#metadataTier"/></edm:EuropeanaAggregation><foaf:Organization rdf:about="http://data.europeana.eu/organization/1482250000004509120"><skos:prefLabel xml:lang="en">Mauritshuis</skos:prefLabel><skos:prefLabel xml:lang="nl">Mauritshuis</skos:prefLabel></foaf:Organization><foaf:Organization rdf:about="http://data.europeana.eu/organization/1482250000004671093"><skos:prefLabel xml:lang="en">Dutch Collections for Europe</skos:prefLabel></foaf:Organization><dqv:QualityAnnotation rdf:about="http://data.europeana.eu/item/2021672/resource_document_mauritshuis_1206#contentTier"><dcterms:created>2023-02-28T08:46:32.071585Z</dcterms:created><oa:hasTarget rdf:resource="http://data.europeana.eu/aggregation/provider/2021672/resource_document_mauritshuis_1206"/><oa:hasBody rdf:resource="http://www.europeana.eu/schemas/epf/contentTier4"/></dqv:QualityAnnotation><dqv:QualityAnnotation rdf:about="http://data.europeana.eu/item/2021672/resource_document_mauritshuis_1206#metadataTier"><dcterms:created>2023-02-28T08:46:32.071607Z</dcterms:created><oa:hasTarget rdf:resource="http://data.europeana.eu/aggregation/provider/2021672/resource_document_mauritshuis_1206"/><oa:hasBody rdf:resource="http://www.europeana.eu/schemas/epf/metadataTierA"/></dqv:QualityAnnotation></rdf:RDF>