<?xml version="1.0" encoding="UTF-8" standalone="yes"?><rdf:RDF xmlns:rdf="http://www.w3.org/1999/02/22-rdf-syntax-ns#" xmlns:dc="http://purl.org/dc/elements/1.1/" xmlns:dcterms="http://purl.org/dc/terms/" xmlns:edm="http://www.europeana.eu/schemas/edm/" xmlns:owl="http://www.w3.org/2002/07/owl#" xmlns:wgs84_pos="http://www.w3.org/2003/01/geo/wgs84_pos#" xmlns:skos="http://www.w3.org/2004/02/skos/core#" xmlns:rdaGr2="http://rdvocab.info/ElementsGr2/" xmlns:foaf="http://xmlns.com/foaf/0.1/" xmlns:ebucore="http://www.ebu.ch/metadata/ontologies/ebucore/ebucore#" xmlns:doap="http://usefulinc.com/ns/doap#" xmlns:odrl="http://www.w3.org/ns/odrl/2/" xmlns:cc="http://creativecommons.org/ns#" xmlns:ore="http://www.openarchives.org/ore/terms/" xmlns:svcs="http://rdfs.org/sioc/services#" xmlns:oa="http://www.w3.org/ns/oa#" xmlns:dqv="http://www.w3.org/ns/dqv#"><edm:ProvidedCHO rdf:about="http://data.europeana.eu/item/2021672/resource_document_mauritshuis_1082"/><edm:WebResource rdf:about="https://www.mauritshuis.nl/media/k52ag2m5/1082_-repro-lage-resolutie.jpg"><ebucore:hasMimeType>image/jpeg</ebucore:hasMimeType><ebucore:fileByteSize rdf:datatype="http://www.w3.org/2001/XMLSchema#long">1036849</ebucore:fileByteSize><ebucore:width rdf:datatype="http://www.w3.org/2001/XMLSchema#integer">1028</ebucore:width><ebucore:height rdf:datatype="http://www.w3.org/2001/XMLSchema#integer">1080</ebucore:height><edm:hasColorSpace>sRGB</edm:hasColorSpace><edm:componentColor rdf:datatype="http://www.w3.org/2001/XMLSchema#hexBinary">#FFB6C1</edm:componentColor><edm:componentColor rdf:datatype="http://www.w3.org/2001/XMLSchema#hexBinary">#B0E0E6</edm:componentColor><edm:componentColor rdf:datatype="http://www.w3.org/2001/XMLSchema#hexBinary">#BDB76B</edm:componentColor><edm:componentColor rdf:datatype="http://www.w3.org/2001/XMLSchema#hexBinary">#2E8B57</edm:componentColor><edm:componentColor rdf:datatype="http://www.w3.org/2001/XMLSchema#hexBinary">#FAEBD7</edm:componentColor><edm:componentColor rdf:datatype="http://www.w3.org/2001/XMLSchema#hexBinary">#BC8F8F</edm:componentColor><ebucore:orientation rdf:datatype="http://www.w3.org/2001/XMLSchema#string">portrait</ebucore:orientation></edm:WebResource><edm:TimeSpan rdf:about="#1987%2F1987"><skos:prefLabel xml:lang="zxx">1987/1987</skos:prefLabel><dcterms:isPartOf rdf:resource="http://data.europeana.eu/timespan/20"></dcterms:isPartOf><edm:begin>1987-01-01</edm:begin><edm:end>1987-12-31</edm:end></edm:TimeSpan><edm:TimeSpan rdf:about="http://data.europeana.eu/timespan/20"><skos:prefLabel xml:lang="de">20. Jahrhundert</skos:prefLabel><skos:prefLabel xml:lang="ru">XX век</skos:prefLabel><skos:prefLabel xml:lang="fi">1900-luku</skos:prefLabel><skos:prefLabel xml:lang="pt">Século XX</skos:prefLabel><skos:prefLabel xml:lang="bg">20 век</skos:prefLabel><skos:prefLabel xml:lang="lt">XX amžius</skos:prefLabel><skos:prefLabel xml:lang="lv">20. gadsimts</skos:prefLabel><skos:prefLabel xml:lang="hr">20. stoljeće</skos:prefLabel><skos:prefLabel xml:lang="fr">XXe siècle</skos:prefLabel><skos:prefLabel xml:lang="hu">20. század</skos:prefLabel><skos:prefLabel xml:lang="sk">20. storočie</skos:prefLabel><skos:prefLabel xml:lang="sl">20. stoletje</skos:prefLabel><skos:prefLabel xml:lang="ga">20ú haois</skos:prefLabel><skos:prefLabel xml:lang="ca">Segle XX</skos:prefLabel><skos:prefLabel xml:lang="sv">1900-talet</skos:prefLabel><skos:prefLabel xml:lang="el">20ός αιώνας</skos:prefLabel><skos:prefLabel xml:lang="en">20th century</skos:prefLabel><skos:prefLabel xml:lang="it">XX secolo</skos:prefLabel><skos:prefLabel xml:lang="es">Siglo XX</skos:prefLabel><skos:prefLabel xml:lang="et">20. sajand</skos:prefLabel><skos:prefLabel xml:lang="eu">XX. mendea</skos:prefLabel><skos:prefLabel xml:lang="cs">20. století</skos:prefLabel><skos:prefLabel xml:lang="pl">XX wiek</skos:prefLabel><skos:prefLabel xml:lang="ro">Secolul al XX-lea</skos:prefLabel><skos:prefLabel xml:lang="da">20. århundrede</skos:prefLabel><skos:prefLabel xml:lang="nl">20e eeuw</skos:prefLabel><skos:altLabel xml:lang="ru">20 век</skos:altLabel><skos:altLabel xml:lang="sv">20:e århundradet</skos:altLabel><skos:altLabel xml:lang="sv">20:e seklet</skos:altLabel><skos:altLabel xml:lang="sv">1900-tal</skos:altLabel><skos:altLabel xml:lang="sv">1900-talet (århundrade)</skos:altLabel><skos:altLabel xml:lang="sv">1900-talet (sekel)</skos:altLabel><skos:altLabel xml:lang="pt">Século 20</skos:altLabel><skos:altLabel xml:lang="pt">Século vinte</skos:altLabel><skos:altLabel xml:lang="pt">Periodo 1901-2000</skos:altLabel><skos:altLabel xml:lang="pt">Ciclo (1901-2000)</skos:altLabel><skos:altLabel xml:lang="en">20th-century</skos:altLabel><skos:altLabel xml:lang="en">20th-century</skos:altLabel><skos:altLabel xml:lang="en">Twentieth century</skos:altLabel><skos:altLabel xml:lang="en">The past century</skos:altLabel><skos:altLabel xml:lang="en">History, 20th Century</skos:altLabel><skos:altLabel xml:lang="en">XX Century</skos:altLabel><skos:altLabel xml:lang="it">Novecento</skos:altLabel><skos:altLabel xml:lang="it">20° secolo</skos:altLabel><skos:altLabel xml:lang="it">'900</skos:altLabel><skos:altLabel xml:lang="it">Novecento</skos:altLabel><skos:altLabel xml:lang="fr">20e siècle</skos:altLabel><skos:altLabel xml:lang="es">Siglo 20</skos:altLabel><skos:altLabel xml:lang="es">El siglo pasado</skos:altLabel><skos:altLabel xml:lang="es">Siglo veinte</skos:altLabel><edm:begin>1901-01-01</edm:begin><edm:end>2000-12-31</edm:end><owl:sameAs rdf:resource="http://www.wikidata.org/entity/Q6927"/><owl:sameAs rdf:resource="http://id.loc.gov/authorities/names/sh2002012476"/><owl:sameAs rdf:resource="http://id.loc.gov/authorities/names/sh85139020"/><owl:sameAs rdf:resource="http://id.nlm.nih.gov/mesh/D049673"/><owl:sameAs rdf:resource="https://www.freebase.com/m/089_x"/><owl:sameAs rdf:resource="https://g.co/kg/m/089_x"/><owl:sameAs rdf:resource="http://id.nlm.nih.gov/mesh/K01.400.504.968"/><owl:sameAs rdf:resource="http://vocab.getty.edu/aat/300404514"/><owl:sameAs rdf:resource="http://dbpedia.org/resource/20th_century"/></edm:TimeSpan><skos:Concept rdf:about="http://data.europeana.eu/concept/2022"><skos:prefLabel xml:lang="de">Baumwollfaser</skos:prefLabel><skos:prefLabel xml:lang="ru">Хлопок</skos:prefLabel><skos:prefLabel xml:lang="fi">Puuvilla</skos:prefLabel><skos:prefLabel xml:lang="pt">Algodão</skos:prefLabel><skos:prefLabel xml:lang="bg">Памук</skos:prefLabel><skos:prefLabel xml:lang="lt">Medvilnė</skos:prefLabel><skos:prefLabel xml:lang="lv">Kokvilna</skos:prefLabel><skos:prefLabel xml:lang="hr">Pamuk</skos:prefLabel><skos:prefLabel xml:lang="fr">Coton</skos:prefLabel><skos:prefLabel xml:lang="hu">Pamut</skos:prefLabel><skos:prefLabel xml:lang="sk">Bavlna</skos:prefLabel><skos:prefLabel xml:lang="sl">Bombaž</skos:prefLabel><skos:prefLabel xml:lang="ga">Cadás</skos:prefLabel><skos:prefLabel xml:lang="ca">Cotó</skos:prefLabel><skos:prefLabel xml:lang="sv">Bomull</skos:prefLabel><skos:prefLabel xml:lang="el">Βαμβάκι</skos:prefLabel><skos:prefLabel xml:lang="en">Cotton</skos:prefLabel><skos:prefLabel xml:lang="it">Cotone</skos:prefLabel><skos:prefLabel xml:lang="es">Algodón</skos:prefLabel><skos:prefLabel xml:lang="et">Puuvill</skos:prefLabel><skos:prefLabel xml:lang="eu">Kotoi</skos:prefLabel><skos:prefLabel xml:lang="cs">Bavlna</skos:prefLabel><skos:prefLabel xml:lang="pl">Bawełna</skos:prefLabel><skos:prefLabel xml:lang="ro">Bumbac</skos:prefLabel><skos:prefLabel xml:lang="da">Bomuld</skos:prefLabel><skos:prefLabel xml:lang="nl">Katoen</skos:prefLabel><skos:note xml:lang="de">Naturfaser aus den Samenhaaren der Pflanzen der Gattung Baumwolle (Gossypium)</skos:note><skos:note xml:lang="sv">Textilfiber från växter av bomullssläktet</skos:note><skos:note xml:lang="fi">Kasvikuitu</skos:note><skos:note xml:lang="ru">Волокно растительного происхождения</skos:note><skos:note xml:lang="pt">Fibra vegetal do gênero Gossypium</skos:note><skos:note xml:lang="el">Ίνα φυτικής προέλευσης</skos:note><skos:note xml:lang="en">Plant fiber from the genus Gossypium</skos:note><skos:note xml:lang="it">Fibra di cotone si ricava dalla bambagia che avvolge i semi delle piante del genere Gossypium</skos:note><skos:note xml:lang="fr">Fibre végétale qui entoure les graines des cotonniers « véritables » généralement transformée en fil qui est tissé pour fabriquer des tissus</skos:note><skos:note xml:lang="hu">Gyapotból készült természetes szál</skos:note><skos:note xml:lang="es">Fibra textil vegetal</skos:note><skos:note xml:lang="ro">Fibră textilă</skos:note><skos:note xml:lang="da">Tekstilfiber fra planter af Gossypium</skos:note><skos:note xml:lang="nl">Zachte, eencellige vezel</skos:note><skos:note xml:lang="ca">Fibra tèxtil vegetal</skos:note><skos:broader rdf:resource="http://data.europeana.eu/concept/2098"/><skos:exactMatch rdf:resource="http://d-nb.info/gnd/4136931-2"/><skos:exactMatch rdf:resource="http://data.bnf.fr/ark:/12148/cb11975914p"/><skos:exactMatch rdf:resource="http://id.nlm.nih.gov/mesh/D032561"/><skos:exactMatch rdf:resource="http://purl.org/bncf/tid/20915"/><skos:exactMatch rdf:resource="https://www.freebase.com/m/095zt"/><skos:exactMatch rdf:resource="https://g.co/kg/m/095zt"/><skos:exactMatch rdf:resource="http://vocab.getty.edu/aat/300183670"/><skos:exactMatch rdf:resource="http://iconclass.org/47H12"/><skos:exactMatch rdf:resource="http://www.yso.fi/onto/yso/p10435"/><skos:exactMatch rdf:resource="http://babelnet.org/rdf/s00023072n"/><skos:exactMatch rdf:resource="http://thesaurus.europeanafashion.eu/thesaurus/10354"/><skos:exactMatch rdf:resource="http://zbw.eu/stw/descriptor/14055-5"/><skos:exactMatch rdf:resource="http://www.wikidata.org/entity/Q11457"/><skos:exactMatch rdf:resource="https://d-nb.info/gnd/4136931-2"/><skos:exactMatch rdf:resource="http://dbpedia.org/resource/Cotton"/></skos:Concept><ore:Aggregation rdf:about="http://data.europeana.eu/aggregation/provider/2021672/resource_document_mauritshuis_1082"><edm:aggregatedCHO rdf:resource="http://data.europeana.eu/item/2021672/resource_document_mauritshuis_1082"/><edm:dataProvider rdf:resource="http://data.europeana.eu/organization/1482250000004509120"></edm:dataProvider><edm:isShownBy rdf:resource="https://www.mauritshuis.nl/media/k52ag2m5/1082_-repro-lage-resolutie.jpg"/><edm:provider rdf:resource="http://data.europeana.eu/organization/1482250000004671093"></edm:provider><edm:rights rdf:resource="http://creativecommons.org/publicdomain/mark/1.0/"/></ore:Aggregation><ore:Proxy rdf:about="http://data.europeana.eu/proxy/provider/2021672/resource_document_mauritshuis_1082"><dc:creator>Ger Lataster</dc:creator><dc:date>1987 - 1987</dc:date><dc:description xml:lang="nl-NL">In de jaren 1980 kreeg Lataster de opdracht het plafond in de trapzaal te beschilderen. Hij koos voor een compositie met veel kleur, waarin hij het verhaal van Icarus verwerkte. Icarus vloog met zelfgemaakte vleugels naar de zon, maar door de warmte smolten zijn vleugels en viel hij in zee. Zo waarschuwde Lataster zichzelf voor de hoogmoed die bij deze opdracht op de loer lag. Duidelijk zijn Icarus’ vleugels te herkennen en een metalen brilletje – Latasters eigen bril.</dc:description><dc:description xml:lang="en-GB">In the 1980s, Lataster was commissioned to paint the ceiling of the Main Landing. He chose a composition with lots of colour, in which he incorporated the story of Icarus, who made his own wings to fly to the sun, but fell into the sea when the heat melted the wax. With this story Lataster warned himself of the danger of being too proud of this commission. Icarus’ wings are clearly identifiable, as are Lataster’s own metal-rimmed glasses.</dc:description><dc:format>500 cm</dc:format><dc:identifier>1082</dc:identifier><dc:title xml:lang="nl-NL">Icarus Atlanticus: Allegorie op de ijdelheid van de mens</dc:title><dc:title xml:lang="en-GB">Icarus Atlanticus: Allegory of Human Vanity</dc:title><dc:type xml:lang="nl-NL">schilderij</dc:type><dc:type xml:lang="en-GB">painting</dc:type><dcterms:medium xml:lang="nl-NL">katoen</dcterms:medium><dcterms:medium xml:lang="en-GB">cotton</dcterms:medium><edm:europeanaProxy>false</edm:europeanaProxy><ore:proxyFor rdf:resource="http://data.europeana.eu/item/2021672/resource_document_mauritshuis_1082"/><ore:proxyIn rdf:resource="http://data.europeana.eu/aggregation/provider/2021672/resource_document_mauritshuis_1082"/><edm:type>IMAGE</edm:type></ore:Proxy><ore:Proxy rdf:about="http://data.europeana.eu/proxy/europeana/2021672/resource_document_mauritshuis_1082"><dc:date rdf:resource="#1987%2F1987"></dc:date><dc:date rdf:resource="#1987%2F1987"></dc:date><dc:identifier>resource_document_mauritshuis_1082</dc:identifier><dcterms:medium rdf:resource="http://data.europeana.eu/concept/2022"></dcterms:medium><edm:europeanaProxy>true</edm:europeanaProxy><ore:proxyFor rdf:resource="http://data.europeana.eu/item/2021672/resource_document_mauritshuis_1082"/><ore:proxyIn rdf:resource="http://data.europeana.eu/aggregation/europeana/2021672/resource_document_mauritshuis_1082"/><ore:lineage rdf:resource="http://data.europeana.eu/proxy/provider/2021672/resource_document_mauritshuis_1082"/><edm:type>IMAGE</edm:type></ore:Proxy><edm:EuropeanaAggregation rdf:about="http://data.europeana.eu/aggregation/europeana/2021672/resource_document_mauritshuis_1082"><edm:aggregatedCHO rdf:resource="http://data.europeana.eu/item/2021672/resource_document_mauritshuis_1082"/><edm:datasetName>2021672_Ag_NL_DigitaleCollectie_Mauritshuis</edm:datasetName><edm:country>Netherlands</edm:country><edm:preview rdf:resource="https://www.mauritshuis.nl/media/k52ag2m5/1082_-repro-lage-resolutie.jpg"/><edm:landingPage rdf:resource="https://www.europeana.eu/item/2021672/resource_document_mauritshuis_1082"/><edm:language>nl</edm:language><edm:completeness>0</edm:completeness><dcterms:created>2017-08-02T11:48:17.493Z</dcterms:created><dcterms:modified>2023-02-28T08:45:41.077Z</dcterms:modified><dqv:hasQualityAnnotation rdf:resource="http://data.europeana.eu/item/2021672/resource_document_mauritshuis_1082#contentTier"/><dqv:hasQualityAnnotation rdf:resource="http://data.europeana.eu/item/2021672/resource_document_mauritshuis_1082#metadataTier"/></edm:EuropeanaAggregation><foaf:Organization rdf:about="http://data.europeana.eu/organization/1482250000004509120"><skos:prefLabel xml:lang="en">Mauritshuis</skos:prefLabel><skos:prefLabel xml:lang="nl">Mauritshuis</skos:prefLabel></foaf:Organization><foaf:Organization rdf:about="http://data.europeana.eu/organization/1482250000004671093"><skos:prefLabel xml:lang="en">Dutch Collections for Europe</skos:prefLabel></foaf:Organization><dqv:QualityAnnotation rdf:about="http://data.europeana.eu/item/2021672/resource_document_mauritshuis_1082#contentTier"><dcterms:created>2023-02-28T08:46:28.507462Z</dcterms:created><oa:hasTarget rdf:resource="http://data.europeana.eu/aggregation/provider/2021672/resource_document_mauritshuis_1082"/><oa:hasBody rdf:resource="http://www.europeana.eu/schemas/epf/contentTier4"/></dqv:QualityAnnotation><dqv:QualityAnnotation rdf:about="http://data.europeana.eu/item/2021672/resource_document_mauritshuis_1082#metadataTier"><dcterms:created>2023-02-28T08:46:28.507479Z</dcterms:created><oa:hasTarget rdf:resource="http://data.europeana.eu/aggregation/provider/2021672/resource_document_mauritshuis_1082"/><oa:hasBody rdf:resource="http://www.europeana.eu/schemas/epf/metadataTierA"/></dqv:QualityAnnotation></rdf:RDF>