<?xml version="1.0" encoding="UTF-8" standalone="yes"?><rdf:RDF xmlns:rdf="http://www.w3.org/1999/02/22-rdf-syntax-ns#" xmlns:dc="http://purl.org/dc/elements/1.1/" xmlns:dcterms="http://purl.org/dc/terms/" xmlns:edm="http://www.europeana.eu/schemas/edm/" xmlns:owl="http://www.w3.org/2002/07/owl#" xmlns:wgs84_pos="http://www.w3.org/2003/01/geo/wgs84_pos#" xmlns:skos="http://www.w3.org/2004/02/skos/core#" xmlns:rdaGr2="http://rdvocab.info/ElementsGr2/" xmlns:foaf="http://xmlns.com/foaf/0.1/" xmlns:ebucore="http://www.ebu.ch/metadata/ontologies/ebucore/ebucore#" xmlns:doap="http://usefulinc.com/ns/doap#" xmlns:odrl="http://www.w3.org/ns/odrl/2/" xmlns:cc="http://creativecommons.org/ns#" xmlns:ore="http://www.openarchives.org/ore/terms/" xmlns:svcs="http://rdfs.org/sioc/services#" xmlns:oa="http://www.w3.org/ns/oa#" xmlns:dqv="http://www.w3.org/ns/dqv#"><edm:ProvidedCHO rdf:about="http://data.europeana.eu/item/2021672/resource_document_mauritshuis_1185"/><edm:WebResource rdf:about="https://www.mauritshuis.nl/media/lysbaqhn/1185_master.jpg"><ebucore:hasMimeType>image/jpeg</ebucore:hasMimeType><ebucore:fileByteSize rdf:datatype="http://www.w3.org/2001/XMLSchema#long">2765544</ebucore:fileByteSize><ebucore:width rdf:datatype="http://www.w3.org/2001/XMLSchema#integer">4724</ebucore:width><ebucore:height rdf:datatype="http://www.w3.org/2001/XMLSchema#integer">3502</ebucore:height><edm:hasColorSpace>sRGB</edm:hasColorSpace><edm:componentColor rdf:datatype="http://www.w3.org/2001/XMLSchema#hexBinary">#2F4F4F</edm:componentColor><edm:componentColor rdf:datatype="http://www.w3.org/2001/XMLSchema#hexBinary">#F5F5DC</edm:componentColor><edm:componentColor rdf:datatype="http://www.w3.org/2001/XMLSchema#hexBinary">#800000</edm:componentColor><edm:componentColor rdf:datatype="http://www.w3.org/2001/XMLSchema#hexBinary">#FFE4E1</edm:componentColor><edm:componentColor rdf:datatype="http://www.w3.org/2001/XMLSchema#hexBinary">#B0C4DE</edm:componentColor><edm:componentColor rdf:datatype="http://www.w3.org/2001/XMLSchema#hexBinary">#F5DEB3</edm:componentColor><ebucore:orientation rdf:datatype="http://www.w3.org/2001/XMLSchema#string">landscape</ebucore:orientation></edm:WebResource><edm:TimeSpan rdf:about="#1750%2F1750"><skos:prefLabel xml:lang="zxx">1750/1750</skos:prefLabel><dcterms:isPartOf rdf:resource="http://data.europeana.eu/timespan/18"></dcterms:isPartOf><edm:begin>1750-01-01</edm:begin><edm:end>1750-12-31</edm:end></edm:TimeSpan><edm:TimeSpan rdf:about="http://data.europeana.eu/timespan/18"><skos:prefLabel xml:lang="de">18. Jahrhundert</skos:prefLabel><skos:prefLabel xml:lang="ru">XVIII век</skos:prefLabel><skos:prefLabel xml:lang="fi">1700-luku</skos:prefLabel><skos:prefLabel xml:lang="pt">Século XVIII</skos:prefLabel><skos:prefLabel xml:lang="bg">18 век</skos:prefLabel><skos:prefLabel xml:lang="lt">XVIII amžius</skos:prefLabel><skos:prefLabel xml:lang="lv">18. gadsimts</skos:prefLabel><skos:prefLabel xml:lang="hr">18. stoljeće</skos:prefLabel><skos:prefLabel xml:lang="fr">XVIIIe siècle</skos:prefLabel><skos:prefLabel xml:lang="hu">18. század</skos:prefLabel><skos:prefLabel xml:lang="sk">18. storočie</skos:prefLabel><skos:prefLabel xml:lang="sl">18. stoletje</skos:prefLabel><skos:prefLabel xml:lang="ga">18ú haois</skos:prefLabel><skos:prefLabel xml:lang="ca">Segle XVIII</skos:prefLabel><skos:prefLabel xml:lang="sv">1700-talet</skos:prefLabel><skos:prefLabel xml:lang="el">18ος αιώνας</skos:prefLabel><skos:prefLabel xml:lang="en">18th century</skos:prefLabel><skos:prefLabel xml:lang="it">XVIII secolo</skos:prefLabel><skos:prefLabel xml:lang="es">Siglo XVIII</skos:prefLabel><skos:prefLabel xml:lang="et">18. sajand</skos:prefLabel><skos:prefLabel xml:lang="eu">XVIII. mendea</skos:prefLabel><skos:prefLabel xml:lang="cs">18. století</skos:prefLabel><skos:prefLabel xml:lang="pl">XVIII wiek</skos:prefLabel><skos:prefLabel xml:lang="ro">Secolul al XVIII-lea</skos:prefLabel><skos:prefLabel xml:lang="da">18. århundrede</skos:prefLabel><skos:prefLabel xml:lang="nl">18e eeuw</skos:prefLabel><skos:altLabel xml:lang="ru">18 век</skos:altLabel><skos:altLabel xml:lang="sv">18:e århundradet</skos:altLabel><skos:altLabel xml:lang="sv">18:e seklet</skos:altLabel><skos:altLabel xml:lang="sv">1700-tal</skos:altLabel><skos:altLabel xml:lang="sv">1700-talet (århundrade)</skos:altLabel><skos:altLabel xml:lang="sv">1700-talet (sekel)</skos:altLabel><skos:altLabel xml:lang="en">18th-century</skos:altLabel><skos:altLabel xml:lang="en">18th-century</skos:altLabel><skos:altLabel xml:lang="en">Eighteenth Century</skos:altLabel><skos:altLabel xml:lang="en">History, 18th Century</skos:altLabel><skos:altLabel xml:lang="it">Settecento</skos:altLabel><skos:altLabel xml:lang="it">18° secolo</skos:altLabel><skos:altLabel xml:lang="it">Secolo XVIII</skos:altLabel><skos:altLabel xml:lang="it">XVIII Secolo</skos:altLabel><skos:altLabel xml:lang="it">Diciottesimo secolo</skos:altLabel><skos:altLabel xml:lang="it">'700</skos:altLabel><skos:altLabel xml:lang="it">18º secolo</skos:altLabel><skos:altLabel xml:lang="it">Settecento</skos:altLabel><skos:altLabel xml:lang="fr">18e siècle</skos:altLabel><skos:altLabel xml:lang="fr">18 siècle</skos:altLabel><skos:altLabel xml:lang="fr">18eme siècle</skos:altLabel><skos:altLabel xml:lang="da">1700-tallet</skos:altLabel><skos:altLabel xml:lang="hu">18. évszázad</skos:altLabel><skos:altLabel xml:lang="nl">1701-1800</skos:altLabel><skos:altLabel xml:lang="es">Siglo 18</skos:altLabel><skos:altLabel xml:lang="es">Siglo dieciocho</skos:altLabel><edm:begin>1701-01-01</edm:begin><edm:end>1800-01-01</edm:end><owl:sameAs rdf:resource="http://www.wikidata.org/entity/Q7015"/><owl:sameAs rdf:resource="http://id.loc.gov/authorities/names/sh2002012474"/><owl:sameAs rdf:resource="http://id.loc.gov/authorities/names/sh85041401"/><owl:sameAs rdf:resource="http://id.nlm.nih.gov/mesh/D049671"/><owl:sameAs rdf:resource="https://www.freebase.com/m/08b33"/><owl:sameAs rdf:resource="https://g.co/kg/m/08b33"/><owl:sameAs rdf:resource="http://id.nlm.nih.gov/mesh/K01.400.504.875"/><owl:sameAs rdf:resource="http://vocab.getty.edu/aat/300404512"/><owl:sameAs rdf:resource="http://babelnet.org/rdf/s02814699n"/><owl:sameAs rdf:resource="http://dbpedia.org/resource/18th_century"/></edm:TimeSpan><skos:Concept rdf:about="http://data.europeana.eu/concept/1816"><skos:prefLabel xml:lang="de">Holz</skos:prefLabel><skos:prefLabel xml:lang="ru">Древесина</skos:prefLabel><skos:prefLabel xml:lang="fi">Puuaines</skos:prefLabel><skos:prefLabel xml:lang="pt">Madeira</skos:prefLabel><skos:prefLabel xml:lang="bg">Дървесина</skos:prefLabel><skos:prefLabel xml:lang="lt">Mediena</skos:prefLabel><skos:prefLabel xml:lang="lv">Koksne</skos:prefLabel><skos:prefLabel xml:lang="hr">Drvo</skos:prefLabel><skos:prefLabel xml:lang="fr">Bois</skos:prefLabel><skos:prefLabel xml:lang="hu">fa</skos:prefLabel><skos:prefLabel xml:lang="sk">Drevo</skos:prefLabel><skos:prefLabel xml:lang="sl">Les</skos:prefLabel><skos:prefLabel xml:lang="ga">Adhmad</skos:prefLabel><skos:prefLabel xml:lang="ca">Fusta</skos:prefLabel><skos:prefLabel xml:lang="sv">Trä</skos:prefLabel><skos:prefLabel xml:lang="mt">Injam</skos:prefLabel><skos:prefLabel xml:lang="el">Ξύλο</skos:prefLabel><skos:prefLabel xml:lang="en">Wood</skos:prefLabel><skos:prefLabel xml:lang="it">Legno</skos:prefLabel><skos:prefLabel xml:lang="es">Madera</skos:prefLabel><skos:prefLabel xml:lang="et">Puit</skos:prefLabel><skos:prefLabel xml:lang="eu">Zur</skos:prefLabel><skos:prefLabel xml:lang="cs">Dřevo</skos:prefLabel><skos:prefLabel xml:lang="pl">Drewno</skos:prefLabel><skos:prefLabel xml:lang="ro">Lemn</skos:prefLabel><skos:prefLabel xml:lang="da">Træ</skos:prefLabel><skos:prefLabel xml:lang="nl">Hout</skos:prefLabel><skos:note xml:lang="de">Faseriges Material von Bäumen oder anderen Pflanzen</skos:note><skos:note xml:lang="sv">Material som fås vid avverkning och bearbetning av träd</skos:note><skos:note xml:lang="fi">Monissa puissa olevaa kovaa solukkoa</skos:note><skos:note xml:lang="ru">Внутренняя часть дерева</skos:note><skos:note xml:lang="pt">Material duro, fibroso obtido das árvores</skos:note><skos:note xml:lang="el">Φυσικό και ανανεώσιμο υλικό</skos:note><skos:note xml:lang="en">Fibrous material from trees or other plants</skos:note><skos:note xml:lang="it">Materiale ricavato dai fusti delle piante</skos:note><skos:note xml:lang="fr">Matériau naturel issu d'arbres ou de plantes ligneuses</skos:note><skos:note xml:lang="hu">Fás növények szárának farészeiből nyert kemény, rostos anyag</skos:note><skos:note xml:lang="es">Material duro y fibroso obtenido de los árboles</skos:note><skos:note xml:lang="cs">Materiál tvořený pevnou pletivovou tkání stromů a jiných dřevin</skos:note><skos:note xml:lang="sl">Organski material, ki ga pridobivamo iz dreves in grmov</skos:note><skos:note xml:lang="ga">Ábhar déanta de chrainn nó de phlandaí eile</skos:note><skos:note xml:lang="pl">Surowiec</skos:note><skos:note xml:lang="ro">Material obținut din arbori și alte plante</skos:note><skos:note xml:lang="da">Materiale</skos:note><skos:note xml:lang="ca">Material dur i fibrós obtingut dels arbres i altres plantes llenyoses</skos:note><skos:note xml:lang="nl">Materiaal afkomstig van bomen</skos:note><skos:broader rdf:resource="http://data.europeana.eu/concept/2099"/><skos:broader rdf:resource="http://data.europeana.eu/concept/2069"/><skos:exactMatch rdf:resource="http://www.wikidata.org/entity/Q287"/><skos:exactMatch rdf:resource="http://purl.obolibrary.org/obo/ENVO_00002040"/><skos:exactMatch rdf:resource="https://d-nb.info/gnd/4025668-6"/><skos:exactMatch rdf:resource="http://id.loc.gov/authorities/names/sh85147783"/><skos:exactMatch rdf:resource="http://data.bnf.fr/ark:/12148/cb11976008h"/><skos:exactMatch rdf:resource="http://id.ndl.go.jp/auth/ndlna/00567803"/><skos:exactMatch rdf:resource="http://id.nlm.nih.gov/mesh/D014934"/><skos:exactMatch rdf:resource="http://purl.org/bncf/tid/3389"/><skos:exactMatch rdf:resource="https://www.freebase.com/m/083vt"/><skos:exactMatch rdf:resource="https://g.co/kg/m/083vt"/><skos:exactMatch rdf:resource="http://id.nlm.nih.gov/mesh/A18.450.500.500"/><skos:exactMatch rdf:resource="http://id.nlm.nih.gov/mesh/J01.637.241.900"/><skos:exactMatch rdf:resource="http://vocab.getty.edu/aat/300011914"/><skos:exactMatch rdf:resource="http://iconclass.org/47G543"/><skos:exactMatch rdf:resource="http://www.yso.fi/onto/yso/p16542"/><skos:exactMatch rdf:resource="http://babelnet.org/rdf/s00081492n"/><skos:exactMatch rdf:resource="http://thesaurus.europeanafashion.eu/thesaurus/10577"/><skos:exactMatch rdf:resource="http://zbw.eu/stw/descriptor/14150-4"/><skos:exactMatch rdf:resource="http://vocabularies.unesco.org/thesaurus/concept4159"/><skos:exactMatch rdf:resource="http://dbpedia.org/resource/Wood"/></skos:Concept><skos:Concept rdf:about="http://data.europeana.eu/concept/2067"><skos:prefLabel xml:lang="de">Marmor</skos:prefLabel><skos:prefLabel xml:lang="fi">Marmori</skos:prefLabel><skos:prefLabel xml:lang="ru">Мрамор</skos:prefLabel><skos:prefLabel xml:lang="pt">Mármore</skos:prefLabel><skos:prefLabel xml:lang="bg">Мрамор</skos:prefLabel><skos:prefLabel xml:lang="lt">Marmuras</skos:prefLabel><skos:prefLabel xml:lang="lv">Marmors</skos:prefLabel><skos:prefLabel xml:lang="hr">Mramor</skos:prefLabel><skos:prefLabel xml:lang="fr">Marbre</skos:prefLabel><skos:prefLabel xml:lang="hu">Márvány</skos:prefLabel><skos:prefLabel xml:lang="sk">Mramor</skos:prefLabel><skos:prefLabel xml:lang="sl">Marmor</skos:prefLabel><skos:prefLabel xml:lang="ga">Marmar</skos:prefLabel><skos:prefLabel xml:lang="ca">Marbre</skos:prefLabel><skos:prefLabel xml:lang="sv">Marmor</skos:prefLabel><skos:prefLabel xml:lang="el">Μάρμαρο</skos:prefLabel><skos:prefLabel xml:lang="en">Marble</skos:prefLabel><skos:prefLabel xml:lang="it">Marmo</skos:prefLabel><skos:prefLabel xml:lang="es">Mármol</skos:prefLabel><skos:prefLabel xml:lang="et">Marmor</skos:prefLabel><skos:prefLabel xml:lang="cs">Mramor</skos:prefLabel><skos:prefLabel xml:lang="eu">Haitzurdin</skos:prefLabel><skos:prefLabel xml:lang="pl">Marmur</skos:prefLabel><skos:prefLabel xml:lang="ro">Marmura</skos:prefLabel><skos:prefLabel xml:lang="da">Marmor</skos:prefLabel><skos:prefLabel xml:lang="nl">Marmer</skos:prefLabel><skos:note xml:lang="de">Metamorphes Gestein</skos:note><skos:note xml:lang="fi">Kivilaji</skos:note><skos:note xml:lang="ru">Метаморфическая горная порода, состоящая только из кальцита</skos:note><skos:note xml:lang="sv">Bergart</skos:note><skos:note xml:lang="pt">Rocha metamórfica não foliada, comumente usada para escultura e como material de construção</skos:note><skos:note xml:lang="bg">Метаморфна скала, изградена от калцит или доломит</skos:note><skos:note xml:lang="el">Πέτρωμα</skos:note><skos:note xml:lang="en">Non-foliated metamorphic rock commonly used for sculpture and as a building material</skos:note><skos:note xml:lang="lv">Minerāliezis, kaļķakmens paveids</skos:note><skos:note xml:lang="it">Roccia utilizzata nell'edilizia e nella scultura</skos:note><skos:note xml:lang="fr">Roche dérivée du calcaire</skos:note><skos:note xml:lang="hu">Metamorf kőzet</skos:note><skos:note xml:lang="es">Roca metamórfica calcárea</skos:note><skos:note xml:lang="cs">Hornina</skos:note><skos:note xml:lang="pl">Skała metamorficzna</skos:note><skos:note xml:lang="da">Stenart</skos:note><skos:note xml:lang="ca">Roca metamòrfica compacta</skos:note><skos:note xml:lang="nl">Gemetamorfoseerd kalksteen, bestaande uit zeer puur calciumcarbonaat</skos:note><skos:exactMatch rdf:resource="http://www.wikidata.org/entity/Q40861"/><skos:exactMatch rdf:resource="https://d-nb.info/gnd/4168954-9"/><skos:exactMatch rdf:resource="http://id.loc.gov/authorities/names/sh85080941"/><skos:exactMatch rdf:resource="http://data.bnf.fr/ark:/12148/cb11976514t"/><skos:exactMatch rdf:resource="http://id.ndl.go.jp/auth/ndlna/00561217"/><skos:exactMatch rdf:resource="http://purl.org/bncf/tid/13244"/><skos:exactMatch rdf:resource="https://www.freebase.com/m/04tdh"/><skos:exactMatch rdf:resource="https://g.co/kg/m/04tdh"/><skos:exactMatch rdf:resource="http://datos.bne.es/resource/XX532315"/><skos:exactMatch rdf:resource="http://vocab.getty.edu/aat/300011443"/><skos:exactMatch rdf:resource="http://www.yso.fi/onto/yso/p18165"/><skos:exactMatch rdf:resource="http://babelnet.org/rdf/s00053338n"/><skos:exactMatch rdf:resource="http://thesaurus.europeanafashion.eu/thesaurus/10925"/><skos:exactMatch rdf:resource="http://dbpedia.org/resource/Marble"/></skos:Concept><ore:Aggregation rdf:about="http://data.europeana.eu/aggregation/provider/2021672/resource_document_mauritshuis_1185"><edm:aggregatedCHO rdf:resource="http://data.europeana.eu/item/2021672/resource_document_mauritshuis_1185"/><edm:dataProvider rdf:resource="http://data.europeana.eu/organization/1482250000004509120"></edm:dataProvider><edm:isShownBy rdf:resource="https://www.mauritshuis.nl/media/lysbaqhn/1185_master.jpg"/><edm:provider rdf:resource="http://data.europeana.eu/organization/1482250000004671093"></edm:provider><edm:rights rdf:resource="http://creativecommons.org/publicdomain/mark/1.0/"/></ore:Aggregation><ore:Proxy rdf:about="http://data.europeana.eu/proxy/europeana/2021672/resource_document_mauritshuis_1185"><dc:date rdf:resource="#1750%2F1750"></dc:date><dc:date rdf:resource="#1750%2F1750"></dc:date><dc:identifier>resource_document_mauritshuis_1185</dc:identifier><dcterms:medium rdf:resource="http://data.europeana.eu/concept/2067"></dcterms:medium><dcterms:medium rdf:resource="http://data.europeana.eu/concept/1816"></dcterms:medium><edm:europeanaProxy>true</edm:europeanaProxy><ore:proxyFor rdf:resource="http://data.europeana.eu/item/2021672/resource_document_mauritshuis_1185"/><ore:proxyIn rdf:resource="http://data.europeana.eu/aggregation/europeana/2021672/resource_document_mauritshuis_1185"/><ore:lineage rdf:resource="http://data.europeana.eu/proxy/provider/2021672/resource_document_mauritshuis_1185"/><edm:type>IMAGE</edm:type></ore:Proxy><ore:Proxy rdf:about="http://data.europeana.eu/proxy/provider/2021672/resource_document_mauritshuis_1185"><dc:creator>Anoniem (Duitsland)</dc:creator><dc:creator>Anonymous (Germany)</dc:creator><dc:date>1750 - 1750</dc:date><dc:identifier>1185</dc:identifier><dc:title xml:lang="nl-NL">Wandconsole</dc:title><dc:title xml:lang="en-GB">Console Table</dc:title><dc:type xml:lang="nl-NL">wandconsole</dc:type><dcterms:medium xml:lang="nl-NL">marmer</dcterms:medium><dcterms:medium xml:lang="nl-NL">bladgoud</dcterms:medium><dcterms:medium xml:lang="nl-NL">hout</dcterms:medium><dcterms:medium xml:lang="en-GB">wood</dcterms:medium><edm:europeanaProxy>false</edm:europeanaProxy><ore:proxyFor rdf:resource="http://data.europeana.eu/item/2021672/resource_document_mauritshuis_1185"/><ore:proxyIn rdf:resource="http://data.europeana.eu/aggregation/provider/2021672/resource_document_mauritshuis_1185"/><edm:type>IMAGE</edm:type></ore:Proxy><edm:EuropeanaAggregation rdf:about="http://data.europeana.eu/aggregation/europeana/2021672/resource_document_mauritshuis_1185"><edm:aggregatedCHO rdf:resource="http://data.europeana.eu/item/2021672/resource_document_mauritshuis_1185"/><edm:datasetName>2021672_Ag_NL_DigitaleCollectie_Mauritshuis</edm:datasetName><edm:country>Netherlands</edm:country><edm:preview rdf:resource="https://www.mauritshuis.nl/media/lysbaqhn/1185_master.jpg"/><edm:landingPage rdf:resource="https://www.europeana.eu/item/2021672/resource_document_mauritshuis_1185"/><edm:language>nl</edm:language><edm:completeness>0</edm:completeness><dcterms:created>2017-08-02T11:48:18.299Z</dcterms:created><dcterms:modified>2023-02-28T08:45:41.077Z</dcterms:modified><dqv:hasQualityAnnotation rdf:resource="http://data.europeana.eu/item/2021672/resource_document_mauritshuis_1185#contentTier"/><dqv:hasQualityAnnotation rdf:resource="http://data.europeana.eu/item/2021672/resource_document_mauritshuis_1185#metadataTier"/></edm:EuropeanaAggregation><foaf:Organization rdf:about="http://data.europeana.eu/organization/1482250000004509120"><skos:prefLabel xml:lang="en">Mauritshuis</skos:prefLabel><skos:prefLabel xml:lang="nl">Mauritshuis</skos:prefLabel></foaf:Organization><foaf:Organization rdf:about="http://data.europeana.eu/organization/1482250000004671093"><skos:prefLabel xml:lang="en">Dutch Collections for Europe</skos:prefLabel></foaf:Organization><dqv:QualityAnnotation rdf:about="http://data.europeana.eu/item/2021672/resource_document_mauritshuis_1185#contentTier"><dcterms:created>2023-02-28T08:46:21.011986Z</dcterms:created><oa:hasTarget rdf:resource="http://data.europeana.eu/aggregation/provider/2021672/resource_document_mauritshuis_1185"/><oa:hasBody rdf:resource="http://www.europeana.eu/schemas/epf/contentTier4"/></dqv:QualityAnnotation><dqv:QualityAnnotation rdf:about="http://data.europeana.eu/item/2021672/resource_document_mauritshuis_1185#metadataTier"><dcterms:created>2023-02-28T08:46:21.012015Z</dcterms:created><oa:hasTarget rdf:resource="http://data.europeana.eu/aggregation/provider/2021672/resource_document_mauritshuis_1185"/><oa:hasBody rdf:resource="http://www.europeana.eu/schemas/epf/metadataTierA"/></dqv:QualityAnnotation></rdf:RDF>