<?xml version="1.0" encoding="UTF-8" standalone="yes"?><rdf:RDF xmlns:rdf="http://www.w3.org/1999/02/22-rdf-syntax-ns#" xmlns:dc="http://purl.org/dc/elements/1.1/" xmlns:dcterms="http://purl.org/dc/terms/" xmlns:edm="http://www.europeana.eu/schemas/edm/" xmlns:owl="http://www.w3.org/2002/07/owl#" xmlns:wgs84_pos="http://www.w3.org/2003/01/geo/wgs84_pos#" xmlns:skos="http://www.w3.org/2004/02/skos/core#" xmlns:rdaGr2="http://rdvocab.info/ElementsGr2/" xmlns:foaf="http://xmlns.com/foaf/0.1/" xmlns:ebucore="http://www.ebu.ch/metadata/ontologies/ebucore/ebucore#" xmlns:doap="http://usefulinc.com/ns/doap#" xmlns:odrl="http://www.w3.org/ns/odrl/2/" xmlns:cc="http://creativecommons.org/ns#" xmlns:ore="http://www.openarchives.org/ore/terms/" xmlns:svcs="http://rdfs.org/sioc/services#" xmlns:oa="http://www.w3.org/ns/oa#" xmlns:dqv="http://www.w3.org/ns/dqv#"><edm:ProvidedCHO rdf:about="http://data.europeana.eu/item/2021672/resource_document_mauritshuis_1176"/><edm:WebResource rdf:about="https://www.mauritshuis.nl/media/uhpj3koy/1176_front.jpg"><ebucore:hasMimeType>image/jpeg</ebucore:hasMimeType><ebucore:fileByteSize rdf:datatype="http://www.w3.org/2001/XMLSchema#long">2025583</ebucore:fileByteSize><ebucore:width rdf:datatype="http://www.w3.org/2001/XMLSchema#integer">4368</ebucore:width><ebucore:height rdf:datatype="http://www.w3.org/2001/XMLSchema#integer">3543</ebucore:height><edm:hasColorSpace>sRGB</edm:hasColorSpace><edm:componentColor rdf:datatype="http://www.w3.org/2001/XMLSchema#hexBinary">#FAF0E6</edm:componentColor><edm:componentColor rdf:datatype="http://www.w3.org/2001/XMLSchema#hexBinary">#556B2F</edm:componentColor><edm:componentColor rdf:datatype="http://www.w3.org/2001/XMLSchema#hexBinary">#E6E6FA</edm:componentColor><edm:componentColor rdf:datatype="http://www.w3.org/2001/XMLSchema#hexBinary">#D2B48C</edm:componentColor><edm:componentColor rdf:datatype="http://www.w3.org/2001/XMLSchema#hexBinary">#8B4513</edm:componentColor><edm:componentColor rdf:datatype="http://www.w3.org/2001/XMLSchema#hexBinary">#B0C4DE</edm:componentColor><ebucore:orientation rdf:datatype="http://www.w3.org/2001/XMLSchema#string">landscape</ebucore:orientation></edm:WebResource><edm:TimeSpan rdf:about="http://data.europeana.eu/timespan/17"><skos:prefLabel xml:lang="de">17. Jahrhundert</skos:prefLabel><skos:prefLabel xml:lang="ru">XVII век</skos:prefLabel><skos:prefLabel xml:lang="fi">1600-luku</skos:prefLabel><skos:prefLabel xml:lang="pt">Século XVII</skos:prefLabel><skos:prefLabel xml:lang="bg">17 век</skos:prefLabel><skos:prefLabel xml:lang="lt">XVII amžius</skos:prefLabel><skos:prefLabel xml:lang="lv">17. gadsimts</skos:prefLabel><skos:prefLabel xml:lang="hr">17. stoljeće</skos:prefLabel><skos:prefLabel xml:lang="fr">XVIIe siècle</skos:prefLabel><skos:prefLabel xml:lang="hu">17. század</skos:prefLabel><skos:prefLabel xml:lang="sk">17. storočie</skos:prefLabel><skos:prefLabel xml:lang="sl">17. stoletje</skos:prefLabel><skos:prefLabel xml:lang="ga">17ú haois</skos:prefLabel><skos:prefLabel xml:lang="ca">Segle XVII</skos:prefLabel><skos:prefLabel xml:lang="sv">1600-talet</skos:prefLabel><skos:prefLabel xml:lang="mt">Seklu XVII</skos:prefLabel><skos:prefLabel xml:lang="el">17ος αιώνας</skos:prefLabel><skos:prefLabel xml:lang="en">17th century</skos:prefLabel><skos:prefLabel xml:lang="it">XVII secolo</skos:prefLabel><skos:prefLabel xml:lang="es">Siglo XVII</skos:prefLabel><skos:prefLabel xml:lang="et">17. sajand</skos:prefLabel><skos:prefLabel xml:lang="eu">XVII. mendea</skos:prefLabel><skos:prefLabel xml:lang="cs">17. století</skos:prefLabel><skos:prefLabel xml:lang="pl">XVII wiek</skos:prefLabel><skos:prefLabel xml:lang="ro">Secolul al XVII-lea</skos:prefLabel><skos:prefLabel xml:lang="da">17. århundrede</skos:prefLabel><skos:prefLabel xml:lang="nl">17e eeuw</skos:prefLabel><skos:altLabel xml:lang="sv">1600-tal</skos:altLabel><skos:altLabel xml:lang="sv">17:e århundradet</skos:altLabel><skos:altLabel xml:lang="sv">17:e seklet</skos:altLabel><skos:altLabel xml:lang="sv">1600-talet (århundrade)</skos:altLabel><skos:altLabel xml:lang="sv">1600-talet (sekel)</skos:altLabel><skos:altLabel xml:lang="ru">17 век</skos:altLabel><skos:altLabel xml:lang="mt">Seklu 17</skos:altLabel><skos:altLabel xml:lang="en">17th-century</skos:altLabel><skos:altLabel xml:lang="en">17th-century</skos:altLabel><skos:altLabel xml:lang="en">History, 17th Century</skos:altLabel><skos:altLabel xml:lang="it">Seicento</skos:altLabel><skos:altLabel xml:lang="it">17° secolo</skos:altLabel><skos:altLabel xml:lang="it">Secolo XVII</skos:altLabel><skos:altLabel xml:lang="it">XVII Secolo</skos:altLabel><skos:altLabel xml:lang="it">Diciassettesimo secolo</skos:altLabel><skos:altLabel xml:lang="it">'600</skos:altLabel><skos:altLabel xml:lang="it">17º secolo</skos:altLabel><skos:altLabel xml:lang="it">Seicento</skos:altLabel><skos:altLabel xml:lang="fr">17e siècle</skos:altLabel><edm:begin>1601-01-01</edm:begin><edm:end>1700-12-31</edm:end><owl:sameAs rdf:resource="http://www.wikidata.org/entity/Q7016"/><owl:sameAs rdf:resource="http://id.loc.gov/authorities/names/sh85120427"/><owl:sameAs rdf:resource="http://data.bnf.fr/ark:/12148/cb120419182"/><owl:sameAs rdf:resource="http://id.nlm.nih.gov/mesh/D049670"/><owl:sameAs rdf:resource="https://www.freebase.com/m/08b2m"/><owl:sameAs rdf:resource="https://g.co/kg/m/08b2m"/><owl:sameAs rdf:resource="http://id.nlm.nih.gov/mesh/K01.400.504.750"/><owl:sameAs rdf:resource="http://vocab.getty.edu/aat/300404511"/><owl:sameAs rdf:resource="http://babelnet.org/rdf/s02814624n"/><owl:sameAs rdf:resource="http://dbpedia.org/resource/17th_century"/></edm:TimeSpan><edm:TimeSpan rdf:about="#1650%2F1650"><skos:prefLabel xml:lang="zxx">1650/1650</skos:prefLabel><dcterms:isPartOf rdf:resource="http://data.europeana.eu/timespan/17"></dcterms:isPartOf><edm:begin>1650-01-01</edm:begin><edm:end>1650-12-31</edm:end></edm:TimeSpan><skos:Concept rdf:about="http://data.europeana.eu/concept/3214"><skos:prefLabel xml:lang="cs">Stůl na stolní tenis</skos:prefLabel><skos:prefLabel xml:lang="de">Tischtennisplatte</skos:prefLabel><skos:prefLabel xml:lang="sv">Bordtennisbord</skos:prefLabel><skos:prefLabel xml:lang="ru">Стол для настольного тенниса</skos:prefLabel><skos:prefLabel xml:lang="en">Table for table tennis</skos:prefLabel><skos:prefLabel xml:lang="it">Tavolo da tennistavolo</skos:prefLabel><skos:prefLabel xml:lang="fr">Table</skos:prefLabel><skos:prefLabel xml:lang="da">Bordtennisbord</skos:prefLabel><skos:prefLabel xml:lang="es">Mesa de tenis de mesa</skos:prefLabel><skos:note xml:lang="cs">Stůl používaný při hře stolního tenisu</skos:note><skos:note xml:lang="de">Tisch für das Tischtennisspiel</skos:note><skos:note xml:lang="sv">Bord som används för bordtennis</skos:note><skos:note xml:lang="ru">Стол для игры настольный теннис</skos:note><skos:note xml:lang="en">Table used in the game of table tennis</skos:note><skos:note xml:lang="fr">Élément principal du tennis de table</skos:note><skos:broader rdf:resource="http://data.europeana.eu/concept/3207"/><skos:exactMatch rdf:resource="http://www.wikidata.org/entity/Q48961427"/><skos:exactMatch rdf:resource="http://imagenet.stanford.edu/synset?wnid=n04381587"/><skos:related rdf:resource="http://data.europeana.eu/concept/3080"/></skos:Concept><ore:Aggregation rdf:about="http://data.europeana.eu/aggregation/provider/2021672/resource_document_mauritshuis_1176"><edm:aggregatedCHO rdf:resource="http://data.europeana.eu/item/2021672/resource_document_mauritshuis_1176"/><edm:dataProvider rdf:resource="http://data.europeana.eu/organization/1482250000004509120"></edm:dataProvider><edm:isShownBy rdf:resource="https://www.mauritshuis.nl/media/uhpj3koy/1176_front.jpg"/><edm:provider rdf:resource="http://data.europeana.eu/organization/1482250000004671093"></edm:provider><edm:rights rdf:resource="http://creativecommons.org/publicdomain/mark/1.0/"/></ore:Aggregation><ore:Proxy rdf:about="http://data.europeana.eu/proxy/europeana/2021672/resource_document_mauritshuis_1176"><dc:date rdf:resource="#1650%2F1650"></dc:date><dc:date rdf:resource="#1650%2F1650"></dc:date><dc:identifier>resource_document_mauritshuis_1176</dc:identifier><dc:type rdf:resource="http://data.europeana.eu/concept/3214"></dc:type><edm:europeanaProxy>true</edm:europeanaProxy><ore:proxyFor rdf:resource="http://data.europeana.eu/item/2021672/resource_document_mauritshuis_1176"/><ore:proxyIn rdf:resource="http://data.europeana.eu/aggregation/europeana/2021672/resource_document_mauritshuis_1176"/><ore:lineage rdf:resource="http://data.europeana.eu/proxy/provider/2021672/resource_document_mauritshuis_1176"/><edm:type>IMAGE</edm:type></ore:Proxy><ore:Proxy rdf:about="http://data.europeana.eu/proxy/provider/2021672/resource_document_mauritshuis_1176"><dc:creator>Anonymous (Northern Netherlands)</dc:creator><dc:creator>Anoniem (Noordelijke Nederlanden)</dc:creator><dc:date>1650 - 1650</dc:date><dc:identifier>1176</dc:identifier><dc:title xml:lang="nl-NL">Balpoottafeltje</dc:title><dc:title xml:lang="en-GB">Table with Bulbous Legs</dc:title><dc:type xml:lang="nl-NL">tafel</dc:type><dc:type xml:lang="en-GB">table</dc:type><dcterms:medium xml:lang="nl-NL">eikenhout</dcterms:medium><edm:europeanaProxy>false</edm:europeanaProxy><ore:proxyFor rdf:resource="http://data.europeana.eu/item/2021672/resource_document_mauritshuis_1176"/><ore:proxyIn rdf:resource="http://data.europeana.eu/aggregation/provider/2021672/resource_document_mauritshuis_1176"/><edm:type>IMAGE</edm:type></ore:Proxy><edm:EuropeanaAggregation rdf:about="http://data.europeana.eu/aggregation/europeana/2021672/resource_document_mauritshuis_1176"><edm:aggregatedCHO rdf:resource="http://data.europeana.eu/item/2021672/resource_document_mauritshuis_1176"/><edm:datasetName>2021672_Ag_NL_DigitaleCollectie_Mauritshuis</edm:datasetName><edm:country>Netherlands</edm:country><edm:preview rdf:resource="https://www.mauritshuis.nl/media/uhpj3koy/1176_front.jpg"/><edm:landingPage rdf:resource="https://www.europeana.eu/item/2021672/resource_document_mauritshuis_1176"/><edm:language>nl</edm:language><edm:completeness>0</edm:completeness><dcterms:created>2017-08-02T11:48:18.133Z</dcterms:created><dcterms:modified>2023-02-28T08:45:41.077Z</dcterms:modified><dqv:hasQualityAnnotation rdf:resource="http://data.europeana.eu/item/2021672/resource_document_mauritshuis_1176#contentTier"/><dqv:hasQualityAnnotation rdf:resource="http://data.europeana.eu/item/2021672/resource_document_mauritshuis_1176#metadataTier"/></edm:EuropeanaAggregation><foaf:Organization rdf:about="http://data.europeana.eu/organization/1482250000004509120"><skos:prefLabel xml:lang="en">Mauritshuis</skos:prefLabel><skos:prefLabel xml:lang="nl">Mauritshuis</skos:prefLabel></foaf:Organization><foaf:Organization rdf:about="http://data.europeana.eu/organization/1482250000004671093"><skos:prefLabel xml:lang="en">Dutch Collections for Europe</skos:prefLabel></foaf:Organization><dqv:QualityAnnotation rdf:about="http://data.europeana.eu/item/2021672/resource_document_mauritshuis_1176#contentTier"><dcterms:created>2023-02-28T08:46:09.494268Z</dcterms:created><oa:hasTarget rdf:resource="http://data.europeana.eu/aggregation/provider/2021672/resource_document_mauritshuis_1176"/><oa:hasBody rdf:resource="http://www.europeana.eu/schemas/epf/contentTier4"/></dqv:QualityAnnotation><dqv:QualityAnnotation rdf:about="http://data.europeana.eu/item/2021672/resource_document_mauritshuis_1176#metadataTier"><dcterms:created>2023-02-28T08:46:09.494290Z</dcterms:created><oa:hasTarget rdf:resource="http://data.europeana.eu/aggregation/provider/2021672/resource_document_mauritshuis_1176"/><oa:hasBody rdf:resource="http://www.europeana.eu/schemas/epf/metadataTierA"/></dqv:QualityAnnotation></rdf:RDF>