<?xml version="1.0" encoding="UTF-8" standalone="yes"?><rdf:RDF xmlns:rdf="http://www.w3.org/1999/02/22-rdf-syntax-ns#" xmlns:dc="http://purl.org/dc/elements/1.1/" xmlns:dcterms="http://purl.org/dc/terms/" xmlns:edm="http://www.europeana.eu/schemas/edm/" xmlns:owl="http://www.w3.org/2002/07/owl#" xmlns:wgs84_pos="http://www.w3.org/2003/01/geo/wgs84_pos#" xmlns:skos="http://www.w3.org/2004/02/skos/core#" xmlns:rdaGr2="http://rdvocab.info/ElementsGr2/" xmlns:foaf="http://xmlns.com/foaf/0.1/" xmlns:ebucore="http://www.ebu.ch/metadata/ontologies/ebucore/ebucore#" xmlns:doap="http://usefulinc.com/ns/doap#" xmlns:odrl="http://www.w3.org/ns/odrl/2/" xmlns:cc="http://creativecommons.org/ns#" xmlns:ore="http://www.openarchives.org/ore/terms/" xmlns:svcs="http://rdfs.org/sioc/services#" xmlns:oa="http://www.w3.org/ns/oa#" xmlns:dqv="http://www.w3.org/ns/dqv#"><edm:ProvidedCHO rdf:about="http://data.europeana.eu/item/2021672/resource_document_mauritshuis_201"/><edm:WebResource rdf:about="https://www.mauritshuis.nl/media/4fvnu1qa/0201_repro.jpg"><ebucore:hasMimeType>image/jpeg</ebucore:hasMimeType><ebucore:fileByteSize rdf:datatype="http://www.w3.org/2001/XMLSchema#long">11997946</ebucore:fileByteSize><ebucore:width rdf:datatype="http://www.w3.org/2001/XMLSchema#integer">6000</ebucore:width><ebucore:height rdf:datatype="http://www.w3.org/2001/XMLSchema#integer">5084</ebucore:height><edm:hasColorSpace>sRGB</edm:hasColorSpace><edm:componentColor rdf:datatype="http://www.w3.org/2001/XMLSchema#hexBinary">#EEE8AA</edm:componentColor><edm:componentColor rdf:datatype="http://www.w3.org/2001/XMLSchema#hexBinary">#D2691E</edm:componentColor><edm:componentColor rdf:datatype="http://www.w3.org/2001/XMLSchema#hexBinary">#4682B4</edm:componentColor><edm:componentColor rdf:datatype="http://www.w3.org/2001/XMLSchema#hexBinary">#556B2F</edm:componentColor><edm:componentColor rdf:datatype="http://www.w3.org/2001/XMLSchema#hexBinary">#8B4513</edm:componentColor><edm:componentColor rdf:datatype="http://www.w3.org/2001/XMLSchema#hexBinary">#CD5C5C</edm:componentColor><ebucore:orientation rdf:datatype="http://www.w3.org/2001/XMLSchema#string">landscape</ebucore:orientation></edm:WebResource><edm:TimeSpan rdf:about="#1658%2F1658"><skos:prefLabel xml:lang="zxx">1658/1658</skos:prefLabel><dcterms:isPartOf rdf:resource="http://data.europeana.eu/timespan/17"></dcterms:isPartOf><edm:begin>1658-01-01</edm:begin><edm:end>1658-12-31</edm:end></edm:TimeSpan><edm:TimeSpan rdf:about="http://data.europeana.eu/timespan/17"><skos:prefLabel xml:lang="de">17. Jahrhundert</skos:prefLabel><skos:prefLabel xml:lang="ru">XVII век</skos:prefLabel><skos:prefLabel xml:lang="fi">1600-luku</skos:prefLabel><skos:prefLabel xml:lang="pt">Século XVII</skos:prefLabel><skos:prefLabel xml:lang="bg">17 век</skos:prefLabel><skos:prefLabel xml:lang="lt">XVII amžius</skos:prefLabel><skos:prefLabel xml:lang="lv">17. gadsimts</skos:prefLabel><skos:prefLabel xml:lang="hr">17. stoljeće</skos:prefLabel><skos:prefLabel xml:lang="fr">XVIIe siècle</skos:prefLabel><skos:prefLabel xml:lang="hu">17. század</skos:prefLabel><skos:prefLabel xml:lang="sk">17. storočie</skos:prefLabel><skos:prefLabel xml:lang="sl">17. stoletje</skos:prefLabel><skos:prefLabel xml:lang="ga">17ú haois</skos:prefLabel><skos:prefLabel xml:lang="ca">Segle XVII</skos:prefLabel><skos:prefLabel xml:lang="sv">1600-talet</skos:prefLabel><skos:prefLabel xml:lang="mt">Seklu XVII</skos:prefLabel><skos:prefLabel xml:lang="el">17ος αιώνας</skos:prefLabel><skos:prefLabel xml:lang="en">17th century</skos:prefLabel><skos:prefLabel xml:lang="it">XVII secolo</skos:prefLabel><skos:prefLabel xml:lang="es">Siglo XVII</skos:prefLabel><skos:prefLabel xml:lang="et">17. sajand</skos:prefLabel><skos:prefLabel xml:lang="eu">XVII. mendea</skos:prefLabel><skos:prefLabel xml:lang="cs">17. století</skos:prefLabel><skos:prefLabel xml:lang="pl">XVII wiek</skos:prefLabel><skos:prefLabel xml:lang="ro">Secolul al XVII-lea</skos:prefLabel><skos:prefLabel xml:lang="da">17. århundrede</skos:prefLabel><skos:prefLabel xml:lang="nl">17e eeuw</skos:prefLabel><skos:altLabel xml:lang="sv">1600-tal</skos:altLabel><skos:altLabel xml:lang="sv">17:e århundradet</skos:altLabel><skos:altLabel xml:lang="sv">17:e seklet</skos:altLabel><skos:altLabel xml:lang="sv">1600-talet (århundrade)</skos:altLabel><skos:altLabel xml:lang="sv">1600-talet (sekel)</skos:altLabel><skos:altLabel xml:lang="ru">17 век</skos:altLabel><skos:altLabel xml:lang="mt">Seklu 17</skos:altLabel><skos:altLabel xml:lang="en">17th-century</skos:altLabel><skos:altLabel xml:lang="en">17th-century</skos:altLabel><skos:altLabel xml:lang="en">History, 17th Century</skos:altLabel><skos:altLabel xml:lang="it">Seicento</skos:altLabel><skos:altLabel xml:lang="it">17° secolo</skos:altLabel><skos:altLabel xml:lang="it">Secolo XVII</skos:altLabel><skos:altLabel xml:lang="it">XVII Secolo</skos:altLabel><skos:altLabel xml:lang="it">Diciassettesimo secolo</skos:altLabel><skos:altLabel xml:lang="it">'600</skos:altLabel><skos:altLabel xml:lang="it">17º secolo</skos:altLabel><skos:altLabel xml:lang="it">Seicento</skos:altLabel><skos:altLabel xml:lang="fr">17e siècle</skos:altLabel><edm:begin>1601-01-01</edm:begin><edm:end>1700-12-31</edm:end><owl:sameAs rdf:resource="http://www.wikidata.org/entity/Q7016"/><owl:sameAs rdf:resource="http://id.loc.gov/authorities/names/sh85120427"/><owl:sameAs rdf:resource="http://data.bnf.fr/ark:/12148/cb120419182"/><owl:sameAs rdf:resource="http://id.nlm.nih.gov/mesh/D049670"/><owl:sameAs rdf:resource="https://www.freebase.com/m/08b2m"/><owl:sameAs rdf:resource="https://g.co/kg/m/08b2m"/><owl:sameAs rdf:resource="http://id.nlm.nih.gov/mesh/K01.400.504.750"/><owl:sameAs rdf:resource="http://vocab.getty.edu/aat/300404511"/><owl:sameAs rdf:resource="http://babelnet.org/rdf/s02814624n"/><owl:sameAs rdf:resource="http://dbpedia.org/resource/17th_century"/></edm:TimeSpan><skos:Concept rdf:about="http://data.europeana.eu/concept/2728"><skos:prefLabel xml:lang="de">Leinwand</skos:prefLabel><skos:prefLabel xml:lang="fi">Kangas</skos:prefLabel><skos:prefLabel xml:lang="ru">Холст</skos:prefLabel><skos:prefLabel xml:lang="pt">Tela</skos:prefLabel><skos:prefLabel xml:lang="bg">Брезент</skos:prefLabel><skos:prefLabel xml:lang="lt">Drobė</skos:prefLabel><skos:prefLabel xml:lang="lv">Audekls</skos:prefLabel><skos:prefLabel xml:lang="fr">Toile</skos:prefLabel><skos:prefLabel xml:lang="hu">Vászon</skos:prefLabel><skos:prefLabel xml:lang="sk">Plátno</skos:prefLabel><skos:prefLabel xml:lang="sl">Platno</skos:prefLabel><skos:prefLabel xml:lang="ga">Canbhás</skos:prefLabel><skos:prefLabel xml:lang="ca">Llenç</skos:prefLabel><skos:prefLabel xml:lang="sv">Kanvas</skos:prefLabel><skos:prefLabel xml:lang="el">Μουσαμάς</skos:prefLabel><skos:prefLabel xml:lang="en">Canvas</skos:prefLabel><skos:prefLabel xml:lang="it">Canovaccio</skos:prefLabel><skos:prefLabel xml:lang="es">Lienzo</skos:prefLabel><skos:prefLabel xml:lang="et">Lõuend</skos:prefLabel><skos:prefLabel xml:lang="cs">Plátno</skos:prefLabel><skos:prefLabel xml:lang="eu">Mihise</skos:prefLabel><skos:prefLabel xml:lang="pl">Kanwa</skos:prefLabel><skos:prefLabel xml:lang="ro">Pânză</skos:prefLabel><skos:prefLabel xml:lang="da">Lærred</skos:prefLabel><skos:prefLabel xml:lang="nl">Canvas</skos:prefLabel><skos:note xml:lang="de">Material für Leinwände, Segel und Kleidung</skos:note><skos:note xml:lang="sv">Tygmaterial</skos:note><skos:note xml:lang="ru">Плотная ткань</skos:note><skos:note xml:lang="en">Extremely heavy-duty plain-woven fabric</skos:note><skos:note xml:lang="it">Tessuto con armatura in tela, dalla trama larga e grossolana</skos:note><skos:note xml:lang="fr">Pièce de tissu résistante</skos:note><skos:note xml:lang="es">Tela extremadamente resistente utilizada en velas, lonas, mochilas, obras pictóricas...</skos:note><skos:note xml:lang="cs">Druh tkaniny</skos:note><skos:note xml:lang="eu">Iraupen handiko ehuna, bizkar zorroetan, itsasontzietarako beletan, lonetan... erabilia</skos:note><skos:note xml:lang="pl">Rodzaj wyjątkowo wytrzymałej, gładkiej tkaniny używanej w malarstwie olejnym</skos:note><skos:note xml:lang="da">Glat vævede stoffer</skos:note><skos:note xml:lang="ca">Tela que serveix de suport per a treballs pictòrics</skos:note><skos:note xml:lang="nl">Stevig weefsel van hennep, vlas of katoen</skos:note><skos:exactMatch rdf:resource="http://www.wikidata.org/entity/Q4259259"/><skos:exactMatch rdf:resource="https://www.freebase.com/m/0jmpt"/><skos:exactMatch rdf:resource="https://g.co/kg/m/0jmpt"/><skos:exactMatch rdf:resource="http://babelnet.org/rdf/s00015381n"/><skos:exactMatch rdf:resource="http://thesaurus.europeanafashion.eu/thesaurus/10376"/><skos:exactMatch rdf:resource="http://dbpedia.org/resource/Canvas"/></skos:Concept><ore:Aggregation rdf:about="http://data.europeana.eu/aggregation/provider/2021672/resource_document_mauritshuis_201"><edm:aggregatedCHO rdf:resource="http://data.europeana.eu/item/2021672/resource_document_mauritshuis_201"/><edm:dataProvider rdf:resource="http://data.europeana.eu/organization/1482250000004509120"></edm:dataProvider><edm:isShownBy rdf:resource="https://www.mauritshuis.nl/media/4fvnu1qa/0201_repro.jpg"/><edm:provider rdf:resource="http://data.europeana.eu/organization/1482250000004671093"></edm:provider><edm:rights rdf:resource="http://creativecommons.org/publicdomain/mark/1.0/"/></ore:Aggregation><ore:Proxy rdf:about="http://data.europeana.eu/proxy/provider/2021672/resource_document_mauritshuis_201"><dc:creator>Willem van de Velde the Younger</dc:creator><dc:creator>Willem van de Velde de Jonge</dc:creator><dc:date>1658 - 1658</dc:date><dc:description xml:lang="nl-NL">Willem van de Velde de Jonge schilderde vaak zeegezichten met een lage horizon, windstil weer en grote stapelwolken, die afsteken tegen de blauwe lucht. De slaphangende zeilen zorgen voor een sfeervol spel van licht en schaduw.  Centraal ligt hier een rijk gedecoreerd jacht met de Hollandse vlag. Daaromheen zijn vrachtschepen voor anker gegaan en varen enkele roeiboten, waarmee opvarenden van en naar de wal worden vervoerd.</dc:description><dc:description xml:lang="en-GB">Willem van de Velde II often painted seascapes with a low horizon, calm weather and big cumuli that stand out against a blue sky. The slack sails provide an atmospheric interplay of light and shade. In the centre is a richly decorated yacht flying the Dutch flag. It is surrounded by cargo ships at anchor and a few rowing boats bringing passengers to and from the shore.</dc:description><dc:format>77.5 cm</dc:format><dc:format>66.2 cm</dc:format><dc:identifier>201</dc:identifier><dc:title xml:lang="nl-NL">Schepen op de rede</dc:title><dc:title xml:lang="en-GB">Ships in the Roads</dc:title><dc:type xml:lang="nl-NL">schilderij</dc:type><dc:type xml:lang="en-GB">painting</dc:type><dcterms:medium xml:lang="nl-NL">doek</dcterms:medium><dcterms:medium xml:lang="en-GB">canvas</dcterms:medium><edm:europeanaProxy>false</edm:europeanaProxy><ore:proxyFor rdf:resource="http://data.europeana.eu/item/2021672/resource_document_mauritshuis_201"/><ore:proxyIn rdf:resource="http://data.europeana.eu/aggregation/provider/2021672/resource_document_mauritshuis_201"/><edm:type>IMAGE</edm:type></ore:Proxy><ore:Proxy rdf:about="http://data.europeana.eu/proxy/europeana/2021672/resource_document_mauritshuis_201"><dc:date rdf:resource="#1658%2F1658"></dc:date><dc:date rdf:resource="#1658%2F1658"></dc:date><dc:identifier>resource_document_mauritshuis_201</dc:identifier><dcterms:medium rdf:resource="http://data.europeana.eu/concept/2728"></dcterms:medium><edm:europeanaProxy>true</edm:europeanaProxy><ore:proxyFor rdf:resource="http://data.europeana.eu/item/2021672/resource_document_mauritshuis_201"/><ore:proxyIn rdf:resource="http://data.europeana.eu/aggregation/europeana/2021672/resource_document_mauritshuis_201"/><ore:lineage rdf:resource="http://data.europeana.eu/proxy/provider/2021672/resource_document_mauritshuis_201"/><edm:type>IMAGE</edm:type></ore:Proxy><edm:EuropeanaAggregation rdf:about="http://data.europeana.eu/aggregation/europeana/2021672/resource_document_mauritshuis_201"><edm:aggregatedCHO rdf:resource="http://data.europeana.eu/item/2021672/resource_document_mauritshuis_201"/><edm:datasetName>2021672_Ag_NL_DigitaleCollectie_Mauritshuis</edm:datasetName><edm:country>Netherlands</edm:country><edm:preview rdf:resource="https://www.mauritshuis.nl/media/4fvnu1qa/0201_repro.jpg"/><edm:landingPage rdf:resource="https://www.europeana.eu/item/2021672/resource_document_mauritshuis_201"/><edm:language>nl</edm:language><edm:completeness>0</edm:completeness><dcterms:created>2017-08-02T11:48:21.408Z</dcterms:created><dcterms:modified>2023-02-28T08:45:41.077Z</dcterms:modified><dqv:hasQualityAnnotation rdf:resource="http://data.europeana.eu/item/2021672/resource_document_mauritshuis_201#contentTier"/><dqv:hasQualityAnnotation rdf:resource="http://data.europeana.eu/item/2021672/resource_document_mauritshuis_201#metadataTier"/></edm:EuropeanaAggregation><foaf:Organization rdf:about="http://data.europeana.eu/organization/1482250000004509120"><skos:prefLabel xml:lang="en">Mauritshuis</skos:prefLabel><skos:prefLabel xml:lang="nl">Mauritshuis</skos:prefLabel></foaf:Organization><foaf:Organization rdf:about="http://data.europeana.eu/organization/1482250000004671093"><skos:prefLabel xml:lang="en">Dutch Collections for Europe</skos:prefLabel></foaf:Organization><dqv:QualityAnnotation rdf:about="http://data.europeana.eu/item/2021672/resource_document_mauritshuis_201#contentTier"><dcterms:created>2023-02-28T08:46:48.985404Z</dcterms:created><oa:hasTarget rdf:resource="http://data.europeana.eu/aggregation/provider/2021672/resource_document_mauritshuis_201"/><oa:hasBody rdf:resource="http://www.europeana.eu/schemas/epf/contentTier4"/></dqv:QualityAnnotation><dqv:QualityAnnotation rdf:about="http://data.europeana.eu/item/2021672/resource_document_mauritshuis_201#metadataTier"><dcterms:created>2023-02-28T08:46:48.985426Z</dcterms:created><oa:hasTarget rdf:resource="http://data.europeana.eu/aggregation/provider/2021672/resource_document_mauritshuis_201"/><oa:hasBody rdf:resource="http://www.europeana.eu/schemas/epf/metadataTierA"/></dqv:QualityAnnotation></rdf:RDF>