<?xml version="1.0" encoding="UTF-8" standalone="yes"?><rdf:RDF xmlns:rdf="http://www.w3.org/1999/02/22-rdf-syntax-ns#" xmlns:dc="http://purl.org/dc/elements/1.1/" xmlns:dcterms="http://purl.org/dc/terms/" xmlns:edm="http://www.europeana.eu/schemas/edm/" xmlns:owl="http://www.w3.org/2002/07/owl#" xmlns:wgs84_pos="http://www.w3.org/2003/01/geo/wgs84_pos#" xmlns:skos="http://www.w3.org/2004/02/skos/core#" xmlns:rdaGr2="http://rdvocab.info/ElementsGr2/" xmlns:foaf="http://xmlns.com/foaf/0.1/" xmlns:ebucore="http://www.ebu.ch/metadata/ontologies/ebucore/ebucore#" xmlns:doap="http://usefulinc.com/ns/doap#" xmlns:odrl="http://www.w3.org/ns/odrl/2/" xmlns:cc="http://creativecommons.org/ns#" xmlns:ore="http://www.openarchives.org/ore/terms/" xmlns:svcs="http://rdfs.org/sioc/services#" xmlns:oa="http://www.w3.org/ns/oa#" xmlns:dqv="http://www.w3.org/ns/dqv#"><edm:ProvidedCHO rdf:about="http://data.europeana.eu/item/2021672/resource_document_mauritshuis_1078"/><edm:WebResource rdf:about="https://www.mauritshuis.nl/media/2fjervft/1078_-repro-lage-resolutie.jpg"><ebucore:hasMimeType>image/jpeg</ebucore:hasMimeType><ebucore:fileByteSize rdf:datatype="http://www.w3.org/2001/XMLSchema#long">1231288</ebucore:fileByteSize><ebucore:width rdf:datatype="http://www.w3.org/2001/XMLSchema#integer">1065</ebucore:width><ebucore:height rdf:datatype="http://www.w3.org/2001/XMLSchema#integer">1080</ebucore:height><edm:hasColorSpace>sRGB</edm:hasColorSpace><edm:componentColor rdf:datatype="http://www.w3.org/2001/XMLSchema#hexBinary">#F4A460</edm:componentColor><edm:componentColor rdf:datatype="http://www.w3.org/2001/XMLSchema#hexBinary">#A9A9A9</edm:componentColor><edm:componentColor rdf:datatype="http://www.w3.org/2001/XMLSchema#hexBinary">#FFFFFF</edm:componentColor><edm:componentColor rdf:datatype="http://www.w3.org/2001/XMLSchema#hexBinary">#FFFAF0</edm:componentColor><edm:componentColor rdf:datatype="http://www.w3.org/2001/XMLSchema#hexBinary">#FFEBCD</edm:componentColor><edm:componentColor rdf:datatype="http://www.w3.org/2001/XMLSchema#hexBinary">#DEB887</edm:componentColor><ebucore:orientation rdf:datatype="http://www.w3.org/2001/XMLSchema#string">portrait</ebucore:orientation></edm:WebResource><edm:TimeSpan rdf:about="#1987%2F1987"><skos:prefLabel xml:lang="zxx">1987/1987</skos:prefLabel><dcterms:isPartOf rdf:resource="http://data.europeana.eu/timespan/20"></dcterms:isPartOf><edm:begin>1987-01-01</edm:begin><edm:end>1987-12-31</edm:end></edm:TimeSpan><edm:TimeSpan rdf:about="http://data.europeana.eu/timespan/20"><skos:prefLabel xml:lang="de">20. Jahrhundert</skos:prefLabel><skos:prefLabel xml:lang="ru">XX век</skos:prefLabel><skos:prefLabel xml:lang="fi">1900-luku</skos:prefLabel><skos:prefLabel xml:lang="pt">Século XX</skos:prefLabel><skos:prefLabel xml:lang="bg">20 век</skos:prefLabel><skos:prefLabel xml:lang="lt">XX amžius</skos:prefLabel><skos:prefLabel xml:lang="lv">20. gadsimts</skos:prefLabel><skos:prefLabel xml:lang="hr">20. stoljeće</skos:prefLabel><skos:prefLabel xml:lang="fr">XXe siècle</skos:prefLabel><skos:prefLabel xml:lang="hu">20. század</skos:prefLabel><skos:prefLabel xml:lang="sk">20. storočie</skos:prefLabel><skos:prefLabel xml:lang="sl">20. stoletje</skos:prefLabel><skos:prefLabel xml:lang="ga">20ú haois</skos:prefLabel><skos:prefLabel xml:lang="ca">Segle XX</skos:prefLabel><skos:prefLabel xml:lang="sv">1900-talet</skos:prefLabel><skos:prefLabel xml:lang="el">20ός αιώνας</skos:prefLabel><skos:prefLabel xml:lang="en">20th century</skos:prefLabel><skos:prefLabel xml:lang="it">XX secolo</skos:prefLabel><skos:prefLabel xml:lang="es">Siglo XX</skos:prefLabel><skos:prefLabel xml:lang="et">20. sajand</skos:prefLabel><skos:prefLabel xml:lang="eu">XX. mendea</skos:prefLabel><skos:prefLabel xml:lang="cs">20. století</skos:prefLabel><skos:prefLabel xml:lang="pl">XX wiek</skos:prefLabel><skos:prefLabel xml:lang="ro">Secolul al XX-lea</skos:prefLabel><skos:prefLabel xml:lang="da">20. århundrede</skos:prefLabel><skos:prefLabel xml:lang="nl">20e eeuw</skos:prefLabel><skos:altLabel xml:lang="ru">20 век</skos:altLabel><skos:altLabel xml:lang="sv">20:e århundradet</skos:altLabel><skos:altLabel xml:lang="sv">20:e seklet</skos:altLabel><skos:altLabel xml:lang="sv">1900-tal</skos:altLabel><skos:altLabel xml:lang="sv">1900-talet (århundrade)</skos:altLabel><skos:altLabel xml:lang="sv">1900-talet (sekel)</skos:altLabel><skos:altLabel xml:lang="pt">Século 20</skos:altLabel><skos:altLabel xml:lang="pt">Século vinte</skos:altLabel><skos:altLabel xml:lang="pt">Periodo 1901-2000</skos:altLabel><skos:altLabel xml:lang="pt">Ciclo (1901-2000)</skos:altLabel><skos:altLabel xml:lang="en">20th-century</skos:altLabel><skos:altLabel xml:lang="en">20th-century</skos:altLabel><skos:altLabel xml:lang="en">Twentieth century</skos:altLabel><skos:altLabel xml:lang="en">The past century</skos:altLabel><skos:altLabel xml:lang="en">History, 20th Century</skos:altLabel><skos:altLabel xml:lang="en">XX Century</skos:altLabel><skos:altLabel xml:lang="it">Novecento</skos:altLabel><skos:altLabel xml:lang="it">20° secolo</skos:altLabel><skos:altLabel xml:lang="it">'900</skos:altLabel><skos:altLabel xml:lang="it">Novecento</skos:altLabel><skos:altLabel xml:lang="fr">20e siècle</skos:altLabel><skos:altLabel xml:lang="es">Siglo 20</skos:altLabel><skos:altLabel xml:lang="es">El siglo pasado</skos:altLabel><skos:altLabel xml:lang="es">Siglo veinte</skos:altLabel><edm:begin>1901-01-01</edm:begin><edm:end>2000-12-31</edm:end><owl:sameAs rdf:resource="http://www.wikidata.org/entity/Q6927"/><owl:sameAs rdf:resource="http://id.loc.gov/authorities/names/sh2002012476"/><owl:sameAs rdf:resource="http://id.loc.gov/authorities/names/sh85139020"/><owl:sameAs rdf:resource="http://id.nlm.nih.gov/mesh/D049673"/><owl:sameAs rdf:resource="https://www.freebase.com/m/089_x"/><owl:sameAs rdf:resource="https://g.co/kg/m/089_x"/><owl:sameAs rdf:resource="http://id.nlm.nih.gov/mesh/K01.400.504.968"/><owl:sameAs rdf:resource="http://vocab.getty.edu/aat/300404514"/><owl:sameAs rdf:resource="http://dbpedia.org/resource/20th_century"/></edm:TimeSpan><skos:Concept rdf:about="http://data.europeana.eu/concept/2728"><skos:prefLabel xml:lang="de">Leinwand</skos:prefLabel><skos:prefLabel xml:lang="fi">Kangas</skos:prefLabel><skos:prefLabel xml:lang="ru">Холст</skos:prefLabel><skos:prefLabel xml:lang="pt">Tela</skos:prefLabel><skos:prefLabel xml:lang="bg">Брезент</skos:prefLabel><skos:prefLabel xml:lang="lt">Drobė</skos:prefLabel><skos:prefLabel xml:lang="lv">Audekls</skos:prefLabel><skos:prefLabel xml:lang="fr">Toile</skos:prefLabel><skos:prefLabel xml:lang="hu">Vászon</skos:prefLabel><skos:prefLabel xml:lang="sk">Plátno</skos:prefLabel><skos:prefLabel xml:lang="sl">Platno</skos:prefLabel><skos:prefLabel xml:lang="ga">Canbhás</skos:prefLabel><skos:prefLabel xml:lang="ca">Llenç</skos:prefLabel><skos:prefLabel xml:lang="sv">Kanvas</skos:prefLabel><skos:prefLabel xml:lang="el">Μουσαμάς</skos:prefLabel><skos:prefLabel xml:lang="en">Canvas</skos:prefLabel><skos:prefLabel xml:lang="it">Canovaccio</skos:prefLabel><skos:prefLabel xml:lang="es">Lienzo</skos:prefLabel><skos:prefLabel xml:lang="et">Lõuend</skos:prefLabel><skos:prefLabel xml:lang="cs">Plátno</skos:prefLabel><skos:prefLabel xml:lang="eu">Mihise</skos:prefLabel><skos:prefLabel xml:lang="pl">Kanwa</skos:prefLabel><skos:prefLabel xml:lang="ro">Pânză</skos:prefLabel><skos:prefLabel xml:lang="da">Lærred</skos:prefLabel><skos:prefLabel xml:lang="nl">Canvas</skos:prefLabel><skos:note xml:lang="de">Material für Leinwände, Segel und Kleidung</skos:note><skos:note xml:lang="sv">Tygmaterial</skos:note><skos:note xml:lang="ru">Плотная ткань</skos:note><skos:note xml:lang="en">Extremely heavy-duty plain-woven fabric</skos:note><skos:note xml:lang="it">Tessuto con armatura in tela, dalla trama larga e grossolana</skos:note><skos:note xml:lang="fr">Pièce de tissu résistante</skos:note><skos:note xml:lang="es">Tela extremadamente resistente utilizada en velas, lonas, mochilas, obras pictóricas...</skos:note><skos:note xml:lang="cs">Druh tkaniny</skos:note><skos:note xml:lang="eu">Iraupen handiko ehuna, bizkar zorroetan, itsasontzietarako beletan, lonetan... erabilia</skos:note><skos:note xml:lang="pl">Rodzaj wyjątkowo wytrzymałej, gładkiej tkaniny używanej w malarstwie olejnym</skos:note><skos:note xml:lang="da">Glat vævede stoffer</skos:note><skos:note xml:lang="ca">Tela que serveix de suport per a treballs pictòrics</skos:note><skos:note xml:lang="nl">Stevig weefsel van hennep, vlas of katoen</skos:note><skos:exactMatch rdf:resource="http://www.wikidata.org/entity/Q4259259"/><skos:exactMatch rdf:resource="https://www.freebase.com/m/0jmpt"/><skos:exactMatch rdf:resource="https://g.co/kg/m/0jmpt"/><skos:exactMatch rdf:resource="http://babelnet.org/rdf/s00015381n"/><skos:exactMatch rdf:resource="http://thesaurus.europeanafashion.eu/thesaurus/10376"/><skos:exactMatch rdf:resource="http://dbpedia.org/resource/Canvas"/></skos:Concept><ore:Aggregation rdf:about="http://data.europeana.eu/aggregation/provider/2021672/resource_document_mauritshuis_1078"><edm:aggregatedCHO rdf:resource="http://data.europeana.eu/item/2021672/resource_document_mauritshuis_1078"/><edm:dataProvider rdf:resource="http://data.europeana.eu/organization/1482250000004509120"></edm:dataProvider><edm:isShownBy rdf:resource="https://www.mauritshuis.nl/media/2fjervft/1078_-repro-lage-resolutie.jpg"/><edm:provider rdf:resource="http://data.europeana.eu/organization/1482250000004671093"></edm:provider><edm:rights rdf:resource="http://creativecommons.org/publicdomain/mark/1.0/"/></ore:Aggregation><ore:Proxy rdf:about="http://data.europeana.eu/proxy/europeana/2021672/resource_document_mauritshuis_1078"><dc:date rdf:resource="#1987%2F1987"></dc:date><dc:date rdf:resource="#1987%2F1987"></dc:date><dc:identifier>resource_document_mauritshuis_1078</dc:identifier><dcterms:medium rdf:resource="http://data.europeana.eu/concept/2728"></dcterms:medium><edm:europeanaProxy>true</edm:europeanaProxy><ore:proxyFor rdf:resource="http://data.europeana.eu/item/2021672/resource_document_mauritshuis_1078"/><ore:proxyIn rdf:resource="http://data.europeana.eu/aggregation/europeana/2021672/resource_document_mauritshuis_1078"/><ore:lineage rdf:resource="http://data.europeana.eu/proxy/provider/2021672/resource_document_mauritshuis_1078"/><edm:type>IMAGE</edm:type></ore:Proxy><ore:Proxy rdf:about="http://data.europeana.eu/proxy/provider/2021672/resource_document_mauritshuis_1078"><dc:creator>Ger Lataster</dc:creator><dc:date>1987 - 1987</dc:date><dc:format>100 cm</dc:format><dc:format>100.5 cm</dc:format><dc:identifier>1078</dc:identifier><dc:title xml:lang="nl-NL">Ontwerp voor 'Icarus Atlanticus'</dc:title><dc:title xml:lang="en-GB">Design for 'Icarus Atlanticus'</dc:title><dc:type xml:lang="nl-NL">schilderij</dc:type><dc:type xml:lang="en-GB">painting</dc:type><dcterms:medium xml:lang="nl-NL">doek</dcterms:medium><dcterms:medium xml:lang="en-GB">canvas</dcterms:medium><edm:europeanaProxy>false</edm:europeanaProxy><ore:proxyFor rdf:resource="http://data.europeana.eu/item/2021672/resource_document_mauritshuis_1078"/><ore:proxyIn rdf:resource="http://data.europeana.eu/aggregation/provider/2021672/resource_document_mauritshuis_1078"/><edm:type>IMAGE</edm:type></ore:Proxy><edm:EuropeanaAggregation rdf:about="http://data.europeana.eu/aggregation/europeana/2021672/resource_document_mauritshuis_1078"><edm:aggregatedCHO rdf:resource="http://data.europeana.eu/item/2021672/resource_document_mauritshuis_1078"/><edm:datasetName>2021672_Ag_NL_DigitaleCollectie_Mauritshuis</edm:datasetName><edm:country>Netherlands</edm:country><edm:preview rdf:resource="https://www.mauritshuis.nl/media/2fjervft/1078_-repro-lage-resolutie.jpg"/><edm:landingPage rdf:resource="https://www.europeana.eu/item/2021672/resource_document_mauritshuis_1078"/><edm:language>nl</edm:language><edm:completeness>0</edm:completeness><dcterms:created>2017-08-02T11:48:17.477Z</dcterms:created><dcterms:modified>2023-02-28T08:45:41.077Z</dcterms:modified><dqv:hasQualityAnnotation rdf:resource="http://data.europeana.eu/item/2021672/resource_document_mauritshuis_1078#contentTier"/><dqv:hasQualityAnnotation rdf:resource="http://data.europeana.eu/item/2021672/resource_document_mauritshuis_1078#metadataTier"/></edm:EuropeanaAggregation><foaf:Organization rdf:about="http://data.europeana.eu/organization/1482250000004509120"><skos:prefLabel xml:lang="en">Mauritshuis</skos:prefLabel><skos:prefLabel xml:lang="nl">Mauritshuis</skos:prefLabel></foaf:Organization><foaf:Organization rdf:about="http://data.europeana.eu/organization/1482250000004671093"><skos:prefLabel xml:lang="en">Dutch Collections for Europe</skos:prefLabel></foaf:Organization><dqv:QualityAnnotation rdf:about="http://data.europeana.eu/item/2021672/resource_document_mauritshuis_1078#contentTier"><dcterms:created>2023-02-28T08:46:37.967807Z</dcterms:created><oa:hasTarget rdf:resource="http://data.europeana.eu/aggregation/provider/2021672/resource_document_mauritshuis_1078"/><oa:hasBody rdf:resource="http://www.europeana.eu/schemas/epf/contentTier4"/></dqv:QualityAnnotation><dqv:QualityAnnotation rdf:about="http://data.europeana.eu/item/2021672/resource_document_mauritshuis_1078#metadataTier"><dcterms:created>2023-02-28T08:46:37.967830Z</dcterms:created><oa:hasTarget rdf:resource="http://data.europeana.eu/aggregation/provider/2021672/resource_document_mauritshuis_1078"/><oa:hasBody rdf:resource="http://www.europeana.eu/schemas/epf/metadataTierA"/></dqv:QualityAnnotation></rdf:RDF>