<?xml version="1.0" encoding="UTF-8" standalone="yes"?><rdf:RDF xmlns:rdf="http://www.w3.org/1999/02/22-rdf-syntax-ns#" xmlns:dc="http://purl.org/dc/elements/1.1/" xmlns:dcterms="http://purl.org/dc/terms/" xmlns:edm="http://www.europeana.eu/schemas/edm/" xmlns:owl="http://www.w3.org/2002/07/owl#" xmlns:wgs84_pos="http://www.w3.org/2003/01/geo/wgs84_pos#" xmlns:skos="http://www.w3.org/2004/02/skos/core#" xmlns:rdaGr2="http://rdvocab.info/ElementsGr2/" xmlns:foaf="http://xmlns.com/foaf/0.1/" xmlns:ebucore="http://www.ebu.ch/metadata/ontologies/ebucore/ebucore#" xmlns:doap="http://usefulinc.com/ns/doap#" xmlns:odrl="http://www.w3.org/ns/odrl/2/" xmlns:cc="http://creativecommons.org/ns#" xmlns:ore="http://www.openarchives.org/ore/terms/" xmlns:svcs="http://rdfs.org/sioc/services#" xmlns:oa="http://www.w3.org/ns/oa#" xmlns:dqv="http://www.w3.org/ns/dqv#"><edm:ProvidedCHO rdf:about="http://data.europeana.eu/item/2021672/resource_document_mauritshuis_1165"/><edm:WebResource rdf:about="https://www.mauritshuis.nl/media/sfshm25i/1165_front.jpg"><ebucore:hasMimeType>image/jpeg</ebucore:hasMimeType><ebucore:fileByteSize rdf:datatype="http://www.w3.org/2001/XMLSchema#long">1987303</ebucore:fileByteSize><ebucore:width rdf:datatype="http://www.w3.org/2001/XMLSchema#integer">4297</ebucore:width><ebucore:height rdf:datatype="http://www.w3.org/2001/XMLSchema#integer">6000</ebucore:height><edm:hasColorSpace>sRGB</edm:hasColorSpace><edm:componentColor rdf:datatype="http://www.w3.org/2001/XMLSchema#hexBinary">#006400</edm:componentColor><edm:componentColor rdf:datatype="http://www.w3.org/2001/XMLSchema#hexBinary">#000000</edm:componentColor><edm:componentColor rdf:datatype="http://www.w3.org/2001/XMLSchema#hexBinary">#C0C0C0</edm:componentColor><edm:componentColor rdf:datatype="http://www.w3.org/2001/XMLSchema#hexBinary">#A9A9A9</edm:componentColor><edm:componentColor rdf:datatype="http://www.w3.org/2001/XMLSchema#hexBinary">#FAF0E6</edm:componentColor><edm:componentColor rdf:datatype="http://www.w3.org/2001/XMLSchema#hexBinary">#D8BFD8</edm:componentColor><ebucore:orientation rdf:datatype="http://www.w3.org/2001/XMLSchema#string">portrait</ebucore:orientation></edm:WebResource><edm:Agent rdf:about="http://data.europeana.eu/agent/65916"><skos:prefLabel xml:lang="de">Keith Fullerton Whitman</skos:prefLabel><skos:prefLabel xml:lang="sv">Keith Fullerton Whitman</skos:prefLabel><skos:prefLabel xml:lang="sl">Keith Fullerton Whitman</skos:prefLabel><skos:prefLabel xml:lang="en">Keith Fullerton Whitman</skos:prefLabel><skos:prefLabel xml:lang="ga">Keith Fullerton Whitman</skos:prefLabel><skos:prefLabel xml:lang="it">Keith Fullerton Whitman</skos:prefLabel><skos:prefLabel xml:lang="pl">Keith Fullerton Whitman</skos:prefLabel><skos:prefLabel xml:lang="fr">Keith Fullerton Whitman</skos:prefLabel><skos:prefLabel xml:lang="da">Keith Fullerton Whitman</skos:prefLabel><skos:prefLabel xml:lang="ca">Keith Fullerton Whitman</skos:prefLabel><skos:prefLabel xml:lang="nl">Keith Fullerton Whitman</skos:prefLabel><skos:prefLabel xml:lang="es">Keith Fullerton Whitman</skos:prefLabel><skos:altLabel xml:lang="en">KFW</skos:altLabel><skos:altLabel xml:lang="en">Hrvatski</skos:altLabel><skos:altLabel xml:lang="en">ASCIII</skos:altLabel><skos:altLabel xml:lang="en">Anonymous</skos:altLabel><skos:altLabel xml:lang="en">DJ Marzipan</skos:altLabel><skos:altLabel xml:lang="en">DJ Zapruderfilm</skos:altLabel><skos:altLabel xml:lang="en">Russolo</skos:altLabel><skos:altLabel xml:lang="en">The Superlatives</skos:altLabel><skos:altLabel xml:lang="en">Kokoskulur</skos:altLabel><skos:altLabel xml:lang="en">Fullerton</skos:altLabel><skos:altLabel xml:lang="en">MC Snudur</skos:altLabel><skos:altLabel xml:lang="en">Mouly/Hubley/Leroux</skos:altLabel><skos:altLabel xml:lang="en">Sick</skos:altLabel><skos:note xml:lang="eu">Musikari estatubatuarra</skos:note><skos:note xml:lang="fi">Yhdysvaltalainen muusikko</skos:note><skos:note xml:lang="sv">Amerikansk musiker</skos:note><skos:note xml:lang="pt">Músico norte-americano</skos:note><skos:note xml:lang="en">American electronic musician</skos:note><skos:note xml:lang="it">Musicista statunitense</skos:note><skos:note xml:lang="fr">Musicien américain</skos:note><skos:note xml:lang="da">Amerikansk musiker</skos:note><skos:note xml:lang="es">Músico estadounidense</skos:note><skos:note xml:lang="ca">Músic estatunidenc</skos:note><skos:note xml:lang="nl">Amerikaans muzikant</skos:note><edm:hasMet rdf:resource="http://data.europeana.eu/concept/1647"/><rdaGr2:dateOfBirth>1973-05-29</rdaGr2:dateOfBirth><owl:sameAs rdf:resource="http://www.wikidata.org/entity/Q4568516"/><owl:sameAs rdf:resource="http://viaf.org/viaf/308179086"/><owl:sameAs rdf:resource="https://d-nb.info/gnd/1049316258"/><owl:sameAs rdf:resource="https://www.freebase.com/m/01nby00"/><owl:sameAs rdf:resource="https://g.co/kg/m/01nby00"/><owl:sameAs rdf:resource="http://dbpedia.org/resource/Keith_Fullerton_Whitman"/></edm:Agent><edm:TimeSpan rdf:about="#1780%2F1780"><skos:prefLabel xml:lang="zxx">1780/1780</skos:prefLabel><dcterms:isPartOf rdf:resource="http://data.europeana.eu/timespan/18"></dcterms:isPartOf><edm:begin>1780-01-01</edm:begin><edm:end>1780-12-31</edm:end></edm:TimeSpan><edm:TimeSpan rdf:about="http://data.europeana.eu/timespan/18"><skos:prefLabel xml:lang="de">18. Jahrhundert</skos:prefLabel><skos:prefLabel xml:lang="ru">XVIII век</skos:prefLabel><skos:prefLabel xml:lang="fi">1700-luku</skos:prefLabel><skos:prefLabel xml:lang="pt">Século XVIII</skos:prefLabel><skos:prefLabel xml:lang="bg">18 век</skos:prefLabel><skos:prefLabel xml:lang="lt">XVIII amžius</skos:prefLabel><skos:prefLabel xml:lang="lv">18. gadsimts</skos:prefLabel><skos:prefLabel xml:lang="hr">18. stoljeće</skos:prefLabel><skos:prefLabel xml:lang="fr">XVIIIe siècle</skos:prefLabel><skos:prefLabel xml:lang="hu">18. század</skos:prefLabel><skos:prefLabel xml:lang="sk">18. storočie</skos:prefLabel><skos:prefLabel xml:lang="sl">18. stoletje</skos:prefLabel><skos:prefLabel xml:lang="ga">18ú haois</skos:prefLabel><skos:prefLabel xml:lang="ca">Segle XVIII</skos:prefLabel><skos:prefLabel xml:lang="sv">1700-talet</skos:prefLabel><skos:prefLabel xml:lang="el">18ος αιώνας</skos:prefLabel><skos:prefLabel xml:lang="en">18th century</skos:prefLabel><skos:prefLabel xml:lang="it">XVIII secolo</skos:prefLabel><skos:prefLabel xml:lang="es">Siglo XVIII</skos:prefLabel><skos:prefLabel xml:lang="et">18. sajand</skos:prefLabel><skos:prefLabel xml:lang="eu">XVIII. mendea</skos:prefLabel><skos:prefLabel xml:lang="cs">18. století</skos:prefLabel><skos:prefLabel xml:lang="pl">XVIII wiek</skos:prefLabel><skos:prefLabel xml:lang="ro">Secolul al XVIII-lea</skos:prefLabel><skos:prefLabel xml:lang="da">18. århundrede</skos:prefLabel><skos:prefLabel xml:lang="nl">18e eeuw</skos:prefLabel><skos:altLabel xml:lang="ru">18 век</skos:altLabel><skos:altLabel xml:lang="sv">18:e århundradet</skos:altLabel><skos:altLabel xml:lang="sv">18:e seklet</skos:altLabel><skos:altLabel xml:lang="sv">1700-tal</skos:altLabel><skos:altLabel xml:lang="sv">1700-talet (århundrade)</skos:altLabel><skos:altLabel xml:lang="sv">1700-talet (sekel)</skos:altLabel><skos:altLabel xml:lang="en">18th-century</skos:altLabel><skos:altLabel xml:lang="en">18th-century</skos:altLabel><skos:altLabel xml:lang="en">Eighteenth Century</skos:altLabel><skos:altLabel xml:lang="en">History, 18th Century</skos:altLabel><skos:altLabel xml:lang="it">Settecento</skos:altLabel><skos:altLabel xml:lang="it">18° secolo</skos:altLabel><skos:altLabel xml:lang="it">Secolo XVIII</skos:altLabel><skos:altLabel xml:lang="it">XVIII Secolo</skos:altLabel><skos:altLabel xml:lang="it">Diciottesimo secolo</skos:altLabel><skos:altLabel xml:lang="it">'700</skos:altLabel><skos:altLabel xml:lang="it">18º secolo</skos:altLabel><skos:altLabel xml:lang="it">Settecento</skos:altLabel><skos:altLabel xml:lang="fr">18e siècle</skos:altLabel><skos:altLabel xml:lang="fr">18 siècle</skos:altLabel><skos:altLabel xml:lang="fr">18eme siècle</skos:altLabel><skos:altLabel xml:lang="da">1700-tallet</skos:altLabel><skos:altLabel xml:lang="hu">18. évszázad</skos:altLabel><skos:altLabel xml:lang="nl">1701-1800</skos:altLabel><skos:altLabel xml:lang="es">Siglo 18</skos:altLabel><skos:altLabel xml:lang="es">Siglo dieciocho</skos:altLabel><edm:begin>1701-01-01</edm:begin><edm:end>1800-01-01</edm:end><owl:sameAs rdf:resource="http://www.wikidata.org/entity/Q7015"/><owl:sameAs rdf:resource="http://id.loc.gov/authorities/names/sh2002012474"/><owl:sameAs rdf:resource="http://id.loc.gov/authorities/names/sh85041401"/><owl:sameAs rdf:resource="http://id.nlm.nih.gov/mesh/D049671"/><owl:sameAs rdf:resource="https://www.freebase.com/m/08b33"/><owl:sameAs rdf:resource="https://g.co/kg/m/08b33"/><owl:sameAs rdf:resource="http://id.nlm.nih.gov/mesh/K01.400.504.875"/><owl:sameAs rdf:resource="http://vocab.getty.edu/aat/300404512"/><owl:sameAs rdf:resource="http://babelnet.org/rdf/s02814699n"/><owl:sameAs rdf:resource="http://dbpedia.org/resource/18th_century"/></edm:TimeSpan><skos:Concept rdf:about="http://data.europeana.eu/concept/1766"><skos:prefLabel xml:lang="de">Metall</skos:prefLabel><skos:prefLabel xml:lang="ru">Металл</skos:prefLabel><skos:prefLabel xml:lang="fi">Metalli</skos:prefLabel><skos:prefLabel xml:lang="pt">Metal</skos:prefLabel><skos:prefLabel xml:lang="bg">Метал</skos:prefLabel><skos:prefLabel xml:lang="lt">Metalai</skos:prefLabel><skos:prefLabel xml:lang="lv">Metāls</skos:prefLabel><skos:prefLabel xml:lang="hr">Kovine</skos:prefLabel><skos:prefLabel xml:lang="fr">Métal</skos:prefLabel><skos:prefLabel xml:lang="hu">Fém</skos:prefLabel><skos:prefLabel xml:lang="sk">Kov</skos:prefLabel><skos:prefLabel xml:lang="sl">Kovina</skos:prefLabel><skos:prefLabel xml:lang="ga">Miotal</skos:prefLabel><skos:prefLabel xml:lang="ca">Metall</skos:prefLabel><skos:prefLabel xml:lang="sv">Metall</skos:prefLabel><skos:prefLabel xml:lang="el">Μέταλλο</skos:prefLabel><skos:prefLabel xml:lang="en">Metal</skos:prefLabel><skos:prefLabel xml:lang="it">Metallo</skos:prefLabel><skos:prefLabel xml:lang="es">Metal</skos:prefLabel><skos:prefLabel xml:lang="et">Metall</skos:prefLabel><skos:prefLabel xml:lang="eu">Metal</skos:prefLabel><skos:prefLabel xml:lang="cs">Kov</skos:prefLabel><skos:prefLabel xml:lang="pl">Metal</skos:prefLabel><skos:prefLabel xml:lang="ro">Metal</skos:prefLabel><skos:prefLabel xml:lang="da">Metal</skos:prefLabel><skos:prefLabel xml:lang="nl">Metaal</skos:prefLabel><skos:note xml:lang="de">Gruppe chemischer Elemente</skos:note><skos:note xml:lang="fi">Alkuaineryhmä</skos:note><skos:note xml:lang="sv">Grundämne eller legering med metalliska egenskaper</skos:note><skos:note xml:lang="ru">Элемент, материал, проводник тока и электричества</skos:note><skos:note xml:lang="pt">Material que conduz facilmente eletricidade e calor</skos:note><skos:note xml:lang="el">Στοιχείο, ένωση ή κράμα που είναι καλός αγωγός ηλεκτρικής ενέργειας και θερμότητας.</skos:note><skos:note xml:lang="en">Element, compound, or alloy that is a good conductor of both electricity and heat; ancient Chinese element</skos:note><skos:note xml:lang="it">Elemento, composto o lega che è un buon conduttore di luce e calore</skos:note><skos:note xml:lang="fr">Classe de matériaux le plus souvent durs, opaques, brillants, bons conducteurs de la chaleur et de l’électricité, dont les atomes sont unis par des liaisons métalliques</skos:note><skos:note xml:lang="es">Elemento, aleación o compuesto conductor de electricidad y calor</skos:note><skos:note xml:lang="cs">Druh materiálu či prvku, který dobře vede proud a teplo</skos:note><skos:note xml:lang="da">Element eller legering med metalliske egenskaber</skos:note><skos:note xml:lang="nl">Ieder element dat gekenmerkt wordt door glans en het vermogen om warmte en elektriciteit te geleiden</skos:note><skos:note xml:lang="ca">Element, compost o aliatge que és bon conductor de l'electricitat i de la calor</skos:note><skos:broader rdf:resource="http://data.europeana.eu/concept/2069"/><skos:broader rdf:resource="http://data.europeana.eu/concept/1980"/><skos:exactMatch rdf:resource="http://www.wikidata.org/entity/Q11426"/><skos:exactMatch rdf:resource="http://id.ndl.go.jp/auth/ndlna/00565895"/><skos:exactMatch rdf:resource="http://purl.org/bncf/tid/346"/><skos:exactMatch rdf:resource="https://www.freebase.com/m/04t7l"/><skos:exactMatch rdf:resource="https://g.co/kg/m/04t7l"/><skos:exactMatch rdf:resource="http://vocab.getty.edu/aat/300010900"/><skos:exactMatch rdf:resource="http://thesaurus.europeanafashion.eu/thesaurus/10545"/><skos:exactMatch rdf:resource="http://zbw.eu/stw/descriptor/14266-6"/><skos:exactMatch rdf:resource="http://vocabularies.unesco.org/thesaurus/concept641"/><skos:exactMatch rdf:resource="http://dbpedia.org/resource/Metal"/></skos:Concept><ore:Aggregation rdf:about="http://data.europeana.eu/aggregation/provider/2021672/resource_document_mauritshuis_1165"><edm:aggregatedCHO rdf:resource="http://data.europeana.eu/item/2021672/resource_document_mauritshuis_1165"/><edm:dataProvider rdf:resource="http://data.europeana.eu/organization/1482250000004509120"></edm:dataProvider><edm:isShownBy rdf:resource="https://www.mauritshuis.nl/media/sfshm25i/1165_front.jpg"/><edm:provider rdf:resource="http://data.europeana.eu/organization/1482250000004671093"></edm:provider><edm:rights rdf:resource="http://creativecommons.org/publicdomain/mark/1.0/"/></ore:Aggregation><ore:Proxy rdf:about="http://data.europeana.eu/proxy/europeana/2021672/resource_document_mauritshuis_1165"><dc:creator rdf:resource="http://data.europeana.eu/agent/65916"></dc:creator><dc:date rdf:resource="#1780%2F1780"></dc:date><dc:date rdf:resource="#1780%2F1780"></dc:date><dc:identifier>resource_document_mauritshuis_1165</dc:identifier><dcterms:medium rdf:resource="http://data.europeana.eu/concept/1766"></dcterms:medium><edm:europeanaProxy>true</edm:europeanaProxy><ore:proxyFor rdf:resource="http://data.europeana.eu/item/2021672/resource_document_mauritshuis_1165"/><ore:proxyIn rdf:resource="http://data.europeana.eu/aggregation/europeana/2021672/resource_document_mauritshuis_1165"/><ore:lineage rdf:resource="http://data.europeana.eu/proxy/provider/2021672/resource_document_mauritshuis_1165"/><edm:type>IMAGE</edm:type></ore:Proxy><ore:Proxy rdf:about="http://data.europeana.eu/proxy/provider/2021672/resource_document_mauritshuis_1165"><dc:creator>Anoniem</dc:creator><dc:creator>Anonymous</dc:creator><dc:date>1780 - 1780</dc:date><dc:format>28 cm</dc:format><dc:format>9 cm</dc:format><dc:identifier>1165</dc:identifier><dc:title xml:lang="nl-NL">Verrekijker</dc:title><dc:title xml:lang="en-GB">Binoculars</dc:title><dc:type xml:lang="nl-NL">schilderijenkijker</dc:type><dcterms:medium xml:lang="nl-NL">metaal</dcterms:medium><edm:europeanaProxy>false</edm:europeanaProxy><ore:proxyFor rdf:resource="http://data.europeana.eu/item/2021672/resource_document_mauritshuis_1165"/><ore:proxyIn rdf:resource="http://data.europeana.eu/aggregation/provider/2021672/resource_document_mauritshuis_1165"/><edm:type>IMAGE</edm:type></ore:Proxy><edm:EuropeanaAggregation rdf:about="http://data.europeana.eu/aggregation/europeana/2021672/resource_document_mauritshuis_1165"><edm:aggregatedCHO rdf:resource="http://data.europeana.eu/item/2021672/resource_document_mauritshuis_1165"/><edm:datasetName>2021672_Ag_NL_DigitaleCollectie_Mauritshuis</edm:datasetName><edm:country>Netherlands</edm:country><edm:preview rdf:resource="https://www.mauritshuis.nl/media/sfshm25i/1165_front.jpg"/><edm:landingPage rdf:resource="https://www.europeana.eu/item/2021672/resource_document_mauritshuis_1165"/><edm:language>nl</edm:language><edm:completeness>0</edm:completeness><dcterms:created>2017-08-02T11:48:18.043Z</dcterms:created><dcterms:modified>2023-02-28T08:45:41.077Z</dcterms:modified><dqv:hasQualityAnnotation rdf:resource="http://data.europeana.eu/item/2021672/resource_document_mauritshuis_1165#contentTier"/><dqv:hasQualityAnnotation rdf:resource="http://data.europeana.eu/item/2021672/resource_document_mauritshuis_1165#metadataTier"/></edm:EuropeanaAggregation><foaf:Organization rdf:about="http://data.europeana.eu/organization/1482250000004509120"><skos:prefLabel xml:lang="en">Mauritshuis</skos:prefLabel><skos:prefLabel xml:lang="nl">Mauritshuis</skos:prefLabel></foaf:Organization><foaf:Organization rdf:about="http://data.europeana.eu/organization/1482250000004671093"><skos:prefLabel xml:lang="en">Dutch Collections for Europe</skos:prefLabel></foaf:Organization><dqv:QualityAnnotation rdf:about="http://data.europeana.eu/item/2021672/resource_document_mauritshuis_1165#contentTier"><dcterms:created>2023-02-28T08:46:45.353523Z</dcterms:created><oa:hasTarget rdf:resource="http://data.europeana.eu/aggregation/provider/2021672/resource_document_mauritshuis_1165"/><oa:hasBody rdf:resource="http://www.europeana.eu/schemas/epf/contentTier4"/></dqv:QualityAnnotation><dqv:QualityAnnotation rdf:about="http://data.europeana.eu/item/2021672/resource_document_mauritshuis_1165#metadataTier"><dcterms:created>2023-02-28T08:46:45.353545Z</dcterms:created><oa:hasTarget rdf:resource="http://data.europeana.eu/aggregation/provider/2021672/resource_document_mauritshuis_1165"/><oa:hasBody rdf:resource="http://www.europeana.eu/schemas/epf/metadataTierA"/></dqv:QualityAnnotation></rdf:RDF>