<?xml version="1.0" encoding="UTF-8" standalone="yes"?><rdf:RDF xmlns:rdf="http://www.w3.org/1999/02/22-rdf-syntax-ns#" xmlns:dc="http://purl.org/dc/elements/1.1/" xmlns:dcterms="http://purl.org/dc/terms/" xmlns:edm="http://www.europeana.eu/schemas/edm/" xmlns:owl="http://www.w3.org/2002/07/owl#" xmlns:wgs84_pos="http://www.w3.org/2003/01/geo/wgs84_pos#" xmlns:skos="http://www.w3.org/2004/02/skos/core#" xmlns:rdaGr2="http://rdvocab.info/ElementsGr2/" xmlns:foaf="http://xmlns.com/foaf/0.1/" xmlns:ebucore="http://www.ebu.ch/metadata/ontologies/ebucore/ebucore#" xmlns:doap="http://usefulinc.com/ns/doap#" xmlns:odrl="http://www.w3.org/ns/odrl/2/" xmlns:cc="http://creativecommons.org/ns#" xmlns:ore="http://www.openarchives.org/ore/terms/" xmlns:svcs="http://rdfs.org/sioc/services#" xmlns:oa="http://www.w3.org/ns/oa#" xmlns:dqv="http://www.w3.org/ns/dqv#"><edm:ProvidedCHO rdf:about="http://data.europeana.eu/item/2021672/resource_document_mauritshuis_1209"/><edm:WebResource rdf:about="https://www.mauritshuis.nl/media/m2bggday/1209_side.jpg"><ebucore:hasMimeType>image/jpeg</ebucore:hasMimeType><ebucore:fileByteSize rdf:datatype="http://www.w3.org/2001/XMLSchema#long">102463</ebucore:fileByteSize><ebucore:width rdf:datatype="http://www.w3.org/2001/XMLSchema#integer">800</ebucore:width><ebucore:height rdf:datatype="http://www.w3.org/2001/XMLSchema#integer">736</ebucore:height><edm:hasColorSpace>sRGB</edm:hasColorSpace><edm:componentColor rdf:datatype="http://www.w3.org/2001/XMLSchema#hexBinary">#708090</edm:componentColor><edm:componentColor rdf:datatype="http://www.w3.org/2001/XMLSchema#hexBinary">#808080</edm:componentColor><edm:componentColor rdf:datatype="http://www.w3.org/2001/XMLSchema#hexBinary">#B0C4DE</edm:componentColor><edm:componentColor rdf:datatype="http://www.w3.org/2001/XMLSchema#hexBinary">#BDB76B</edm:componentColor><edm:componentColor rdf:datatype="http://www.w3.org/2001/XMLSchema#hexBinary">#F5DEB3</edm:componentColor><edm:componentColor rdf:datatype="http://www.w3.org/2001/XMLSchema#hexBinary">#A9A9A9</edm:componentColor><ebucore:orientation rdf:datatype="http://www.w3.org/2001/XMLSchema#string">landscape</ebucore:orientation></edm:WebResource><edm:Agent rdf:about="http://data.europeana.eu/agent/65916"><skos:prefLabel xml:lang="de">Keith Fullerton Whitman</skos:prefLabel><skos:prefLabel xml:lang="sv">Keith Fullerton Whitman</skos:prefLabel><skos:prefLabel xml:lang="sl">Keith Fullerton Whitman</skos:prefLabel><skos:prefLabel xml:lang="en">Keith Fullerton Whitman</skos:prefLabel><skos:prefLabel xml:lang="ga">Keith Fullerton Whitman</skos:prefLabel><skos:prefLabel xml:lang="it">Keith Fullerton Whitman</skos:prefLabel><skos:prefLabel xml:lang="pl">Keith Fullerton Whitman</skos:prefLabel><skos:prefLabel xml:lang="fr">Keith Fullerton Whitman</skos:prefLabel><skos:prefLabel xml:lang="da">Keith Fullerton Whitman</skos:prefLabel><skos:prefLabel xml:lang="ca">Keith Fullerton Whitman</skos:prefLabel><skos:prefLabel xml:lang="nl">Keith Fullerton Whitman</skos:prefLabel><skos:prefLabel xml:lang="es">Keith Fullerton Whitman</skos:prefLabel><skos:altLabel xml:lang="en">KFW</skos:altLabel><skos:altLabel xml:lang="en">Hrvatski</skos:altLabel><skos:altLabel xml:lang="en">ASCIII</skos:altLabel><skos:altLabel xml:lang="en">Anonymous</skos:altLabel><skos:altLabel xml:lang="en">DJ Marzipan</skos:altLabel><skos:altLabel xml:lang="en">DJ Zapruderfilm</skos:altLabel><skos:altLabel xml:lang="en">Russolo</skos:altLabel><skos:altLabel xml:lang="en">The Superlatives</skos:altLabel><skos:altLabel xml:lang="en">Kokoskulur</skos:altLabel><skos:altLabel xml:lang="en">Fullerton</skos:altLabel><skos:altLabel xml:lang="en">MC Snudur</skos:altLabel><skos:altLabel xml:lang="en">Mouly/Hubley/Leroux</skos:altLabel><skos:altLabel xml:lang="en">Sick</skos:altLabel><skos:note xml:lang="eu">Musikari estatubatuarra</skos:note><skos:note xml:lang="fi">Yhdysvaltalainen muusikko</skos:note><skos:note xml:lang="sv">Amerikansk musiker</skos:note><skos:note xml:lang="pt">Músico norte-americano</skos:note><skos:note xml:lang="en">American electronic musician</skos:note><skos:note xml:lang="it">Musicista statunitense</skos:note><skos:note xml:lang="fr">Musicien américain</skos:note><skos:note xml:lang="da">Amerikansk musiker</skos:note><skos:note xml:lang="es">Músico estadounidense</skos:note><skos:note xml:lang="ca">Músic estatunidenc</skos:note><skos:note xml:lang="nl">Amerikaans muzikant</skos:note><edm:hasMet rdf:resource="http://data.europeana.eu/concept/1647"/><rdaGr2:dateOfBirth>1973-05-29</rdaGr2:dateOfBirth><owl:sameAs rdf:resource="http://www.wikidata.org/entity/Q4568516"/><owl:sameAs rdf:resource="http://viaf.org/viaf/308179086"/><owl:sameAs rdf:resource="https://d-nb.info/gnd/1049316258"/><owl:sameAs rdf:resource="https://www.freebase.com/m/01nby00"/><owl:sameAs rdf:resource="https://g.co/kg/m/01nby00"/><owl:sameAs rdf:resource="http://dbpedia.org/resource/Keith_Fullerton_Whitman"/></edm:Agent><edm:TimeSpan rdf:about="#1870%2F1870"><skos:prefLabel xml:lang="zxx">1870/1870</skos:prefLabel><dcterms:isPartOf rdf:resource="http://data.europeana.eu/timespan/19"></dcterms:isPartOf><edm:begin>1870-01-01</edm:begin><edm:end>1870-12-31</edm:end></edm:TimeSpan><edm:TimeSpan rdf:about="http://data.europeana.eu/timespan/19"><skos:prefLabel xml:lang="de">19. Jahrhundert</skos:prefLabel><skos:prefLabel xml:lang="ru">XIX век</skos:prefLabel><skos:prefLabel xml:lang="fi">1800-luku</skos:prefLabel><skos:prefLabel xml:lang="pt">Século XIX</skos:prefLabel><skos:prefLabel xml:lang="bg">19 век</skos:prefLabel><skos:prefLabel xml:lang="lt">XIX amžius</skos:prefLabel><skos:prefLabel xml:lang="lv">19. gadsimts</skos:prefLabel><skos:prefLabel xml:lang="hr">19. stoljeće</skos:prefLabel><skos:prefLabel xml:lang="fr">XIXᵉ siècle</skos:prefLabel><skos:prefLabel xml:lang="hu">19. század</skos:prefLabel><skos:prefLabel xml:lang="sk">19. storočie</skos:prefLabel><skos:prefLabel xml:lang="sl">19. stoletje</skos:prefLabel><skos:prefLabel xml:lang="ga">19ú haois</skos:prefLabel><skos:prefLabel xml:lang="ca">Segle XIX</skos:prefLabel><skos:prefLabel xml:lang="sv">1800-talet</skos:prefLabel><skos:prefLabel xml:lang="el">19ος αιώνας</skos:prefLabel><skos:prefLabel xml:lang="en">19th century</skos:prefLabel><skos:prefLabel xml:lang="it">XIX secolo</skos:prefLabel><skos:prefLabel xml:lang="es">Siglo XIX</skos:prefLabel><skos:prefLabel xml:lang="et">19. sajand</skos:prefLabel><skos:prefLabel xml:lang="eu">XIX. mendea</skos:prefLabel><skos:prefLabel xml:lang="cs">19. století</skos:prefLabel><skos:prefLabel xml:lang="pl">XIX wiek</skos:prefLabel><skos:prefLabel xml:lang="ro">Secolul al XIX-lea</skos:prefLabel><skos:prefLabel xml:lang="da">19. århundrede</skos:prefLabel><skos:prefLabel xml:lang="nl">19e eeuw</skos:prefLabel><skos:altLabel xml:lang="ru">19 век</skos:altLabel><skos:altLabel xml:lang="sv">19:e århundradet</skos:altLabel><skos:altLabel xml:lang="sv">19:e seklet</skos:altLabel><skos:altLabel xml:lang="sv">1800-tal</skos:altLabel><skos:altLabel xml:lang="sv">1800-talet (århundrade)</skos:altLabel><skos:altLabel xml:lang="sv">1800-talet (sekel)</skos:altLabel><skos:altLabel xml:lang="en">19th-century</skos:altLabel><skos:altLabel xml:lang="en">19th-century</skos:altLabel><skos:altLabel xml:lang="en">Nineteenth century</skos:altLabel><skos:altLabel xml:lang="en">19. century</skos:altLabel><skos:altLabel xml:lang="en">XIX Century</skos:altLabel><skos:altLabel xml:lang="it">Ottocento</skos:altLabel><skos:altLabel xml:lang="it">19° secolo</skos:altLabel><skos:altLabel xml:lang="it">Secolo XIX</skos:altLabel><skos:altLabel xml:lang="it">XIX Secolo</skos:altLabel><skos:altLabel xml:lang="it">19esimo secolo</skos:altLabel><skos:altLabel xml:lang="it">Diciannovesimo secolo</skos:altLabel><skos:altLabel xml:lang="it">'800</skos:altLabel><skos:altLabel xml:lang="it">Ottocento</skos:altLabel><skos:altLabel xml:lang="fr">19e siècle</skos:altLabel><skos:altLabel xml:lang="fr">XIXe siècle</skos:altLabel><skos:altLabel xml:lang="da">1800-tallet</skos:altLabel><skos:altLabel xml:lang="ca">XIX</skos:altLabel><skos:altLabel xml:lang="ca">Segle dinou</skos:altLabel><skos:altLabel xml:lang="ca">Segle 19</skos:altLabel><skos:altLabel xml:lang="es">19. siglo</skos:altLabel><skos:altLabel xml:lang="es">Siglo 19</skos:altLabel><skos:altLabel xml:lang="es">Siglo diecinueve</skos:altLabel><edm:begin>1801-01-01</edm:begin><edm:end>1900-01-01</edm:end><owl:sameAs rdf:resource="http://www.wikidata.org/entity/Q6955"/><owl:sameAs rdf:resource="http://id.loc.gov/authorities/names/sh2002012475"/><owl:sameAs rdf:resource="http://id.loc.gov/authorities/names/sh85091984"/><owl:sameAs rdf:resource="http://id.nlm.nih.gov/mesh/D049672"/><owl:sameAs rdf:resource="https://www.freebase.com/m/08b3m"/><owl:sameAs rdf:resource="https://g.co/kg/m/08b3m"/><owl:sameAs rdf:resource="http://datos.bne.es/resource/XX4343988"/><owl:sameAs rdf:resource="http://vocab.getty.edu/aat/300404513"/><owl:sameAs rdf:resource="http://babelnet.org/rdf/s02210346n"/><owl:sameAs rdf:resource="http://dbpedia.org/resource/19th_century"/></edm:TimeSpan><skos:Concept rdf:about="http://data.europeana.eu/concept/1816"><skos:prefLabel xml:lang="de">Holz</skos:prefLabel><skos:prefLabel xml:lang="ru">Древесина</skos:prefLabel><skos:prefLabel xml:lang="fi">Puuaines</skos:prefLabel><skos:prefLabel xml:lang="pt">Madeira</skos:prefLabel><skos:prefLabel xml:lang="bg">Дървесина</skos:prefLabel><skos:prefLabel xml:lang="lt">Mediena</skos:prefLabel><skos:prefLabel xml:lang="lv">Koksne</skos:prefLabel><skos:prefLabel xml:lang="hr">Drvo</skos:prefLabel><skos:prefLabel xml:lang="fr">Bois</skos:prefLabel><skos:prefLabel xml:lang="hu">fa</skos:prefLabel><skos:prefLabel xml:lang="sk">Drevo</skos:prefLabel><skos:prefLabel xml:lang="sl">Les</skos:prefLabel><skos:prefLabel xml:lang="ga">Adhmad</skos:prefLabel><skos:prefLabel xml:lang="ca">Fusta</skos:prefLabel><skos:prefLabel xml:lang="sv">Trä</skos:prefLabel><skos:prefLabel xml:lang="mt">Injam</skos:prefLabel><skos:prefLabel xml:lang="el">Ξύλο</skos:prefLabel><skos:prefLabel xml:lang="en">Wood</skos:prefLabel><skos:prefLabel xml:lang="it">Legno</skos:prefLabel><skos:prefLabel xml:lang="es">Madera</skos:prefLabel><skos:prefLabel xml:lang="et">Puit</skos:prefLabel><skos:prefLabel xml:lang="eu">Zur</skos:prefLabel><skos:prefLabel xml:lang="cs">Dřevo</skos:prefLabel><skos:prefLabel xml:lang="pl">Drewno</skos:prefLabel><skos:prefLabel xml:lang="ro">Lemn</skos:prefLabel><skos:prefLabel xml:lang="da">Træ</skos:prefLabel><skos:prefLabel xml:lang="nl">Hout</skos:prefLabel><skos:note xml:lang="de">Faseriges Material von Bäumen oder anderen Pflanzen</skos:note><skos:note xml:lang="sv">Material som fås vid avverkning och bearbetning av träd</skos:note><skos:note xml:lang="fi">Monissa puissa olevaa kovaa solukkoa</skos:note><skos:note xml:lang="ru">Внутренняя часть дерева</skos:note><skos:note xml:lang="pt">Material duro, fibroso obtido das árvores</skos:note><skos:note xml:lang="el">Φυσικό και ανανεώσιμο υλικό</skos:note><skos:note xml:lang="en">Fibrous material from trees or other plants</skos:note><skos:note xml:lang="it">Materiale ricavato dai fusti delle piante</skos:note><skos:note xml:lang="fr">Matériau naturel issu d'arbres ou de plantes ligneuses</skos:note><skos:note xml:lang="hu">Fás növények szárának farészeiből nyert kemény, rostos anyag</skos:note><skos:note xml:lang="es">Material duro y fibroso obtenido de los árboles</skos:note><skos:note xml:lang="cs">Materiál tvořený pevnou pletivovou tkání stromů a jiných dřevin</skos:note><skos:note xml:lang="sl">Organski material, ki ga pridobivamo iz dreves in grmov</skos:note><skos:note xml:lang="ga">Ábhar déanta de chrainn nó de phlandaí eile</skos:note><skos:note xml:lang="pl">Surowiec</skos:note><skos:note xml:lang="ro">Material obținut din arbori și alte plante</skos:note><skos:note xml:lang="da">Materiale</skos:note><skos:note xml:lang="ca">Material dur i fibrós obtingut dels arbres i altres plantes llenyoses</skos:note><skos:note xml:lang="nl">Materiaal afkomstig van bomen</skos:note><skos:broader rdf:resource="http://data.europeana.eu/concept/2099"/><skos:broader rdf:resource="http://data.europeana.eu/concept/2069"/><skos:exactMatch rdf:resource="http://www.wikidata.org/entity/Q287"/><skos:exactMatch rdf:resource="http://purl.obolibrary.org/obo/ENVO_00002040"/><skos:exactMatch rdf:resource="https://d-nb.info/gnd/4025668-6"/><skos:exactMatch rdf:resource="http://id.loc.gov/authorities/names/sh85147783"/><skos:exactMatch rdf:resource="http://data.bnf.fr/ark:/12148/cb11976008h"/><skos:exactMatch rdf:resource="http://id.ndl.go.jp/auth/ndlna/00567803"/><skos:exactMatch rdf:resource="http://id.nlm.nih.gov/mesh/D014934"/><skos:exactMatch rdf:resource="http://purl.org/bncf/tid/3389"/><skos:exactMatch rdf:resource="https://www.freebase.com/m/083vt"/><skos:exactMatch rdf:resource="https://g.co/kg/m/083vt"/><skos:exactMatch rdf:resource="http://id.nlm.nih.gov/mesh/A18.450.500.500"/><skos:exactMatch rdf:resource="http://id.nlm.nih.gov/mesh/J01.637.241.900"/><skos:exactMatch rdf:resource="http://vocab.getty.edu/aat/300011914"/><skos:exactMatch rdf:resource="http://iconclass.org/47G543"/><skos:exactMatch rdf:resource="http://www.yso.fi/onto/yso/p16542"/><skos:exactMatch rdf:resource="http://babelnet.org/rdf/s00081492n"/><skos:exactMatch rdf:resource="http://thesaurus.europeanafashion.eu/thesaurus/10577"/><skos:exactMatch rdf:resource="http://zbw.eu/stw/descriptor/14150-4"/><skos:exactMatch rdf:resource="http://vocabularies.unesco.org/thesaurus/concept4159"/><skos:exactMatch rdf:resource="http://dbpedia.org/resource/Wood"/></skos:Concept><ore:Aggregation rdf:about="http://data.europeana.eu/aggregation/provider/2021672/resource_document_mauritshuis_1209"><edm:aggregatedCHO rdf:resource="http://data.europeana.eu/item/2021672/resource_document_mauritshuis_1209"/><edm:dataProvider rdf:resource="http://data.europeana.eu/organization/1482250000004509120"></edm:dataProvider><edm:isShownBy rdf:resource="https://www.mauritshuis.nl/media/m2bggday/1209_side.jpg"/><edm:provider rdf:resource="http://data.europeana.eu/organization/1482250000004671093"></edm:provider><edm:rights rdf:resource="http://creativecommons.org/publicdomain/mark/1.0/"/></ore:Aggregation><ore:Proxy rdf:about="http://data.europeana.eu/proxy/provider/2021672/resource_document_mauritshuis_1209"><dc:creator>Anoniem</dc:creator><dc:creator>Anonymous</dc:creator><dc:date>1870 - 1870</dc:date><dc:format>135 cm</dc:format><dc:format>132 cm</dc:format><dc:format>36 cm</dc:format><dc:identifier>1209</dc:identifier><dc:title xml:lang="nl-NL">Getuigd model van een midzwaardjacht</dc:title><dc:title xml:lang="en-GB">Model of a Centerboard Yacht</dc:title><dc:type xml:lang="nl-NL">scheepsmodel</dc:type><dc:type xml:lang="en-GB">ship model</dc:type><dcterms:medium xml:lang="nl-NL">hout</dcterms:medium><dcterms:medium xml:lang="en-GB">wood</dcterms:medium><edm:europeanaProxy>false</edm:europeanaProxy><ore:proxyFor rdf:resource="http://data.europeana.eu/item/2021672/resource_document_mauritshuis_1209"/><ore:proxyIn rdf:resource="http://data.europeana.eu/aggregation/provider/2021672/resource_document_mauritshuis_1209"/><edm:type>IMAGE</edm:type></ore:Proxy><ore:Proxy rdf:about="http://data.europeana.eu/proxy/europeana/2021672/resource_document_mauritshuis_1209"><dc:creator rdf:resource="http://data.europeana.eu/agent/65916"></dc:creator><dc:date rdf:resource="#1870%2F1870"></dc:date><dc:date rdf:resource="#1870%2F1870"></dc:date><dc:identifier>resource_document_mauritshuis_1209</dc:identifier><dcterms:medium rdf:resource="http://data.europeana.eu/concept/1816"></dcterms:medium><edm:europeanaProxy>true</edm:europeanaProxy><ore:proxyFor rdf:resource="http://data.europeana.eu/item/2021672/resource_document_mauritshuis_1209"/><ore:proxyIn rdf:resource="http://data.europeana.eu/aggregation/europeana/2021672/resource_document_mauritshuis_1209"/><ore:lineage rdf:resource="http://data.europeana.eu/proxy/provider/2021672/resource_document_mauritshuis_1209"/><edm:type>IMAGE</edm:type></ore:Proxy><edm:EuropeanaAggregation rdf:about="http://data.europeana.eu/aggregation/europeana/2021672/resource_document_mauritshuis_1209"><edm:aggregatedCHO rdf:resource="http://data.europeana.eu/item/2021672/resource_document_mauritshuis_1209"/><edm:datasetName>2021672_Ag_NL_DigitaleCollectie_Mauritshuis</edm:datasetName><edm:country>Netherlands</edm:country><edm:preview rdf:resource="https://www.mauritshuis.nl/media/m2bggday/1209_side.jpg"/><edm:landingPage rdf:resource="https://www.europeana.eu/item/2021672/resource_document_mauritshuis_1209"/><edm:language>nl</edm:language><edm:completeness>0</edm:completeness><dcterms:created>2017-08-02T11:48:18.711Z</dcterms:created><dcterms:modified>2023-02-28T08:45:41.077Z</dcterms:modified><dqv:hasQualityAnnotation rdf:resource="http://data.europeana.eu/item/2021672/resource_document_mauritshuis_1209#contentTier"/><dqv:hasQualityAnnotation rdf:resource="http://data.europeana.eu/item/2021672/resource_document_mauritshuis_1209#metadataTier"/></edm:EuropeanaAggregation><foaf:Organization rdf:about="http://data.europeana.eu/organization/1482250000004509120"><skos:prefLabel xml:lang="en">Mauritshuis</skos:prefLabel><skos:prefLabel xml:lang="nl">Mauritshuis</skos:prefLabel></foaf:Organization><foaf:Organization rdf:about="http://data.europeana.eu/organization/1482250000004671093"><skos:prefLabel xml:lang="en">Dutch Collections for Europe</skos:prefLabel></foaf:Organization><dqv:QualityAnnotation rdf:about="http://data.europeana.eu/item/2021672/resource_document_mauritshuis_1209#contentTier"><dcterms:created>2023-02-28T08:46:38.247164Z</dcterms:created><oa:hasTarget rdf:resource="http://data.europeana.eu/aggregation/provider/2021672/resource_document_mauritshuis_1209"/><oa:hasBody rdf:resource="http://www.europeana.eu/schemas/epf/contentTier2"/></dqv:QualityAnnotation><dqv:QualityAnnotation rdf:about="http://data.europeana.eu/item/2021672/resource_document_mauritshuis_1209#metadataTier"><dcterms:created>2023-02-28T08:46:38.247217Z</dcterms:created><oa:hasTarget rdf:resource="http://data.europeana.eu/aggregation/provider/2021672/resource_document_mauritshuis_1209"/><oa:hasBody rdf:resource="http://www.europeana.eu/schemas/epf/metadataTierA"/></dqv:QualityAnnotation></rdf:RDF>