<?xml version="1.0" encoding="UTF-8" standalone="yes"?><rdf:RDF xmlns:rdf="http://www.w3.org/1999/02/22-rdf-syntax-ns#" xmlns:dc="http://purl.org/dc/elements/1.1/" xmlns:dcterms="http://purl.org/dc/terms/" xmlns:edm="http://www.europeana.eu/schemas/edm/" xmlns:owl="http://www.w3.org/2002/07/owl#" xmlns:wgs84_pos="http://www.w3.org/2003/01/geo/wgs84_pos#" xmlns:skos="http://www.w3.org/2004/02/skos/core#" xmlns:rdaGr2="http://rdvocab.info/ElementsGr2/" xmlns:foaf="http://xmlns.com/foaf/0.1/" xmlns:ebucore="http://www.ebu.ch/metadata/ontologies/ebucore/ebucore#" xmlns:doap="http://usefulinc.com/ns/doap#" xmlns:odrl="http://www.w3.org/ns/odrl/2/" xmlns:cc="http://creativecommons.org/ns#" xmlns:ore="http://www.openarchives.org/ore/terms/" xmlns:svcs="http://rdfs.org/sioc/services#" xmlns:oa="http://www.w3.org/ns/oa#" xmlns:dqv="http://www.w3.org/ns/dqv#"><edm:ProvidedCHO rdf:about="http://data.europeana.eu/item/2021672/resource_document_mauritshuis_264"/><edm:WebResource rdf:about="https://www.mauritshuis.nl/media/kk4bzhba/0264_repro.jpg"><ebucore:hasMimeType>image/jpeg</ebucore:hasMimeType><ebucore:fileByteSize rdf:datatype="http://www.w3.org/2001/XMLSchema#long">9084342</ebucore:fileByteSize><ebucore:width rdf:datatype="http://www.w3.org/2001/XMLSchema#integer">6000</ebucore:width><ebucore:height rdf:datatype="http://www.w3.org/2001/XMLSchema#integer">3651</ebucore:height><edm:hasColorSpace>sRGB</edm:hasColorSpace><edm:componentColor rdf:datatype="http://www.w3.org/2001/XMLSchema#hexBinary">#778899</edm:componentColor><edm:componentColor rdf:datatype="http://www.w3.org/2001/XMLSchema#hexBinary">#B0C4DE</edm:componentColor><edm:componentColor rdf:datatype="http://www.w3.org/2001/XMLSchema#hexBinary">#800000</edm:componentColor><edm:componentColor rdf:datatype="http://www.w3.org/2001/XMLSchema#hexBinary">#A9A9A9</edm:componentColor><edm:componentColor rdf:datatype="http://www.w3.org/2001/XMLSchema#hexBinary">#483D8B</edm:componentColor><edm:componentColor rdf:datatype="http://www.w3.org/2001/XMLSchema#hexBinary">#B8860B</edm:componentColor><ebucore:orientation rdf:datatype="http://www.w3.org/2001/XMLSchema#string">landscape</ebucore:orientation></edm:WebResource><edm:TimeSpan rdf:about="http://data.europeana.eu/timespan/15"><skos:prefLabel xml:lang="de">15. Jahrhundert</skos:prefLabel><skos:prefLabel xml:lang="ru">XV век</skos:prefLabel><skos:prefLabel xml:lang="fi">1400-luku</skos:prefLabel><skos:prefLabel xml:lang="pt">Século XV</skos:prefLabel><skos:prefLabel xml:lang="bg">15 век</skos:prefLabel><skos:prefLabel xml:lang="lt">XV amžius</skos:prefLabel><skos:prefLabel xml:lang="lv">15. gadsimts</skos:prefLabel><skos:prefLabel xml:lang="hr">15. stoljeće</skos:prefLabel><skos:prefLabel xml:lang="fr">XVe siècle</skos:prefLabel><skos:prefLabel xml:lang="hu">15. század</skos:prefLabel><skos:prefLabel xml:lang="sk">15. storočie</skos:prefLabel><skos:prefLabel xml:lang="sl">15. stoletje</skos:prefLabel><skos:prefLabel xml:lang="ga">15ú haois</skos:prefLabel><skos:prefLabel xml:lang="ca">Segle XV</skos:prefLabel><skos:prefLabel xml:lang="sv">1400-talet</skos:prefLabel><skos:prefLabel xml:lang="el">15ος αιώνας</skos:prefLabel><skos:prefLabel xml:lang="en">15th century</skos:prefLabel><skos:prefLabel xml:lang="it">XV secolo</skos:prefLabel><skos:prefLabel xml:lang="es">Siglo XV</skos:prefLabel><skos:prefLabel xml:lang="et">15. sajand</skos:prefLabel><skos:prefLabel xml:lang="eu">XV. mendea</skos:prefLabel><skos:prefLabel xml:lang="cs">15. století</skos:prefLabel><skos:prefLabel xml:lang="pl">XV wiek</skos:prefLabel><skos:prefLabel xml:lang="ro">Secolul al XV-lea</skos:prefLabel><skos:prefLabel xml:lang="da">15. århundrede</skos:prefLabel><skos:prefLabel xml:lang="nl">15e eeuw</skos:prefLabel><skos:altLabel xml:lang="sv">15:e århundradet</skos:altLabel><skos:altLabel xml:lang="sv">15:e seklet</skos:altLabel><skos:altLabel xml:lang="sv">1400-tal</skos:altLabel><skos:altLabel xml:lang="sv">1400-talet (århundrade)</skos:altLabel><skos:altLabel xml:lang="sv">1400-talet (sekel)</skos:altLabel><skos:altLabel xml:lang="ru">15 век</skos:altLabel><skos:altLabel xml:lang="en">15th-century</skos:altLabel><skos:altLabel xml:lang="en">15th-century</skos:altLabel><skos:altLabel xml:lang="en">Quatro Cento</skos:altLabel><skos:altLabel xml:lang="it">Quattrocento</skos:altLabel><skos:altLabel xml:lang="it">15° secolo</skos:altLabel><skos:altLabel xml:lang="it">Secolo XV</skos:altLabel><skos:altLabel xml:lang="it">XV Secolo</skos:altLabel><skos:altLabel xml:lang="it">Quindicesimo secolo</skos:altLabel><skos:altLabel xml:lang="it">XV secolo d.C</skos:altLabel><skos:altLabel xml:lang="it">Quattrocento</skos:altLabel><skos:altLabel xml:lang="fr">15e siècle</skos:altLabel><edm:begin>1401-01-01</edm:begin><edm:end>1500-01-01</edm:end><owl:sameAs rdf:resource="http://www.wikidata.org/entity/Q7018"/><owl:sameAs rdf:resource="http://id.loc.gov/authorities/names/sh85048142"/><owl:sameAs rdf:resource="http://id.nlm.nih.gov/mesh/D049668"/><owl:sameAs rdf:resource="https://www.freebase.com/m/08b1m"/><owl:sameAs rdf:resource="https://g.co/kg/m/08b1m"/><owl:sameAs rdf:resource="http://vocab.getty.edu/aat/300404465"/><owl:sameAs rdf:resource="http://babelnet.org/rdf/s02814426n"/><owl:sameAs rdf:resource="http://dbpedia.org/resource/15th_century"/></edm:TimeSpan><edm:TimeSpan rdf:about="#1460%2F1464"><skos:prefLabel xml:lang="zxx">1460/1464</skos:prefLabel><dcterms:isPartOf rdf:resource="http://data.europeana.eu/timespan/15"></dcterms:isPartOf><edm:begin>1460-01-01</edm:begin><edm:end>1464-12-31</edm:end></edm:TimeSpan><ore:Aggregation rdf:about="http://data.europeana.eu/aggregation/provider/2021672/resource_document_mauritshuis_264"><edm:aggregatedCHO rdf:resource="http://data.europeana.eu/item/2021672/resource_document_mauritshuis_264"/><edm:dataProvider rdf:resource="http://data.europeana.eu/organization/1482250000004509120"></edm:dataProvider><edm:isShownBy rdf:resource="https://www.mauritshuis.nl/media/kk4bzhba/0264_repro.jpg"/><edm:provider rdf:resource="http://data.europeana.eu/organization/1482250000004671093"></edm:provider><edm:rights rdf:resource="http://creativecommons.org/publicdomain/mark/1.0/"/></ore:Aggregation><ore:Proxy rdf:about="http://data.europeana.eu/proxy/provider/2021672/resource_document_mauritshuis_264"><dc:creator>Rogier van der Weyden</dc:creator><dc:date>1464 - 1460</dc:date><dc:description xml:lang="nl-NL">De Vlaming Van der Weyden schilderde met olieverf, waarmee hij heel gedetailleerd kon werken. Op dit altaarstuk is te zien hoe Maria bij haar dode zoon neerknielt en hem beweent. Zijn volgelingen kijken ontsteld toe en laten hun tranen de vrije loop. De heftige emoties waren bedoeld om medelijden op te wekken bij de gelovigen. In het gezelschap valt de knielende bisschop met zijn ceremoniële gewaad behoorlijk uit de toon. Hij is de man die dit altaarstuk bestelde.</dc:description><dc:description xml:lang="en-GB">The Flemish artist Van der Weyden painted in oils, allowing him to work in great detail. This altarpiece shows Mary kneeling by her dead son and mourning him. His disciples look on in dismay, letting their tears flow freely. The strong emotions were intended to arouse the sympathy of the faithful. The kneeling bishop in his ceremonial robes is the odd man out in the company. He is the man who commissioned this altarpiece.</dc:description><dc:format>80.6 cm</dc:format><dc:format>102 cm</dc:format><dc:format>154 cm</dc:format><dc:format>130.1 cm</dc:format><dc:identifier>264</dc:identifier><dc:title xml:lang="nl-NL">De bewening van Christus</dc:title><dc:title xml:lang="en-GB">The Lamentation of Christ</dc:title><dc:type xml:lang="nl-NL">schilderij</dc:type><dc:type xml:lang="en-GB">painting</dc:type><dcterms:medium xml:lang="nl-NL">paneel</dcterms:medium><dcterms:medium xml:lang="en-GB">panel</dcterms:medium><edm:europeanaProxy>false</edm:europeanaProxy><ore:proxyFor rdf:resource="http://data.europeana.eu/item/2021672/resource_document_mauritshuis_264"/><ore:proxyIn rdf:resource="http://data.europeana.eu/aggregation/provider/2021672/resource_document_mauritshuis_264"/><edm:type>IMAGE</edm:type></ore:Proxy><ore:Proxy rdf:about="http://data.europeana.eu/proxy/europeana/2021672/resource_document_mauritshuis_264"><dc:date rdf:resource="#1460%2F1464"></dc:date><dc:date rdf:resource="#1460%2F1464"></dc:date><dc:identifier>resource_document_mauritshuis_264</dc:identifier><edm:europeanaProxy>true</edm:europeanaProxy><ore:proxyFor rdf:resource="http://data.europeana.eu/item/2021672/resource_document_mauritshuis_264"/><ore:proxyIn rdf:resource="http://data.europeana.eu/aggregation/europeana/2021672/resource_document_mauritshuis_264"/><ore:lineage rdf:resource="http://data.europeana.eu/proxy/provider/2021672/resource_document_mauritshuis_264"/><edm:type>IMAGE</edm:type></ore:Proxy><edm:EuropeanaAggregation rdf:about="http://data.europeana.eu/aggregation/europeana/2021672/resource_document_mauritshuis_264"><edm:aggregatedCHO rdf:resource="http://data.europeana.eu/item/2021672/resource_document_mauritshuis_264"/><edm:datasetName>2021672_Ag_NL_DigitaleCollectie_Mauritshuis</edm:datasetName><edm:country>Netherlands</edm:country><edm:preview rdf:resource="https://www.mauritshuis.nl/media/kk4bzhba/0264_repro.jpg"/><edm:landingPage rdf:resource="https://www.europeana.eu/item/2021672/resource_document_mauritshuis_264"/><edm:language>nl</edm:language><edm:completeness>0</edm:completeness><dcterms:created>2017-08-02T11:48:21.786Z</dcterms:created><dcterms:modified>2023-02-28T08:45:41.077Z</dcterms:modified><dqv:hasQualityAnnotation rdf:resource="http://data.europeana.eu/item/2021672/resource_document_mauritshuis_264#contentTier"/><dqv:hasQualityAnnotation rdf:resource="http://data.europeana.eu/item/2021672/resource_document_mauritshuis_264#metadataTier"/></edm:EuropeanaAggregation><foaf:Organization rdf:about="http://data.europeana.eu/organization/1482250000004509120"><skos:prefLabel xml:lang="en">Mauritshuis</skos:prefLabel><skos:prefLabel xml:lang="nl">Mauritshuis</skos:prefLabel></foaf:Organization><foaf:Organization rdf:about="http://data.europeana.eu/organization/1482250000004671093"><skos:prefLabel xml:lang="en">Dutch Collections for Europe</skos:prefLabel></foaf:Organization><dqv:QualityAnnotation rdf:about="http://data.europeana.eu/item/2021672/resource_document_mauritshuis_264#contentTier"><dcterms:created>2023-02-28T08:46:39.261331Z</dcterms:created><oa:hasTarget rdf:resource="http://data.europeana.eu/aggregation/provider/2021672/resource_document_mauritshuis_264"/><oa:hasBody rdf:resource="http://www.europeana.eu/schemas/epf/contentTier4"/></dqv:QualityAnnotation><dqv:QualityAnnotation rdf:about="http://data.europeana.eu/item/2021672/resource_document_mauritshuis_264#metadataTier"><dcterms:created>2023-02-28T08:46:39.261357Z</dcterms:created><oa:hasTarget rdf:resource="http://data.europeana.eu/aggregation/provider/2021672/resource_document_mauritshuis_264"/><oa:hasBody rdf:resource="http://www.europeana.eu/schemas/epf/metadataTierA"/></dqv:QualityAnnotation></rdf:RDF>