<?xml version="1.0" encoding="UTF-8" standalone="yes"?><rdf:RDF xmlns:rdf="http://www.w3.org/1999/02/22-rdf-syntax-ns#" xmlns:dc="http://purl.org/dc/elements/1.1/" xmlns:dcterms="http://purl.org/dc/terms/" xmlns:edm="http://www.europeana.eu/schemas/edm/" xmlns:owl="http://www.w3.org/2002/07/owl#" xmlns:wgs84_pos="http://www.w3.org/2003/01/geo/wgs84_pos#" xmlns:skos="http://www.w3.org/2004/02/skos/core#" xmlns:rdaGr2="http://rdvocab.info/ElementsGr2/" xmlns:foaf="http://xmlns.com/foaf/0.1/" xmlns:ebucore="http://www.ebu.ch/metadata/ontologies/ebucore/ebucore#" xmlns:doap="http://usefulinc.com/ns/doap#" xmlns:odrl="http://www.w3.org/ns/odrl/2/" xmlns:cc="http://creativecommons.org/ns#" xmlns:ore="http://www.openarchives.org/ore/terms/" xmlns:svcs="http://rdfs.org/sioc/services#" xmlns:oa="http://www.w3.org/ns/oa#" xmlns:dqv="http://www.w3.org/ns/dqv#"><edm:ProvidedCHO rdf:about="http://data.europeana.eu/item/2021672/resource_document_mauritshuis_343"/><edm:WebResource rdf:about="https://www.mauritshuis.nl/media/ltxnsdgk/0343_repro.jpg"><ebucore:hasMimeType>image/jpeg</ebucore:hasMimeType><ebucore:fileByteSize rdf:datatype="http://www.w3.org/2001/XMLSchema#long">10151182</ebucore:fileByteSize><ebucore:width rdf:datatype="http://www.w3.org/2001/XMLSchema#integer">6000</ebucore:width><ebucore:height rdf:datatype="http://www.w3.org/2001/XMLSchema#integer">4289</ebucore:height><edm:hasColorSpace>sRGB</edm:hasColorSpace><edm:componentColor rdf:datatype="http://www.w3.org/2001/XMLSchema#hexBinary">#E9967A</edm:componentColor><edm:componentColor rdf:datatype="http://www.w3.org/2001/XMLSchema#hexBinary">#D2B48C</edm:componentColor><edm:componentColor rdf:datatype="http://www.w3.org/2001/XMLSchema#hexBinary">#800000</edm:componentColor><edm:componentColor rdf:datatype="http://www.w3.org/2001/XMLSchema#hexBinary">#C0C0C0</edm:componentColor><edm:componentColor rdf:datatype="http://www.w3.org/2001/XMLSchema#hexBinary">#696969</edm:componentColor><edm:componentColor rdf:datatype="http://www.w3.org/2001/XMLSchema#hexBinary">#8B4513</edm:componentColor><ebucore:orientation rdf:datatype="http://www.w3.org/2001/XMLSchema#string">landscape</ebucore:orientation></edm:WebResource><edm:Agent rdf:about="http://data.europeana.eu/agent/216"><skos:prefLabel xml:lang="de">Tizian</skos:prefLabel><skos:prefLabel xml:lang="fi">Tizian</skos:prefLabel><skos:prefLabel xml:lang="ru">Тициан</skos:prefLabel><skos:prefLabel xml:lang="pt">Ticiano</skos:prefLabel><skos:prefLabel xml:lang="bg">Тициан</skos:prefLabel><skos:prefLabel xml:lang="lt">Tiziano Vecelli</skos:prefLabel><skos:prefLabel xml:lang="lv">Ticiāns</skos:prefLabel><skos:prefLabel xml:lang="hr">Tizian</skos:prefLabel><skos:prefLabel xml:lang="fr">Titien</skos:prefLabel><skos:prefLabel xml:lang="hu">Tiziano Vecellio</skos:prefLabel><skos:prefLabel xml:lang="sk">Tiziano Vecelli</skos:prefLabel><skos:prefLabel xml:lang="sl">Tizian</skos:prefLabel><skos:prefLabel xml:lang="ga">Titian</skos:prefLabel><skos:prefLabel xml:lang="ca">Ticià</skos:prefLabel><skos:prefLabel xml:lang="sv">Tizian</skos:prefLabel><skos:prefLabel xml:lang="mt">Tizjanu</skos:prefLabel><skos:prefLabel xml:lang="el">Τιτσιάνο</skos:prefLabel><skos:prefLabel xml:lang="en">Titian</skos:prefLabel><skos:prefLabel xml:lang="it">Tiziano Vecellio</skos:prefLabel><skos:prefLabel xml:lang="es">Tiziano</skos:prefLabel><skos:prefLabel xml:lang="et">Tizian</skos:prefLabel><skos:prefLabel xml:lang="cs">Tizian</skos:prefLabel><skos:prefLabel xml:lang="eu">Tiziano</skos:prefLabel><skos:prefLabel xml:lang="pl">Tycjan</skos:prefLabel><skos:prefLabel xml:lang="ro">Tiziano Vecellio</skos:prefLabel><skos:prefLabel xml:lang="da">Tizian</skos:prefLabel><skos:prefLabel xml:lang="nl">Titiaan</skos:prefLabel><skos:altLabel xml:lang="de">Titian</skos:altLabel><skos:altLabel xml:lang="de">Tiziano Vecellio</skos:altLabel><skos:altLabel xml:lang="sv">Titian</skos:altLabel><skos:altLabel xml:lang="sv">Tiziano Vecellio</skos:altLabel><skos:altLabel xml:lang="fi">Titian</skos:altLabel><skos:altLabel xml:lang="fi">Tiziano Vecellio</skos:altLabel><skos:altLabel xml:lang="ru">Тициано Вечеллио</skos:altLabel><skos:altLabel xml:lang="ru">Тициан Вечеллио</skos:altLabel><skos:altLabel xml:lang="ru">Вечеллио Тициано</skos:altLabel><skos:altLabel xml:lang="ru">Вечеллио, Тициано</skos:altLabel><skos:altLabel xml:lang="pt">Tiziano vecelli</skos:altLabel><skos:altLabel xml:lang="pt">Titien</skos:altLabel><skos:altLabel xml:lang="pt">Tiziano vecellio</skos:altLabel><skos:altLabel xml:lang="pt">Tiziano</skos:altLabel><skos:altLabel xml:lang="pt">Ticiano Vecellio</skos:altLabel><skos:altLabel xml:lang="pt">Ticiano Vecelli</skos:altLabel><skos:altLabel xml:lang="pt">Titian</skos:altLabel><skos:altLabel xml:lang="pt">Vecelli</skos:altLabel><skos:altLabel xml:lang="pt">Tizian vecellio de gregorio</skos:altLabel><skos:altLabel xml:lang="bg">Вечелио Тициан</skos:altLabel><skos:altLabel xml:lang="el">Τισιανός</skos:altLabel><skos:altLabel xml:lang="lt">Ticianas</skos:altLabel><skos:altLabel xml:lang="lt">Titianas</skos:altLabel><skos:altLabel xml:lang="lt">Titian</skos:altLabel><skos:altLabel xml:lang="en">Titiano da Cadore</skos:altLabel><skos:altLabel xml:lang="en">Ticijan</skos:altLabel><skos:altLabel xml:lang="en">Tiçiano</skos:altLabel><skos:altLabel xml:lang="en">Tizian</skos:altLabel><skos:altLabel xml:lang="en">Tetiano</skos:altLabel><skos:altLabel xml:lang="en">Thitsiaen</skos:altLabel><skos:altLabel xml:lang="en">Titianus</skos:altLabel><skos:altLabel xml:lang="en">Ticiano Vecelio</skos:altLabel><skos:altLabel xml:lang="en">Tishan</skos:altLabel><skos:altLabel xml:lang="en">Tiziano Vecelli Cavaliere</skos:altLabel><skos:altLabel xml:lang="en">Titiano Vecellio</skos:altLabel><skos:altLabel xml:lang="en">Tit︠s︡ian</skos:altLabel><skos:altLabel xml:lang="en">Titiaan</skos:altLabel><skos:altLabel xml:lang="en">Tissien</skos:altLabel><skos:altLabel xml:lang="en">Tiziano Veccellio</skos:altLabel><skos:altLabel xml:lang="en">Tit︠s︡iano Vechellio</skos:altLabel><skos:altLabel xml:lang="en">Tiziano Vecellio da Cadore stato Veneto</skos:altLabel><skos:altLabel xml:lang="en">Tiziano Vecellio di Cadore</skos:altLabel><skos:altLabel xml:lang="en">Tisiano</skos:altLabel><skos:altLabel xml:lang="en">Tiziano Vicelli</skos:altLabel><skos:altLabel xml:lang="en">Titien</skos:altLabel><skos:altLabel xml:lang="en">Titian Vecelli</skos:altLabel><skos:altLabel xml:lang="en">Titiano</skos:altLabel><skos:altLabel xml:lang="en">Ticiano</skos:altLabel><skos:altLabel xml:lang="en">Tycjan</skos:altLabel><skos:altLabel xml:lang="en">Tishian</skos:altLabel><skos:altLabel xml:lang="en">Titianello</skos:altLabel><skos:altLabel xml:lang="en">Tizian il più giovane</skos:altLabel><skos:altLabel xml:lang="en">Tizzianello</skos:altLabel><skos:altLabel xml:lang="en">Titien de Vecelli de Cador</skos:altLabel><skos:altLabel xml:lang="en">Thitsian</skos:altLabel><skos:altLabel xml:lang="en">Titain</skos:altLabel><skos:altLabel xml:lang="en">Tizziani</skos:altLabel><skos:altLabel xml:lang="en">Titians</skos:altLabel><skos:altLabel xml:lang="en">Ziano</skos:altLabel><skos:altLabel xml:lang="en">Titiaen Geovene</skos:altLabel><skos:altLabel xml:lang="en">Titianus Vecelly</skos:altLabel><skos:altLabel xml:lang="en">Titien Vecelli De Cador</skos:altLabel><skos:altLabel xml:lang="en">Tiziano Vecelli da Cador</skos:altLabel><skos:altLabel xml:lang="en">Vecelli da Cadore Titian</skos:altLabel><skos:altLabel xml:lang="en">Tittien-Vecelli</skos:altLabel><skos:altLabel xml:lang="en">Titiano Vccello</skos:altLabel><skos:altLabel xml:lang="en">Tiziano vezelli</skos:altLabel><skos:altLabel xml:lang="en">Titien Wecelli</skos:altLabel><skos:altLabel xml:lang="en">Titiano Vecelli</skos:altLabel><skos:altLabel xml:lang="en">Called Titian Veccellio</skos:altLabel><skos:altLabel xml:lang="en">Called Titian Tiziano Vecelli</skos:altLabel><skos:altLabel xml:lang="en">Titiaan Giovene</skos:altLabel><skos:altLabel xml:lang="en">Dit Le Titien Vecelli</skos:altLabel><skos:altLabel xml:lang="en">De Cador Titien Vecelli</skos:altLabel><skos:altLabel xml:lang="en">Tisciano</skos:altLabel><skos:altLabel xml:lang="en">Tietsiaen</skos:altLabel><skos:altLabel xml:lang="en">Tetian</skos:altLabel><skos:altLabel xml:lang="en">Tipziano</skos:altLabel><skos:altLabel xml:lang="en">Tipciano</skos:altLabel><skos:altLabel xml:lang="en">Tisiaen</skos:altLabel><skos:altLabel xml:lang="en">Tiziano veccelio</skos:altLabel><skos:altLabel xml:lang="en">Tisien</skos:altLabel><skos:altLabel xml:lang="en">Titiano Vicelli</skos:altLabel><skos:altLabel xml:lang="en">Tiçiano</skos:altLabel><skos:altLabel xml:lang="en">Le Titien</skos:altLabel><skos:altLabel xml:lang="en">Ou le Titien Titianus Vecellio</skos:altLabel><skos:altLabel xml:lang="en">Titsiaen</skos:altLabel><skos:altLabel xml:lang="en">Tticiano</skos:altLabel><skos:altLabel xml:lang="en">Vecelli</skos:altLabel><skos:altLabel xml:lang="en">Titien Vecelli da Cador</skos:altLabel><skos:altLabel xml:lang="en">Vicelli</skos:altLabel><skos:altLabel xml:lang="en">Titiano Vercelli</skos:altLabel><skos:altLabel xml:lang="en">Ditiano</skos:altLabel><skos:altLabel xml:lang="en">Ttalion</skos:altLabel><skos:altLabel xml:lang="en">Titian Vecelli da Cadore</skos:altLabel><skos:altLabel xml:lang="en">Tizziano</skos:altLabel><skos:altLabel xml:lang="en">Tititian</skos:altLabel><skos:altLabel xml:lang="en">Titien de Vecelli</skos:altLabel><skos:altLabel xml:lang="en">Titiano d'Uxellio Dacadore</skos:altLabel><skos:altLabel xml:lang="en">Titiaen Uccello</skos:altLabel><skos:altLabel xml:lang="en">Ttiçiano</skos:altLabel><skos:altLabel xml:lang="en">Tizian v.</skos:altLabel><skos:altLabel xml:lang="en">Detiano</skos:altLabel><skos:altLabel xml:lang="en">Veccelli Titian genoemd Titiaan</skos:altLabel><skos:altLabel xml:lang="en">Titiano Veccelly</skos:altLabel><skos:altLabel xml:lang="en">Tiziano Vecellio Genannt Tiziano</skos:altLabel><skos:altLabel xml:lang="en">Tiziano Vecelli da Cadore</skos:altLabel><skos:altLabel xml:lang="en">Ticciani</skos:altLabel><skos:altLabel xml:lang="en">Ticciano</skos:altLabel><skos:altLabel xml:lang="en">Tissian</skos:altLabel><skos:altLabel xml:lang="en">Vecelli da Cadore, Ven. Titian</skos:altLabel><skos:altLabel xml:lang="en">Titien Vecelly</skos:altLabel><skos:altLabel xml:lang="en">Tuziano</skos:altLabel><skos:altLabel xml:lang="en">Tizzani</skos:altLabel><skos:altLabel xml:lang="en">Vecelli da Cadore</skos:altLabel><skos:altLabel xml:lang="en">Titien Vecelli</skos:altLabel><skos:altLabel xml:lang="en">Ticianello</skos:altLabel><skos:altLabel xml:lang="en">Teriano vecellio</skos:altLabel><skos:altLabel xml:lang="en">Tician</skos:altLabel><skos:altLabel xml:lang="en">Called, Titian Tiziano Vecelli Cavaliere</skos:altLabel><skos:altLabel xml:lang="en">Tizian vecelli</skos:altLabel><skos:altLabel xml:lang="en">Dit Le Titien Titianus Vecellio</skos:altLabel><skos:altLabel xml:lang="en">De Cador Titien de Vecelli</skos:altLabel><skos:altLabel xml:lang="en">Dit le Titien Titiano Vecelli da Cadore</skos:altLabel><skos:altLabel xml:lang="en">Genannt Vecelli Titian</skos:altLabel><skos:altLabel xml:lang="en">Tizano</skos:altLabel><skos:altLabel xml:lang="en">Ttiziano</skos:altLabel><skos:altLabel xml:lang="en">Tizian vecellio</skos:altLabel><skos:altLabel xml:lang="en">Titiani</skos:altLabel><skos:altLabel xml:lang="en">Tiziano veccelli</skos:altLabel><skos:altLabel xml:lang="en">Tiziani</skos:altLabel><skos:altLabel xml:lang="en">Vecelio Ticiano</skos:altLabel><skos:altLabel xml:lang="en">Tiziano Vecelli</skos:altLabel><skos:altLabel xml:lang="en">Tiziano Vecellio</skos:altLabel><skos:altLabel xml:lang="en">Tiziano</skos:altLabel><skos:altLabel xml:lang="en">Titiaen</skos:altLabel><skos:altLabel xml:lang="en">Vecellio Titian</skos:altLabel><skos:altLabel xml:lang="lv">Ticiāns Večellio</skos:altLabel><skos:altLabel xml:lang="hr">Tiziano</skos:altLabel><skos:altLabel xml:lang="hr">Titian</skos:altLabel><skos:altLabel xml:lang="it">Tiziano</skos:altLabel><skos:altLabel xml:lang="fr">Tizian</skos:altLabel><skos:altLabel xml:lang="fr">Le Titien</skos:altLabel><skos:altLabel xml:lang="fr">Tiziano Vecellio</skos:altLabel><skos:altLabel xml:lang="hu">Tiziano</skos:altLabel><skos:altLabel xml:lang="es">Ticciano</skos:altLabel><skos:altLabel xml:lang="es">Tiziano Vecelli</skos:altLabel><skos:altLabel xml:lang="es">Tiziano Vecellio</skos:altLabel><skos:altLabel xml:lang="es">Tiziano Vecellio di Gregorio</skos:altLabel><skos:altLabel xml:lang="et">Tiziano Vecellio</skos:altLabel><skos:altLabel xml:lang="cs">Tiziano Vecelli</skos:altLabel><skos:altLabel xml:lang="cs">Tiziano Vecellio</skos:altLabel><skos:altLabel xml:lang="cs">Titian</skos:altLabel><skos:altLabel xml:lang="cs">Tiziano</skos:altLabel><skos:altLabel xml:lang="sk">Vecellio</skos:altLabel><skos:altLabel xml:lang="sk">Tizian</skos:altLabel><skos:altLabel xml:lang="sl">Titian</skos:altLabel><skos:altLabel xml:lang="pl">Tiziano Vecelli</skos:altLabel><skos:altLabel xml:lang="pl">Tiziano Vecellio</skos:altLabel><skos:altLabel xml:lang="da">Tiziano</skos:altLabel><skos:altLabel xml:lang="da">Tiziano Vecelli</skos:altLabel><skos:altLabel xml:lang="da">Titian</skos:altLabel><skos:altLabel xml:lang="da">Tiziano Vecellio</skos:altLabel><skos:altLabel xml:lang="ro">Tiziano</skos:altLabel><skos:altLabel xml:lang="ro">Tițian</skos:altLabel><skos:altLabel xml:lang="ro">Tiziano Vecello</skos:altLabel><skos:altLabel xml:lang="ro">Tiţian</skos:altLabel><skos:altLabel xml:lang="ro">Tizian</skos:altLabel><skos:altLabel xml:lang="nl">Tiziano Vecelli</skos:altLabel><skos:altLabel xml:lang="nl">Titian</skos:altLabel><skos:altLabel xml:lang="nl">Tiziano Vecellio</skos:altLabel><skos:altLabel xml:lang="nl">Tizian</skos:altLabel><skos:altLabel xml:lang="nl">Tiziano</skos:altLabel><skos:altLabel xml:lang="ca">Tiziano</skos:altLabel><skos:altLabel xml:lang="ca">Tizià</skos:altLabel><skos:altLabel xml:lang="ca">Tiziano Vecellio</skos:altLabel><skos:note xml:lang="de">Führender Vertreter der venezianischen Malerschule des 16. Jahrhunderts und Vertreter eines neuen Farbstils</skos:note><skos:note xml:lang="sv">Italiensk målare</skos:note><skos:note xml:lang="fi">Italialainen renessanssiajan taidemaalari</skos:note><skos:note xml:lang="ru">Итальянский художник</skos:note><skos:note xml:lang="pt">Pintor Renascentista</skos:note><skos:note xml:lang="en">Italian painter (c.1490-1576)</skos:note><skos:note xml:lang="it">Pittore italiano</skos:note><skos:note xml:lang="fr">Peintre vénitien (c.1490-1576)</skos:note><skos:note xml:lang="hu">Reneszánsz olasz festő</skos:note><skos:note xml:lang="es">Pintor italiano del Renacimiento</skos:note><skos:note xml:lang="et">Itaalia maalikunstnik</skos:note><skos:note xml:lang="cs">Italský renesanční malíř</skos:note><skos:note xml:lang="pl">Włoski malarz renesansowy</skos:note><skos:note xml:lang="ro">Pictor italian</skos:note><skos:note xml:lang="ca">Pintor italià</skos:note><skos:note xml:lang="nl">Italiaans kunstschilder</skos:note><edm:hasMet rdf:resource="http://data.europeana.eu/agent/62238"/><edm:hasMet rdf:resource="http://data.europeana.eu/agent/147906"/><edm:hasMet rdf:resource="http://data.europeana.eu/concept/216"/><edm:hasMet rdf:resource="http://data.europeana.eu/concept/106"/><edm:isRelatedTo rdf:resource="http://data.europeana.eu/agent/103571"></edm:isRelatedTo><edm:isRelatedTo rdf:resource="http://data.europeana.eu/agent/8624"></edm:isRelatedTo><rdaGr2:dateOfBirth>1490-01-01</rdaGr2:dateOfBirth><rdaGr2:dateOfDeath>1576-09-06</rdaGr2:dateOfDeath><rdaGr2:placeOfBirth rdf:resource="http://data.europeana.eu/place/150277"></rdaGr2:placeOfBirth><rdaGr2:professionOrOccupation rdf:resource="http://data.europeana.eu/concept/2956"></rdaGr2:professionOrOccupation><rdaGr2:professionOrOccupation rdf:resource="http://data.europeana.eu/concept/47"></rdaGr2:professionOrOccupation><owl:sameAs rdf:resource="http://www.wikidata.org/entity/Q47551"/><owl:sameAs rdf:resource="http://viaf.org/viaf/109266837"/><owl:sameAs rdf:resource="https://d-nb.info/gnd/118622994"/><owl:sameAs rdf:resource="http://id.loc.gov/authorities/names/n79074519"/><owl:sameAs rdf:resource="http://vocab.getty.edu/ulan/500031075"/><owl:sameAs rdf:resource="http://data.bnf.fr/ark:/12148/cb11940043z"/><owl:sameAs rdf:resource="http://www.idref.fr/027336530/id"/><owl:sameAs rdf:resource="http://id.ndl.go.jp/auth/ndlna/00458841"/><owl:sameAs rdf:resource="https://www.freebase.com/m/0144mv"/><owl:sameAs rdf:resource="https://g.co/kg/m/0144mv"/><owl:sameAs rdf:resource="http://openlibrary.org/works/OL55417A"/><owl:sameAs rdf:resource="http://libris.kb.se/resource/auth/97122"/><owl:sameAs rdf:resource="http://datos.bne.es/resource/XX848989"/><owl:sameAs rdf:resource="http://data.bibliotheken.nl/id/thes/p068686897"/><owl:sameAs rdf:resource="http://kulturarvsdata.se/LSH/agents/29292"/><owl:sameAs rdf:resource="http://ta.sandrart.net/-person-19"/><owl:sameAs rdf:resource="http://id.worldcat.org/fast/1851272"/><owl:sameAs rdf:resource="http://nlg.okfn.gr/resource/authority/record133749"/><owl:sameAs rdf:resource="https://libris.kb.se/vs685z9d24k9qjw"/><owl:sameAs rdf:resource="http://dbpedia.org/resource/Titian"/></edm:Agent><skos:Concept rdf:about="http://data.europeana.eu/concept/2728"><skos:prefLabel xml:lang="de">Leinwand</skos:prefLabel><skos:prefLabel xml:lang="fi">Kangas</skos:prefLabel><skos:prefLabel xml:lang="ru">Холст</skos:prefLabel><skos:prefLabel xml:lang="pt">Tela</skos:prefLabel><skos:prefLabel xml:lang="bg">Брезент</skos:prefLabel><skos:prefLabel xml:lang="lt">Drobė</skos:prefLabel><skos:prefLabel xml:lang="lv">Audekls</skos:prefLabel><skos:prefLabel xml:lang="fr">Toile</skos:prefLabel><skos:prefLabel xml:lang="hu">Vászon</skos:prefLabel><skos:prefLabel xml:lang="sk">Plátno</skos:prefLabel><skos:prefLabel xml:lang="sl">Platno</skos:prefLabel><skos:prefLabel xml:lang="ga">Canbhás</skos:prefLabel><skos:prefLabel xml:lang="ca">Llenç</skos:prefLabel><skos:prefLabel xml:lang="sv">Kanvas</skos:prefLabel><skos:prefLabel xml:lang="el">Μουσαμάς</skos:prefLabel><skos:prefLabel xml:lang="en">Canvas</skos:prefLabel><skos:prefLabel xml:lang="it">Canovaccio</skos:prefLabel><skos:prefLabel xml:lang="es">Lienzo</skos:prefLabel><skos:prefLabel xml:lang="et">Lõuend</skos:prefLabel><skos:prefLabel xml:lang="cs">Plátno</skos:prefLabel><skos:prefLabel xml:lang="eu">Mihise</skos:prefLabel><skos:prefLabel xml:lang="pl">Kanwa</skos:prefLabel><skos:prefLabel xml:lang="ro">Pânză</skos:prefLabel><skos:prefLabel xml:lang="da">Lærred</skos:prefLabel><skos:prefLabel xml:lang="nl">Canvas</skos:prefLabel><skos:note xml:lang="de">Material für Leinwände, Segel und Kleidung</skos:note><skos:note xml:lang="sv">Tygmaterial</skos:note><skos:note xml:lang="ru">Плотная ткань</skos:note><skos:note xml:lang="en">Extremely heavy-duty plain-woven fabric</skos:note><skos:note xml:lang="it">Tessuto con armatura in tela, dalla trama larga e grossolana</skos:note><skos:note xml:lang="fr">Pièce de tissu résistante</skos:note><skos:note xml:lang="es">Tela extremadamente resistente utilizada en velas, lonas, mochilas, obras pictóricas...</skos:note><skos:note xml:lang="cs">Druh tkaniny</skos:note><skos:note xml:lang="eu">Iraupen handiko ehuna, bizkar zorroetan, itsasontzietarako beletan, lonetan... erabilia</skos:note><skos:note xml:lang="pl">Rodzaj wyjątkowo wytrzymałej, gładkiej tkaniny używanej w malarstwie olejnym</skos:note><skos:note xml:lang="da">Glat vævede stoffer</skos:note><skos:note xml:lang="ca">Tela que serveix de suport per a treballs pictòrics</skos:note><skos:note xml:lang="nl">Stevig weefsel van hennep, vlas of katoen</skos:note><skos:exactMatch rdf:resource="http://www.wikidata.org/entity/Q4259259"/><skos:exactMatch rdf:resource="https://www.freebase.com/m/0jmpt"/><skos:exactMatch rdf:resource="https://g.co/kg/m/0jmpt"/><skos:exactMatch rdf:resource="http://babelnet.org/rdf/s00015381n"/><skos:exactMatch rdf:resource="http://thesaurus.europeanafashion.eu/thesaurus/10376"/><skos:exactMatch rdf:resource="http://dbpedia.org/resource/Canvas"/></skos:Concept><ore:Aggregation rdf:about="http://data.europeana.eu/aggregation/provider/2021672/resource_document_mauritshuis_343"><edm:aggregatedCHO rdf:resource="http://data.europeana.eu/item/2021672/resource_document_mauritshuis_343"/><edm:dataProvider rdf:resource="http://data.europeana.eu/organization/1482250000004509120"></edm:dataProvider><edm:isShownBy rdf:resource="https://www.mauritshuis.nl/media/ltxnsdgk/0343_repro.jpg"/><edm:provider rdf:resource="http://data.europeana.eu/organization/1482250000004671093"></edm:provider><edm:rights rdf:resource="http://creativecommons.org/publicdomain/mark/1.0/"/></ore:Aggregation><ore:Proxy rdf:about="http://data.europeana.eu/proxy/provider/2021672/resource_document_mauritshuis_343"><dc:creator>Titian</dc:creator><dc:creator>Titiaan</dc:creator><dc:format>213 cm</dc:format><dc:format>157 cm</dc:format><dc:identifier>343</dc:identifier><dc:title xml:lang="nl-NL">Venus met orgelspeler en hond</dc:title><dc:title xml:lang="en-GB">Venus with an Organist and a Dog</dc:title><dc:type xml:lang="nl-NL">schilderij</dc:type><dc:type xml:lang="en-GB">painting</dc:type><dcterms:medium xml:lang="nl-NL">doek</dcterms:medium><dcterms:medium xml:lang="en-GB">canvas</dcterms:medium><edm:europeanaProxy>false</edm:europeanaProxy><ore:proxyFor rdf:resource="http://data.europeana.eu/item/2021672/resource_document_mauritshuis_343"/><ore:proxyIn rdf:resource="http://data.europeana.eu/aggregation/provider/2021672/resource_document_mauritshuis_343"/><edm:type>IMAGE</edm:type></ore:Proxy><ore:Proxy rdf:about="http://data.europeana.eu/proxy/europeana/2021672/resource_document_mauritshuis_343"><dc:creator rdf:resource="http://data.europeana.eu/agent/216"></dc:creator><dc:identifier>resource_document_mauritshuis_343</dc:identifier><dcterms:medium rdf:resource="http://data.europeana.eu/concept/2728"></dcterms:medium><edm:europeanaProxy>true</edm:europeanaProxy><ore:proxyFor rdf:resource="http://data.europeana.eu/item/2021672/resource_document_mauritshuis_343"/><ore:proxyIn rdf:resource="http://data.europeana.eu/aggregation/europeana/2021672/resource_document_mauritshuis_343"/><ore:lineage rdf:resource="http://data.europeana.eu/proxy/provider/2021672/resource_document_mauritshuis_343"/><edm:type>IMAGE</edm:type></ore:Proxy><edm:EuropeanaAggregation rdf:about="http://data.europeana.eu/aggregation/europeana/2021672/resource_document_mauritshuis_343"><edm:aggregatedCHO rdf:resource="http://data.europeana.eu/item/2021672/resource_document_mauritshuis_343"/><edm:datasetName>2021672_Ag_NL_DigitaleCollectie_Mauritshuis</edm:datasetName><edm:country>Netherlands</edm:country><edm:preview rdf:resource="https://www.mauritshuis.nl/media/ltxnsdgk/0343_repro.jpg"/><edm:landingPage rdf:resource="https://www.europeana.eu/item/2021672/resource_document_mauritshuis_343"/><edm:language>nl</edm:language><edm:completeness>0</edm:completeness><dcterms:created>2017-08-02T11:48:22.248Z</dcterms:created><dcterms:modified>2023-02-28T08:45:41.077Z</dcterms:modified><dqv:hasQualityAnnotation rdf:resource="http://data.europeana.eu/item/2021672/resource_document_mauritshuis_343#contentTier"/><dqv:hasQualityAnnotation rdf:resource="http://data.europeana.eu/item/2021672/resource_document_mauritshuis_343#metadataTier"/></edm:EuropeanaAggregation><foaf:Organization rdf:about="http://data.europeana.eu/organization/1482250000004509120"><skos:prefLabel xml:lang="en">Mauritshuis</skos:prefLabel><skos:prefLabel xml:lang="nl">Mauritshuis</skos:prefLabel></foaf:Organization><foaf:Organization rdf:about="http://data.europeana.eu/organization/1482250000004671093"><skos:prefLabel xml:lang="en">Dutch Collections for Europe</skos:prefLabel></foaf:Organization><dqv:QualityAnnotation rdf:about="http://data.europeana.eu/item/2021672/resource_document_mauritshuis_343#contentTier"><dcterms:created>2023-02-28T08:46:08.608104Z</dcterms:created><oa:hasTarget rdf:resource="http://data.europeana.eu/aggregation/provider/2021672/resource_document_mauritshuis_343"/><oa:hasBody rdf:resource="http://www.europeana.eu/schemas/epf/contentTier4"/></dqv:QualityAnnotation><dqv:QualityAnnotation rdf:about="http://data.europeana.eu/item/2021672/resource_document_mauritshuis_343#metadataTier"><dcterms:created>2023-02-28T08:46:08.608139Z</dcterms:created><oa:hasTarget rdf:resource="http://data.europeana.eu/aggregation/provider/2021672/resource_document_mauritshuis_343"/><oa:hasBody rdf:resource="http://www.europeana.eu/schemas/epf/metadataTierA"/></dqv:QualityAnnotation></rdf:RDF>