<?xml version="1.0" encoding="UTF-8" standalone="yes"?><rdf:RDF xmlns:rdf="http://www.w3.org/1999/02/22-rdf-syntax-ns#" xmlns:dc="http://purl.org/dc/elements/1.1/" xmlns:dcterms="http://purl.org/dc/terms/" xmlns:edm="http://www.europeana.eu/schemas/edm/" xmlns:owl="http://www.w3.org/2002/07/owl#" xmlns:wgs84_pos="http://www.w3.org/2003/01/geo/wgs84_pos#" xmlns:skos="http://www.w3.org/2004/02/skos/core#" xmlns:rdaGr2="http://rdvocab.info/ElementsGr2/" xmlns:foaf="http://xmlns.com/foaf/0.1/" xmlns:ebucore="http://www.ebu.ch/metadata/ontologies/ebucore/ebucore#" xmlns:doap="http://usefulinc.com/ns/doap#" xmlns:odrl="http://www.w3.org/ns/odrl/2/" xmlns:cc="http://creativecommons.org/ns#" xmlns:ore="http://www.openarchives.org/ore/terms/" xmlns:svcs="http://rdfs.org/sioc/services#" xmlns:oa="http://www.w3.org/ns/oa#" xmlns:dqv="http://www.w3.org/ns/dqv#"><edm:ProvidedCHO rdf:about="http://data.europeana.eu/item/2021672/resource_document_mauritshuis_1109"/><edm:WebResource rdf:about="https://www.mauritshuis.nl/media/sthmoav4/1109_repro.jpg"><ebucore:hasMimeType>image/jpeg</ebucore:hasMimeType><ebucore:fileByteSize rdf:datatype="http://www.w3.org/2001/XMLSchema#long">9003522</ebucore:fileByteSize><ebucore:width rdf:datatype="http://www.w3.org/2001/XMLSchema#integer">6000</ebucore:width><ebucore:height rdf:datatype="http://www.w3.org/2001/XMLSchema#integer">5907</ebucore:height><edm:hasColorSpace>sRGB</edm:hasColorSpace><edm:componentColor rdf:datatype="http://www.w3.org/2001/XMLSchema#hexBinary">#A52A2A</edm:componentColor><edm:componentColor rdf:datatype="http://www.w3.org/2001/XMLSchema#hexBinary">#800000</edm:componentColor><edm:componentColor rdf:datatype="http://www.w3.org/2001/XMLSchema#hexBinary">#F5F5F5</edm:componentColor><edm:componentColor rdf:datatype="http://www.w3.org/2001/XMLSchema#hexBinary">#DCDCDC</edm:componentColor><edm:componentColor rdf:datatype="http://www.w3.org/2001/XMLSchema#hexBinary">#000000</edm:componentColor><edm:componentColor rdf:datatype="http://www.w3.org/2001/XMLSchema#hexBinary">#A9A9A9</edm:componentColor><ebucore:orientation rdf:datatype="http://www.w3.org/2001/XMLSchema#string">landscape</ebucore:orientation></edm:WebResource><edm:TimeSpan rdf:about="http://data.europeana.eu/timespan/16"><skos:prefLabel xml:lang="de">16. Jahrhundert</skos:prefLabel><skos:prefLabel xml:lang="fi">1500-luku</skos:prefLabel><skos:prefLabel xml:lang="ru">XVI век</skos:prefLabel><skos:prefLabel xml:lang="pt">Século XVI</skos:prefLabel><skos:prefLabel xml:lang="bg">16 век</skos:prefLabel><skos:prefLabel xml:lang="lt">XVI amžius</skos:prefLabel><skos:prefLabel xml:lang="lv">16. gadsimts</skos:prefLabel><skos:prefLabel xml:lang="hr">16. stoljeće</skos:prefLabel><skos:prefLabel xml:lang="fr">XVIe siècle</skos:prefLabel><skos:prefLabel xml:lang="hu">16. század</skos:prefLabel><skos:prefLabel xml:lang="sk">16. storočie</skos:prefLabel><skos:prefLabel xml:lang="sl">16. stoletje</skos:prefLabel><skos:prefLabel xml:lang="ga">16ú haois</skos:prefLabel><skos:prefLabel xml:lang="ca">Segle XVI</skos:prefLabel><skos:prefLabel xml:lang="sv">1500-talet</skos:prefLabel><skos:prefLabel xml:lang="el">16ος αιώνας</skos:prefLabel><skos:prefLabel xml:lang="en">16th century</skos:prefLabel><skos:prefLabel xml:lang="it">XVI secolo</skos:prefLabel><skos:prefLabel xml:lang="es">Siglo XVI</skos:prefLabel><skos:prefLabel xml:lang="et">16. sajand</skos:prefLabel><skos:prefLabel xml:lang="eu">XVI. mendea</skos:prefLabel><skos:prefLabel xml:lang="cs">16. století</skos:prefLabel><skos:prefLabel xml:lang="pl">XVI wiek</skos:prefLabel><skos:prefLabel xml:lang="ro">Secolul al XVI-lea</skos:prefLabel><skos:prefLabel xml:lang="da">16. århundrede</skos:prefLabel><skos:prefLabel xml:lang="nl">16e eeuw</skos:prefLabel><skos:altLabel xml:lang="sv">1500-tal</skos:altLabel><skos:altLabel xml:lang="sv">16:e århundradet</skos:altLabel><skos:altLabel xml:lang="sv">16:e seklet</skos:altLabel><skos:altLabel xml:lang="sv">1500-talet (århundrade)</skos:altLabel><skos:altLabel xml:lang="sv">1500-talet (sekel)</skos:altLabel><skos:altLabel xml:lang="ru">16 век</skos:altLabel><skos:altLabel xml:lang="en">16th-century</skos:altLabel><skos:altLabel xml:lang="en">16th-century</skos:altLabel><skos:altLabel xml:lang="it">Cinquecento</skos:altLabel><skos:altLabel xml:lang="it">16° secolo</skos:altLabel><skos:altLabel xml:lang="it">Secolo XVI</skos:altLabel><skos:altLabel xml:lang="it">Cinquecento</skos:altLabel><skos:altLabel xml:lang="it">XVI Secolo</skos:altLabel><skos:altLabel xml:lang="it">Sedicesimo secolo</skos:altLabel><skos:altLabel xml:lang="it">'500</skos:altLabel><skos:altLabel xml:lang="fr">16e siècle</skos:altLabel><edm:begin>1501-01-11</edm:begin><edm:end>1600-12-31</edm:end><owl:sameAs rdf:resource="http://www.wikidata.org/entity/Q7017"/><owl:sameAs rdf:resource="http://id.loc.gov/authorities/names/sh85123070"/><owl:sameAs rdf:resource="http://id.nlm.nih.gov/mesh/D049669"/><owl:sameAs rdf:resource="https://www.freebase.com/m/08b23"/><owl:sameAs rdf:resource="https://g.co/kg/m/08b23"/><owl:sameAs rdf:resource="http://vocab.getty.edu/aat/300404510"/><owl:sameAs rdf:resource="http://babelnet.org/rdf/s02814512n"/><owl:sameAs rdf:resource="http://dbpedia.org/resource/16th_century"/></edm:TimeSpan><edm:TimeSpan rdf:about="#1597%2F1597"><skos:prefLabel xml:lang="zxx">1597/1597</skos:prefLabel><dcterms:isPartOf rdf:resource="http://data.europeana.eu/timespan/16"></dcterms:isPartOf><edm:begin>1597-01-01</edm:begin><edm:end>1597-12-31</edm:end></edm:TimeSpan><ore:Aggregation rdf:about="http://data.europeana.eu/aggregation/provider/2021672/resource_document_mauritshuis_1109"><edm:aggregatedCHO rdf:resource="http://data.europeana.eu/item/2021672/resource_document_mauritshuis_1109"/><edm:dataProvider rdf:resource="http://data.europeana.eu/organization/1482250000004509120"></edm:dataProvider><edm:isShownBy rdf:resource="https://www.mauritshuis.nl/media/sthmoav4/1109_repro.jpg"/><edm:provider rdf:resource="http://data.europeana.eu/organization/1482250000004671093"></edm:provider><edm:rights rdf:resource="http://creativecommons.org/publicdomain/mark/1.0/"/></ore:Aggregation><ore:Proxy rdf:about="http://data.europeana.eu/proxy/provider/2021672/resource_document_mauritshuis_1109"><dc:creator>Pieter Pietersz</dc:creator><dc:date>1597 - 1597</dc:date><dc:format>42 cm</dc:format><dc:identifier>1109</dc:identifier><dc:title xml:lang="nl-NL">Portret van een vrouw</dc:title><dc:title xml:lang="en-GB">Portrait of a Woman</dc:title><dc:type xml:lang="nl-NL">schilderij</dc:type><dc:type xml:lang="en-GB">painting</dc:type><dcterms:medium xml:lang="nl-NL">paneel</dcterms:medium><dcterms:medium xml:lang="en-GB">panel</dcterms:medium><edm:europeanaProxy>false</edm:europeanaProxy><ore:proxyFor rdf:resource="http://data.europeana.eu/item/2021672/resource_document_mauritshuis_1109"/><ore:proxyIn rdf:resource="http://data.europeana.eu/aggregation/provider/2021672/resource_document_mauritshuis_1109"/><edm:type>IMAGE</edm:type></ore:Proxy><ore:Proxy rdf:about="http://data.europeana.eu/proxy/europeana/2021672/resource_document_mauritshuis_1109"><dc:date rdf:resource="#1597%2F1597"></dc:date><dc:date rdf:resource="#1597%2F1597"></dc:date><dc:identifier>resource_document_mauritshuis_1109</dc:identifier><edm:europeanaProxy>true</edm:europeanaProxy><ore:proxyFor rdf:resource="http://data.europeana.eu/item/2021672/resource_document_mauritshuis_1109"/><ore:proxyIn rdf:resource="http://data.europeana.eu/aggregation/europeana/2021672/resource_document_mauritshuis_1109"/><ore:lineage rdf:resource="http://data.europeana.eu/proxy/provider/2021672/resource_document_mauritshuis_1109"/><edm:type>IMAGE</edm:type></ore:Proxy><edm:EuropeanaAggregation rdf:about="http://data.europeana.eu/aggregation/europeana/2021672/resource_document_mauritshuis_1109"><edm:aggregatedCHO rdf:resource="http://data.europeana.eu/item/2021672/resource_document_mauritshuis_1109"/><edm:datasetName>2021672_Ag_NL_DigitaleCollectie_Mauritshuis</edm:datasetName><edm:country>Netherlands</edm:country><edm:preview rdf:resource="https://www.mauritshuis.nl/media/sthmoav4/1109_repro.jpg"/><edm:landingPage rdf:resource="https://www.europeana.eu/item/2021672/resource_document_mauritshuis_1109"/><edm:language>nl</edm:language><edm:completeness>0</edm:completeness><dcterms:created>2017-08-02T11:48:17.116Z</dcterms:created><dcterms:modified>2023-02-28T08:45:41.077Z</dcterms:modified><dqv:hasQualityAnnotation rdf:resource="http://data.europeana.eu/item/2021672/resource_document_mauritshuis_1109#contentTier"/><dqv:hasQualityAnnotation rdf:resource="http://data.europeana.eu/item/2021672/resource_document_mauritshuis_1109#metadataTier"/></edm:EuropeanaAggregation><foaf:Organization rdf:about="http://data.europeana.eu/organization/1482250000004509120"><skos:prefLabel xml:lang="en">Mauritshuis</skos:prefLabel><skos:prefLabel xml:lang="nl">Mauritshuis</skos:prefLabel></foaf:Organization><foaf:Organization rdf:about="http://data.europeana.eu/organization/1482250000004671093"><skos:prefLabel xml:lang="en">Dutch Collections for Europe</skos:prefLabel></foaf:Organization><dqv:QualityAnnotation rdf:about="http://data.europeana.eu/item/2021672/resource_document_mauritshuis_1109#contentTier"><dcterms:created>2023-02-28T08:45:44.792488Z</dcterms:created><oa:hasTarget rdf:resource="http://data.europeana.eu/aggregation/provider/2021672/resource_document_mauritshuis_1109"/><oa:hasBody rdf:resource="http://www.europeana.eu/schemas/epf/contentTier4"/></dqv:QualityAnnotation><dqv:QualityAnnotation rdf:about="http://data.europeana.eu/item/2021672/resource_document_mauritshuis_1109#metadataTier"><dcterms:created>2023-02-28T08:45:44.792518Z</dcterms:created><oa:hasTarget rdf:resource="http://data.europeana.eu/aggregation/provider/2021672/resource_document_mauritshuis_1109"/><oa:hasBody rdf:resource="http://www.europeana.eu/schemas/epf/metadataTierA"/></dqv:QualityAnnotation></rdf:RDF>