<?xml version="1.0" encoding="UTF-8" standalone="yes"?><rdf:RDF xmlns:rdf="http://www.w3.org/1999/02/22-rdf-syntax-ns#" xmlns:dc="http://purl.org/dc/elements/1.1/" xmlns:dcterms="http://purl.org/dc/terms/" xmlns:edm="http://www.europeana.eu/schemas/edm/" xmlns:owl="http://www.w3.org/2002/07/owl#" xmlns:wgs84_pos="http://www.w3.org/2003/01/geo/wgs84_pos#" xmlns:skos="http://www.w3.org/2004/02/skos/core#" xmlns:rdaGr2="http://rdvocab.info/ElementsGr2/" xmlns:foaf="http://xmlns.com/foaf/0.1/" xmlns:ebucore="http://www.ebu.ch/metadata/ontologies/ebucore/ebucore#" xmlns:doap="http://usefulinc.com/ns/doap#" xmlns:odrl="http://www.w3.org/ns/odrl/2/" xmlns:cc="http://creativecommons.org/ns#" xmlns:ore="http://www.openarchives.org/ore/terms/" xmlns:svcs="http://rdfs.org/sioc/services#" xmlns:oa="http://www.w3.org/ns/oa#" xmlns:dqv="http://www.w3.org/ns/dqv#"><edm:ProvidedCHO rdf:about="http://data.europeana.eu/item/2021672/resource_document_mauritshuis_1055"/><edm:WebResource rdf:about="https://www.mauritshuis.nl/media/rahfrstf/1055_repro.jpg"><ebucore:hasMimeType>image/jpeg</ebucore:hasMimeType><ebucore:fileByteSize rdf:datatype="http://www.w3.org/2001/XMLSchema#long">7429655</ebucore:fileByteSize><ebucore:width rdf:datatype="http://www.w3.org/2001/XMLSchema#integer">6000</ebucore:width><ebucore:height rdf:datatype="http://www.w3.org/2001/XMLSchema#integer">4668</ebucore:height><edm:hasColorSpace>sRGB</edm:hasColorSpace><edm:componentColor rdf:datatype="http://www.w3.org/2001/XMLSchema#hexBinary">#F4A460</edm:componentColor><edm:componentColor rdf:datatype="http://www.w3.org/2001/XMLSchema#hexBinary">#BDB76B</edm:componentColor><edm:componentColor rdf:datatype="http://www.w3.org/2001/XMLSchema#hexBinary">#B22222</edm:componentColor><edm:componentColor rdf:datatype="http://www.w3.org/2001/XMLSchema#hexBinary">#CD853F</edm:componentColor><edm:componentColor rdf:datatype="http://www.w3.org/2001/XMLSchema#hexBinary">#000000</edm:componentColor><edm:componentColor rdf:datatype="http://www.w3.org/2001/XMLSchema#hexBinary">#B8860B</edm:componentColor><ebucore:orientation rdf:datatype="http://www.w3.org/2001/XMLSchema#string">landscape</ebucore:orientation></edm:WebResource><edm:TimeSpan rdf:about="http://data.europeana.eu/timespan/19"><skos:prefLabel xml:lang="de">19. Jahrhundert</skos:prefLabel><skos:prefLabel xml:lang="ru">XIX век</skos:prefLabel><skos:prefLabel xml:lang="fi">1800-luku</skos:prefLabel><skos:prefLabel xml:lang="pt">Século XIX</skos:prefLabel><skos:prefLabel xml:lang="bg">19 век</skos:prefLabel><skos:prefLabel xml:lang="lt">XIX amžius</skos:prefLabel><skos:prefLabel xml:lang="lv">19. gadsimts</skos:prefLabel><skos:prefLabel xml:lang="hr">19. stoljeće</skos:prefLabel><skos:prefLabel xml:lang="fr">XIXᵉ siècle</skos:prefLabel><skos:prefLabel xml:lang="hu">19. század</skos:prefLabel><skos:prefLabel xml:lang="sk">19. storočie</skos:prefLabel><skos:prefLabel xml:lang="sl">19. stoletje</skos:prefLabel><skos:prefLabel xml:lang="ga">19ú haois</skos:prefLabel><skos:prefLabel xml:lang="ca">Segle XIX</skos:prefLabel><skos:prefLabel xml:lang="sv">1800-talet</skos:prefLabel><skos:prefLabel xml:lang="el">19ος αιώνας</skos:prefLabel><skos:prefLabel xml:lang="en">19th century</skos:prefLabel><skos:prefLabel xml:lang="it">XIX secolo</skos:prefLabel><skos:prefLabel xml:lang="es">Siglo XIX</skos:prefLabel><skos:prefLabel xml:lang="et">19. sajand</skos:prefLabel><skos:prefLabel xml:lang="eu">XIX. mendea</skos:prefLabel><skos:prefLabel xml:lang="cs">19. století</skos:prefLabel><skos:prefLabel xml:lang="pl">XIX wiek</skos:prefLabel><skos:prefLabel xml:lang="ro">Secolul al XIX-lea</skos:prefLabel><skos:prefLabel xml:lang="da">19. århundrede</skos:prefLabel><skos:prefLabel xml:lang="nl">19e eeuw</skos:prefLabel><skos:altLabel xml:lang="ru">19 век</skos:altLabel><skos:altLabel xml:lang="sv">19:e århundradet</skos:altLabel><skos:altLabel xml:lang="sv">19:e seklet</skos:altLabel><skos:altLabel xml:lang="sv">1800-tal</skos:altLabel><skos:altLabel xml:lang="sv">1800-talet (århundrade)</skos:altLabel><skos:altLabel xml:lang="sv">1800-talet (sekel)</skos:altLabel><skos:altLabel xml:lang="en">19th-century</skos:altLabel><skos:altLabel xml:lang="en">19th-century</skos:altLabel><skos:altLabel xml:lang="en">Nineteenth century</skos:altLabel><skos:altLabel xml:lang="en">19. century</skos:altLabel><skos:altLabel xml:lang="en">XIX Century</skos:altLabel><skos:altLabel xml:lang="it">Ottocento</skos:altLabel><skos:altLabel xml:lang="it">19° secolo</skos:altLabel><skos:altLabel xml:lang="it">Secolo XIX</skos:altLabel><skos:altLabel xml:lang="it">XIX Secolo</skos:altLabel><skos:altLabel xml:lang="it">19esimo secolo</skos:altLabel><skos:altLabel xml:lang="it">Diciannovesimo secolo</skos:altLabel><skos:altLabel xml:lang="it">'800</skos:altLabel><skos:altLabel xml:lang="it">Ottocento</skos:altLabel><skos:altLabel xml:lang="fr">19e siècle</skos:altLabel><skos:altLabel xml:lang="fr">XIXe siècle</skos:altLabel><skos:altLabel xml:lang="da">1800-tallet</skos:altLabel><skos:altLabel xml:lang="ca">XIX</skos:altLabel><skos:altLabel xml:lang="ca">Segle dinou</skos:altLabel><skos:altLabel xml:lang="ca">Segle 19</skos:altLabel><skos:altLabel xml:lang="es">19. siglo</skos:altLabel><skos:altLabel xml:lang="es">Siglo 19</skos:altLabel><skos:altLabel xml:lang="es">Siglo diecinueve</skos:altLabel><edm:begin>1801-01-01</edm:begin><edm:end>1900-01-01</edm:end><owl:sameAs rdf:resource="http://www.wikidata.org/entity/Q6955"/><owl:sameAs rdf:resource="http://id.loc.gov/authorities/names/sh2002012475"/><owl:sameAs rdf:resource="http://id.loc.gov/authorities/names/sh85091984"/><owl:sameAs rdf:resource="http://id.nlm.nih.gov/mesh/D049672"/><owl:sameAs rdf:resource="https://www.freebase.com/m/08b3m"/><owl:sameAs rdf:resource="https://g.co/kg/m/08b3m"/><owl:sameAs rdf:resource="http://datos.bne.es/resource/XX4343988"/><owl:sameAs rdf:resource="http://vocab.getty.edu/aat/300404513"/><owl:sameAs rdf:resource="http://babelnet.org/rdf/s02210346n"/><owl:sameAs rdf:resource="http://dbpedia.org/resource/19th_century"/></edm:TimeSpan><edm:TimeSpan rdf:about="#1884%2F1884"><skos:prefLabel xml:lang="zxx">1884/1884</skos:prefLabel><dcterms:isPartOf rdf:resource="http://data.europeana.eu/timespan/19"></dcterms:isPartOf><edm:begin>1884-01-01</edm:begin><edm:end>1884-12-31</edm:end></edm:TimeSpan><ore:Aggregation rdf:about="http://data.europeana.eu/aggregation/provider/2021672/resource_document_mauritshuis_1055"><edm:aggregatedCHO rdf:resource="http://data.europeana.eu/item/2021672/resource_document_mauritshuis_1055"/><edm:dataProvider rdf:resource="http://data.europeana.eu/organization/1482250000004509120"></edm:dataProvider><edm:isShownBy rdf:resource="https://www.mauritshuis.nl/media/rahfrstf/1055_repro.jpg"/><edm:provider rdf:resource="http://data.europeana.eu/organization/1482250000004671093"></edm:provider><edm:rights rdf:resource="http://creativecommons.org/publicdomain/mark/1.0/"/></ore:Aggregation><ore:Proxy rdf:about="http://data.europeana.eu/proxy/europeana/2021672/resource_document_mauritshuis_1055"><dc:date rdf:resource="#1884%2F1884"></dc:date><dc:date rdf:resource="#1884%2F1884"></dc:date><dc:identifier>resource_document_mauritshuis_1055</dc:identifier><edm:europeanaProxy>true</edm:europeanaProxy><ore:proxyFor rdf:resource="http://data.europeana.eu/item/2021672/resource_document_mauritshuis_1055"/><ore:proxyIn rdf:resource="http://data.europeana.eu/aggregation/europeana/2021672/resource_document_mauritshuis_1055"/><ore:lineage rdf:resource="http://data.europeana.eu/proxy/provider/2021672/resource_document_mauritshuis_1055"/><edm:type>IMAGE</edm:type></ore:Proxy><ore:Proxy rdf:about="http://data.europeana.eu/proxy/provider/2021672/resource_document_mauritshuis_1055"><dc:creator>Antoon François Heijligers</dc:creator><dc:date>1884 - 1884</dc:date><dc:format>47 cm</dc:format><dc:format>59 cm</dc:format><dc:identifier>1055</dc:identifier><dc:title xml:lang="nl-NL">Interieur van de Rembrandtzaal in het Mauritshuis in 1884</dc:title><dc:title xml:lang="en-GB">Interior of the Rembrandt Room in the Mauritshuis in 1884</dc:title><dc:type xml:lang="nl-NL">schilderij</dc:type><dc:type xml:lang="en-GB">painting</dc:type><dcterms:medium xml:lang="nl-NL">paneel</dcterms:medium><dcterms:medium xml:lang="en-GB">panel</dcterms:medium><edm:europeanaProxy>false</edm:europeanaProxy><ore:proxyFor rdf:resource="http://data.europeana.eu/item/2021672/resource_document_mauritshuis_1055"/><ore:proxyIn rdf:resource="http://data.europeana.eu/aggregation/provider/2021672/resource_document_mauritshuis_1055"/><edm:type>IMAGE</edm:type></ore:Proxy><edm:EuropeanaAggregation rdf:about="http://data.europeana.eu/aggregation/europeana/2021672/resource_document_mauritshuis_1055"><edm:aggregatedCHO rdf:resource="http://data.europeana.eu/item/2021672/resource_document_mauritshuis_1055"/><edm:datasetName>2021672_Ag_NL_DigitaleCollectie_Mauritshuis</edm:datasetName><edm:country>Netherlands</edm:country><edm:preview rdf:resource="https://www.mauritshuis.nl/media/rahfrstf/1055_repro.jpg"/><edm:landingPage rdf:resource="https://www.europeana.eu/item/2021672/resource_document_mauritshuis_1055"/><edm:language>nl</edm:language><edm:completeness>0</edm:completeness><dcterms:created>2017-08-02T11:48:16.806Z</dcterms:created><dcterms:modified>2023-02-28T08:45:41.077Z</dcterms:modified><dqv:hasQualityAnnotation rdf:resource="http://data.europeana.eu/item/2021672/resource_document_mauritshuis_1055#contentTier"/><dqv:hasQualityAnnotation rdf:resource="http://data.europeana.eu/item/2021672/resource_document_mauritshuis_1055#metadataTier"/></edm:EuropeanaAggregation><foaf:Organization rdf:about="http://data.europeana.eu/organization/1482250000004509120"><skos:prefLabel xml:lang="en">Mauritshuis</skos:prefLabel><skos:prefLabel xml:lang="nl">Mauritshuis</skos:prefLabel></foaf:Organization><foaf:Organization rdf:about="http://data.europeana.eu/organization/1482250000004671093"><skos:prefLabel xml:lang="en">Dutch Collections for Europe</skos:prefLabel></foaf:Organization><dqv:QualityAnnotation rdf:about="http://data.europeana.eu/item/2021672/resource_document_mauritshuis_1055#contentTier"><dcterms:created>2023-02-28T08:46:32.186549Z</dcterms:created><oa:hasTarget rdf:resource="http://data.europeana.eu/aggregation/provider/2021672/resource_document_mauritshuis_1055"/><oa:hasBody rdf:resource="http://www.europeana.eu/schemas/epf/contentTier4"/></dqv:QualityAnnotation><dqv:QualityAnnotation rdf:about="http://data.europeana.eu/item/2021672/resource_document_mauritshuis_1055#metadataTier"><dcterms:created>2023-02-28T08:46:32.186580Z</dcterms:created><oa:hasTarget rdf:resource="http://data.europeana.eu/aggregation/provider/2021672/resource_document_mauritshuis_1055"/><oa:hasBody rdf:resource="http://www.europeana.eu/schemas/epf/metadataTierA"/></dqv:QualityAnnotation></rdf:RDF>