<?xml version="1.0" encoding="UTF-8" standalone="yes"?><rdf:RDF xmlns:rdf="http://www.w3.org/1999/02/22-rdf-syntax-ns#" xmlns:dc="http://purl.org/dc/elements/1.1/" xmlns:dcterms="http://purl.org/dc/terms/" xmlns:edm="http://www.europeana.eu/schemas/edm/" xmlns:owl="http://www.w3.org/2002/07/owl#" xmlns:wgs84_pos="http://www.w3.org/2003/01/geo/wgs84_pos#" xmlns:skos="http://www.w3.org/2004/02/skos/core#" xmlns:rdaGr2="http://rdvocab.info/ElementsGr2/" xmlns:foaf="http://xmlns.com/foaf/0.1/" xmlns:ebucore="http://www.ebu.ch/metadata/ontologies/ebucore/ebucore#" xmlns:doap="http://usefulinc.com/ns/doap#" xmlns:odrl="http://www.w3.org/ns/odrl/2/" xmlns:cc="http://creativecommons.org/ns#" xmlns:ore="http://www.openarchives.org/ore/terms/" xmlns:svcs="http://rdfs.org/sioc/services#" xmlns:oa="http://www.w3.org/ns/oa#" xmlns:dqv="http://www.w3.org/ns/dqv#"><edm:ProvidedCHO rdf:about="http://data.europeana.eu/item/2021672/resource_document_mauritshuis_369"/><edm:WebResource rdf:about="https://www.mauritshuis.nl/media/34vdi1ny/369.jpg"><ebucore:hasMimeType>image/jpeg</ebucore:hasMimeType><ebucore:fileByteSize rdf:datatype="http://www.w3.org/2001/XMLSchema#long">303953</ebucore:fileByteSize><ebucore:width rdf:datatype="http://www.w3.org/2001/XMLSchema#integer">1600</ebucore:width><ebucore:height rdf:datatype="http://www.w3.org/2001/XMLSchema#integer">1600</ebucore:height><edm:hasColorSpace>sRGB</edm:hasColorSpace><edm:componentColor rdf:datatype="http://www.w3.org/2001/XMLSchema#hexBinary">#BC8F8F</edm:componentColor><edm:componentColor rdf:datatype="http://www.w3.org/2001/XMLSchema#hexBinary">#800000</edm:componentColor><edm:componentColor rdf:datatype="http://www.w3.org/2001/XMLSchema#hexBinary">#8B4513</edm:componentColor><edm:componentColor rdf:datatype="http://www.w3.org/2001/XMLSchema#hexBinary">#2F4F4F</edm:componentColor><edm:componentColor rdf:datatype="http://www.w3.org/2001/XMLSchema#hexBinary">#6B8E23</edm:componentColor><edm:componentColor rdf:datatype="http://www.w3.org/2001/XMLSchema#hexBinary">#BDB76B</edm:componentColor><ebucore:orientation rdf:datatype="http://www.w3.org/2001/XMLSchema#string">portrait</ebucore:orientation></edm:WebResource><edm:TimeSpan rdf:about="http://data.europeana.eu/timespan/17"><skos:prefLabel xml:lang="de">17. Jahrhundert</skos:prefLabel><skos:prefLabel xml:lang="ru">XVII век</skos:prefLabel><skos:prefLabel xml:lang="fi">1600-luku</skos:prefLabel><skos:prefLabel xml:lang="pt">Século XVII</skos:prefLabel><skos:prefLabel xml:lang="bg">17 век</skos:prefLabel><skos:prefLabel xml:lang="lt">XVII amžius</skos:prefLabel><skos:prefLabel xml:lang="lv">17. gadsimts</skos:prefLabel><skos:prefLabel xml:lang="hr">17. stoljeće</skos:prefLabel><skos:prefLabel xml:lang="fr">XVIIe siècle</skos:prefLabel><skos:prefLabel xml:lang="hu">17. század</skos:prefLabel><skos:prefLabel xml:lang="sk">17. storočie</skos:prefLabel><skos:prefLabel xml:lang="sl">17. stoletje</skos:prefLabel><skos:prefLabel xml:lang="ga">17ú haois</skos:prefLabel><skos:prefLabel xml:lang="ca">Segle XVII</skos:prefLabel><skos:prefLabel xml:lang="sv">1600-talet</skos:prefLabel><skos:prefLabel xml:lang="mt">Seklu XVII</skos:prefLabel><skos:prefLabel xml:lang="el">17ος αιώνας</skos:prefLabel><skos:prefLabel xml:lang="en">17th century</skos:prefLabel><skos:prefLabel xml:lang="it">XVII secolo</skos:prefLabel><skos:prefLabel xml:lang="es">Siglo XVII</skos:prefLabel><skos:prefLabel xml:lang="et">17. sajand</skos:prefLabel><skos:prefLabel xml:lang="eu">XVII. mendea</skos:prefLabel><skos:prefLabel xml:lang="cs">17. století</skos:prefLabel><skos:prefLabel xml:lang="pl">XVII wiek</skos:prefLabel><skos:prefLabel xml:lang="ro">Secolul al XVII-lea</skos:prefLabel><skos:prefLabel xml:lang="da">17. århundrede</skos:prefLabel><skos:prefLabel xml:lang="nl">17e eeuw</skos:prefLabel><skos:altLabel xml:lang="sv">1600-tal</skos:altLabel><skos:altLabel xml:lang="sv">17:e århundradet</skos:altLabel><skos:altLabel xml:lang="sv">17:e seklet</skos:altLabel><skos:altLabel xml:lang="sv">1600-talet (århundrade)</skos:altLabel><skos:altLabel xml:lang="sv">1600-talet (sekel)</skos:altLabel><skos:altLabel xml:lang="ru">17 век</skos:altLabel><skos:altLabel xml:lang="mt">Seklu 17</skos:altLabel><skos:altLabel xml:lang="en">17th-century</skos:altLabel><skos:altLabel xml:lang="en">17th-century</skos:altLabel><skos:altLabel xml:lang="en">History, 17th Century</skos:altLabel><skos:altLabel xml:lang="it">Seicento</skos:altLabel><skos:altLabel xml:lang="it">17° secolo</skos:altLabel><skos:altLabel xml:lang="it">Secolo XVII</skos:altLabel><skos:altLabel xml:lang="it">XVII Secolo</skos:altLabel><skos:altLabel xml:lang="it">Diciassettesimo secolo</skos:altLabel><skos:altLabel xml:lang="it">'600</skos:altLabel><skos:altLabel xml:lang="it">17º secolo</skos:altLabel><skos:altLabel xml:lang="it">Seicento</skos:altLabel><skos:altLabel xml:lang="fr">17e siècle</skos:altLabel><edm:begin>1601-01-01</edm:begin><edm:end>1700-12-31</edm:end><owl:sameAs rdf:resource="http://www.wikidata.org/entity/Q7016"/><owl:sameAs rdf:resource="http://id.loc.gov/authorities/names/sh85120427"/><owl:sameAs rdf:resource="http://data.bnf.fr/ark:/12148/cb120419182"/><owl:sameAs rdf:resource="http://id.nlm.nih.gov/mesh/D049670"/><owl:sameAs rdf:resource="https://www.freebase.com/m/08b2m"/><owl:sameAs rdf:resource="https://g.co/kg/m/08b2m"/><owl:sameAs rdf:resource="http://id.nlm.nih.gov/mesh/K01.400.504.750"/><owl:sameAs rdf:resource="http://vocab.getty.edu/aat/300404511"/><owl:sameAs rdf:resource="http://babelnet.org/rdf/s02814624n"/><owl:sameAs rdf:resource="http://dbpedia.org/resource/17th_century"/></edm:TimeSpan><edm:TimeSpan rdf:about="#1677%2F1677"><skos:prefLabel xml:lang="zxx">1677/1677</skos:prefLabel><dcterms:isPartOf rdf:resource="http://data.europeana.eu/timespan/17"></dcterms:isPartOf><edm:begin>1677-01-01</edm:begin><edm:end>1677-12-31</edm:end></edm:TimeSpan><skos:Concept rdf:about="http://data.europeana.eu/concept/51"><skos:prefLabel xml:lang="de">Bildhauerkunst</skos:prefLabel><skos:prefLabel xml:lang="ru">Скульптура</skos:prefLabel><skos:prefLabel xml:lang="fi">Kuvanveisto</skos:prefLabel><skos:prefLabel xml:lang="pt">Escultura</skos:prefLabel><skos:prefLabel xml:lang="bg">Скулптура</skos:prefLabel><skos:prefLabel xml:lang="lt">Skulptūra</skos:prefLabel><skos:prefLabel xml:lang="lv">Tēlniecība</skos:prefLabel><skos:prefLabel xml:lang="hr">Kiparstvo</skos:prefLabel><skos:prefLabel xml:lang="fr">Sculpture</skos:prefLabel><skos:prefLabel xml:lang="hu">Szobrászat</skos:prefLabel><skos:prefLabel xml:lang="sk">Sochárstvo</skos:prefLabel><skos:prefLabel xml:lang="sl">Kiparstvo</skos:prefLabel><skos:prefLabel xml:lang="ga">Dealbhóireacht</skos:prefLabel><skos:prefLabel xml:lang="ca">Escultura</skos:prefLabel><skos:prefLabel xml:lang="sv">Bildhuggeri</skos:prefLabel><skos:prefLabel xml:lang="mt">Skultura</skos:prefLabel><skos:prefLabel xml:lang="el">Γλυπτική</skos:prefLabel><skos:prefLabel xml:lang="en">Art of sculpture</skos:prefLabel><skos:prefLabel xml:lang="it">Scultura</skos:prefLabel><skos:prefLabel xml:lang="es">Escultura</skos:prefLabel><skos:prefLabel xml:lang="et">Skulptuur</skos:prefLabel><skos:prefLabel xml:lang="eu">Eskulturagintza</skos:prefLabel><skos:prefLabel xml:lang="cs">Sochařství</skos:prefLabel><skos:prefLabel xml:lang="pl">Rzeźbiarstwo</skos:prefLabel><skos:prefLabel xml:lang="ro">Sculptură</skos:prefLabel><skos:prefLabel xml:lang="da">Skulpturkunst</skos:prefLabel><skos:prefLabel xml:lang="nl">Beeldhouwkunst</skos:prefLabel><skos:note xml:lang="de">Gattung der bildenden Kunst, in der aus festen Stoffen bestehende, dreidimensionale Bildwerke geschaffen wurden und werden</skos:note><skos:note xml:lang="fi">Kuvataiteellista ilmaisua kolmiulotteisessa muodossa</skos:note><skos:note xml:lang="sv">Tredimensionellt konstverk</skos:note><skos:note xml:lang="ru">Разновидность искусства</skos:note><skos:note xml:lang="pt">Ramo das artes visuais (não confundir com Q860861, para obras de escultura)</skos:note><skos:note xml:lang="el">Μία εκ των καλών τεχνών, μορφή καλλιτεχνικής έκφρασης</skos:note><skos:note xml:lang="en">Branch of the visual arts that operates in three dimensions</skos:note><skos:note xml:lang="it">Arte di dare forma ad un oggetto partendo da un materiale grezzo o assemblando diversi materiali</skos:note><skos:note xml:lang="fr">Un des beaux arts, activité artistique</skos:note><skos:note xml:lang="es">Actividad artística, rama de las artes visuales</skos:note><skos:note xml:lang="et">Kujutava kunsti liik</skos:note><skos:note xml:lang="sk">Umenie vytvárania trojrozmerných sôch z rôznych materiálov</skos:note><skos:note xml:lang="ga">Ealaín</skos:note><skos:note xml:lang="pl">Sztuka polegająca na tworzeniu rzeźb</skos:note><skos:note xml:lang="da">Tre-dimensionelle illustrationer</skos:note><skos:note xml:lang="ca">Branca de les arts visuals que treballa en tres dimensions</skos:note><skos:note xml:lang="nl">Een van de beeldende kunsten</skos:note><skos:exactMatch rdf:resource="http://www.wikidata.org/entity/Q11634"/><skos:exactMatch rdf:resource="http://cv.iptc.org/newscodes/subjectcode/01015000"/><skos:exactMatch rdf:resource="https://d-nb.info/gnd/4046277-8"/><skos:exactMatch rdf:resource="http://id.loc.gov/authorities/names/sh85119004"/><skos:exactMatch rdf:resource="http://data.bnf.fr/ark:/12148/cb11933241b"/><skos:exactMatch rdf:resource="http://id.ndl.go.jp/auth/ndlna/00573617"/><skos:exactMatch rdf:resource="http://purl.org/bncf/tid/4223"/><skos:exactMatch rdf:resource="https://www.freebase.com/m/06msq"/><skos:exactMatch rdf:resource="https://g.co/kg/m/06msq"/><skos:exactMatch rdf:resource="http://datos.bne.es/resource/XX525481"/><skos:exactMatch rdf:resource="http://vocab.getty.edu/aat/300264383"/><skos:exactMatch rdf:resource="http://iconclass.org/48C2"/><skos:exactMatch rdf:resource="http://www.yso.fi/onto/yso/p5694"/><skos:exactMatch rdf:resource="http://babelnet.org/rdf/s00069924n"/><skos:exactMatch rdf:resource="http://vocabularies.unesco.org/thesaurus/concept10193"/><skos:exactMatch rdf:resource="http://id.loc.gov/authorities/genreForms/gf2017027259"/><skos:exactMatch rdf:resource="http://cv.iptc.org/newscodes/mediatopic/20000037"/><skos:exactMatch rdf:resource="http://dbpedia.org/resource/Sculpture"/><skos:related rdf:resource="http://data.europeana.eu/concept/1943"/><skos:related rdf:resource="http://data.europeana.eu/concept/194"/></skos:Concept><ore:Aggregation rdf:about="http://data.europeana.eu/aggregation/provider/2021672/resource_document_mauritshuis_369"><edm:aggregatedCHO rdf:resource="http://data.europeana.eu/item/2021672/resource_document_mauritshuis_369"/><edm:dataProvider rdf:resource="http://data.europeana.eu/organization/1482250000004509120"></edm:dataProvider><edm:isShownBy rdf:resource="https://www.mauritshuis.nl/media/34vdi1ny/369.jpg"/><edm:provider rdf:resource="http://data.europeana.eu/organization/1482250000004671093"></edm:provider><edm:rights rdf:resource="http://creativecommons.org/publicdomain/mark/1.0/"/></ore:Aggregation><ore:Proxy rdf:about="http://data.europeana.eu/proxy/europeana/2021672/resource_document_mauritshuis_369"><dc:date rdf:resource="#1677%2F1677"></dc:date><dc:date rdf:resource="#1677%2F1677"></dc:date><dc:identifier>resource_document_mauritshuis_369</dc:identifier><dc:type rdf:resource="http://data.europeana.eu/concept/51"></dc:type><edm:europeanaProxy>true</edm:europeanaProxy><ore:proxyFor rdf:resource="http://data.europeana.eu/item/2021672/resource_document_mauritshuis_369"/><ore:proxyIn rdf:resource="http://data.europeana.eu/aggregation/europeana/2021672/resource_document_mauritshuis_369"/><ore:lineage rdf:resource="http://data.europeana.eu/proxy/provider/2021672/resource_document_mauritshuis_369"/><edm:type>IMAGE</edm:type></ore:Proxy><ore:Proxy rdf:about="http://data.europeana.eu/proxy/provider/2021672/resource_document_mauritshuis_369"><dc:creator>Rombout Verhulst</dc:creator><dc:date>1677 - 1677</dc:date><dc:format>37 cm</dc:format><dc:identifier>369</dc:identifier><dc:title xml:lang="nl-NL">Kop van Michiel de Ruyter (1607-1676)</dc:title><dc:title xml:lang="en-GB">Head of Michiel de Ruyter (1607-1676)</dc:title><dc:type xml:lang="nl-NL">beeldhouwwerk</dc:type><dc:type xml:lang="en-GB">sculpture</dc:type><dcterms:medium xml:lang="nl-NL">terracotta, met tempera beschilderd</dcterms:medium><dcterms:medium xml:lang="en-GB">terracotta, colour-washed</dcterms:medium><edm:europeanaProxy>false</edm:europeanaProxy><ore:proxyFor rdf:resource="http://data.europeana.eu/item/2021672/resource_document_mauritshuis_369"/><ore:proxyIn rdf:resource="http://data.europeana.eu/aggregation/provider/2021672/resource_document_mauritshuis_369"/><edm:type>IMAGE</edm:type></ore:Proxy><edm:EuropeanaAggregation rdf:about="http://data.europeana.eu/aggregation/europeana/2021672/resource_document_mauritshuis_369"><edm:aggregatedCHO rdf:resource="http://data.europeana.eu/item/2021672/resource_document_mauritshuis_369"/><edm:datasetName>2021672_Ag_NL_DigitaleCollectie_Mauritshuis</edm:datasetName><edm:country>Netherlands</edm:country><edm:preview rdf:resource="https://www.mauritshuis.nl/media/34vdi1ny/369.jpg"/><edm:landingPage rdf:resource="https://www.europeana.eu/item/2021672/resource_document_mauritshuis_369"/><edm:language>nl</edm:language><edm:completeness>0</edm:completeness><dcterms:created>2017-08-02T11:48:22.389Z</dcterms:created><dcterms:modified>2023-02-28T08:45:41.077Z</dcterms:modified><dqv:hasQualityAnnotation rdf:resource="http://data.europeana.eu/item/2021672/resource_document_mauritshuis_369#contentTier"/><dqv:hasQualityAnnotation rdf:resource="http://data.europeana.eu/item/2021672/resource_document_mauritshuis_369#metadataTier"/></edm:EuropeanaAggregation><foaf:Organization rdf:about="http://data.europeana.eu/organization/1482250000004509120"><skos:prefLabel xml:lang="en">Mauritshuis</skos:prefLabel><skos:prefLabel xml:lang="nl">Mauritshuis</skos:prefLabel></foaf:Organization><foaf:Organization rdf:about="http://data.europeana.eu/organization/1482250000004671093"><skos:prefLabel xml:lang="en">Dutch Collections for Europe</skos:prefLabel></foaf:Organization><dqv:QualityAnnotation rdf:about="http://data.europeana.eu/item/2021672/resource_document_mauritshuis_369#contentTier"><dcterms:created>2023-02-28T08:46:00.654415Z</dcterms:created><oa:hasTarget rdf:resource="http://data.europeana.eu/aggregation/provider/2021672/resource_document_mauritshuis_369"/><oa:hasBody rdf:resource="http://www.europeana.eu/schemas/epf/contentTier4"/></dqv:QualityAnnotation><dqv:QualityAnnotation rdf:about="http://data.europeana.eu/item/2021672/resource_document_mauritshuis_369#metadataTier"><dcterms:created>2023-02-28T08:46:00.654434Z</dcterms:created><oa:hasTarget rdf:resource="http://data.europeana.eu/aggregation/provider/2021672/resource_document_mauritshuis_369"/><oa:hasBody rdf:resource="http://www.europeana.eu/schemas/epf/metadataTierA"/></dqv:QualityAnnotation></rdf:RDF>