<?xml version="1.0" encoding="UTF-8" standalone="yes"?><rdf:RDF xmlns:rdf="http://www.w3.org/1999/02/22-rdf-syntax-ns#" xmlns:dc="http://purl.org/dc/elements/1.1/" xmlns:dcterms="http://purl.org/dc/terms/" xmlns:edm="http://www.europeana.eu/schemas/edm/" xmlns:owl="http://www.w3.org/2002/07/owl#" xmlns:wgs84_pos="http://www.w3.org/2003/01/geo/wgs84_pos#" xmlns:skos="http://www.w3.org/2004/02/skos/core#" xmlns:rdaGr2="http://rdvocab.info/ElementsGr2/" xmlns:foaf="http://xmlns.com/foaf/0.1/" xmlns:ebucore="http://www.ebu.ch/metadata/ontologies/ebucore/ebucore#" xmlns:doap="http://usefulinc.com/ns/doap#" xmlns:odrl="http://www.w3.org/ns/odrl/2/" xmlns:cc="http://creativecommons.org/ns#" xmlns:ore="http://www.openarchives.org/ore/terms/" xmlns:svcs="http://rdfs.org/sioc/services#" xmlns:oa="http://www.w3.org/ns/oa#" xmlns:dqv="http://www.w3.org/ns/dqv#"><edm:ProvidedCHO rdf:about="http://data.europeana.eu/item/2021672/resource_document_mauritshuis_1134"/><edm:WebResource rdf:about="https://www.mauritshuis.nl/media/2fzdopsv/1134.jpg"><ebucore:hasMimeType>image/jpeg</ebucore:hasMimeType><ebucore:fileByteSize rdf:datatype="http://www.w3.org/2001/XMLSchema#long">3969651</ebucore:fileByteSize><ebucore:width rdf:datatype="http://www.w3.org/2001/XMLSchema#integer">6756</ebucore:width><ebucore:height rdf:datatype="http://www.w3.org/2001/XMLSchema#integer">5334</ebucore:height><edm:hasColorSpace>sRGB</edm:hasColorSpace><edm:componentColor rdf:datatype="http://www.w3.org/2001/XMLSchema#hexBinary">#FFFAFA</edm:componentColor><edm:componentColor rdf:datatype="http://www.w3.org/2001/XMLSchema#hexBinary">#BDB76B</edm:componentColor><edm:componentColor rdf:datatype="http://www.w3.org/2001/XMLSchema#hexBinary">#FAEBD7</edm:componentColor><edm:componentColor rdf:datatype="http://www.w3.org/2001/XMLSchema#hexBinary">#F5DEB3</edm:componentColor><edm:componentColor rdf:datatype="http://www.w3.org/2001/XMLSchema#hexBinary">#808080</edm:componentColor><edm:componentColor rdf:datatype="http://www.w3.org/2001/XMLSchema#hexBinary">#F5F5DC</edm:componentColor><ebucore:orientation rdf:datatype="http://www.w3.org/2001/XMLSchema#string">landscape</ebucore:orientation></edm:WebResource><edm:TimeSpan rdf:about="#1776%2F1776"><skos:prefLabel xml:lang="zxx">1776/1776</skos:prefLabel><dcterms:isPartOf rdf:resource="http://data.europeana.eu/timespan/18"></dcterms:isPartOf><edm:begin>1776-01-01</edm:begin><edm:end>1776-12-31</edm:end></edm:TimeSpan><edm:TimeSpan rdf:about="http://data.europeana.eu/timespan/18"><skos:prefLabel xml:lang="de">18. Jahrhundert</skos:prefLabel><skos:prefLabel xml:lang="ru">XVIII век</skos:prefLabel><skos:prefLabel xml:lang="fi">1700-luku</skos:prefLabel><skos:prefLabel xml:lang="pt">Século XVIII</skos:prefLabel><skos:prefLabel xml:lang="bg">18 век</skos:prefLabel><skos:prefLabel xml:lang="lt">XVIII amžius</skos:prefLabel><skos:prefLabel xml:lang="lv">18. gadsimts</skos:prefLabel><skos:prefLabel xml:lang="hr">18. stoljeće</skos:prefLabel><skos:prefLabel xml:lang="fr">XVIIIe siècle</skos:prefLabel><skos:prefLabel xml:lang="hu">18. század</skos:prefLabel><skos:prefLabel xml:lang="sk">18. storočie</skos:prefLabel><skos:prefLabel xml:lang="sl">18. stoletje</skos:prefLabel><skos:prefLabel xml:lang="ga">18ú haois</skos:prefLabel><skos:prefLabel xml:lang="ca">Segle XVIII</skos:prefLabel><skos:prefLabel xml:lang="sv">1700-talet</skos:prefLabel><skos:prefLabel xml:lang="el">18ος αιώνας</skos:prefLabel><skos:prefLabel xml:lang="en">18th century</skos:prefLabel><skos:prefLabel xml:lang="it">XVIII secolo</skos:prefLabel><skos:prefLabel xml:lang="es">Siglo XVIII</skos:prefLabel><skos:prefLabel xml:lang="et">18. sajand</skos:prefLabel><skos:prefLabel xml:lang="eu">XVIII. mendea</skos:prefLabel><skos:prefLabel xml:lang="cs">18. století</skos:prefLabel><skos:prefLabel xml:lang="pl">XVIII wiek</skos:prefLabel><skos:prefLabel xml:lang="ro">Secolul al XVIII-lea</skos:prefLabel><skos:prefLabel xml:lang="da">18. århundrede</skos:prefLabel><skos:prefLabel xml:lang="nl">18e eeuw</skos:prefLabel><skos:altLabel xml:lang="ru">18 век</skos:altLabel><skos:altLabel xml:lang="sv">18:e århundradet</skos:altLabel><skos:altLabel xml:lang="sv">18:e seklet</skos:altLabel><skos:altLabel xml:lang="sv">1700-tal</skos:altLabel><skos:altLabel xml:lang="sv">1700-talet (århundrade)</skos:altLabel><skos:altLabel xml:lang="sv">1700-talet (sekel)</skos:altLabel><skos:altLabel xml:lang="en">18th-century</skos:altLabel><skos:altLabel xml:lang="en">18th-century</skos:altLabel><skos:altLabel xml:lang="en">Eighteenth Century</skos:altLabel><skos:altLabel xml:lang="en">History, 18th Century</skos:altLabel><skos:altLabel xml:lang="it">Settecento</skos:altLabel><skos:altLabel xml:lang="it">18° secolo</skos:altLabel><skos:altLabel xml:lang="it">Secolo XVIII</skos:altLabel><skos:altLabel xml:lang="it">XVIII Secolo</skos:altLabel><skos:altLabel xml:lang="it">Diciottesimo secolo</skos:altLabel><skos:altLabel xml:lang="it">'700</skos:altLabel><skos:altLabel xml:lang="it">18º secolo</skos:altLabel><skos:altLabel xml:lang="it">Settecento</skos:altLabel><skos:altLabel xml:lang="fr">18e siècle</skos:altLabel><skos:altLabel xml:lang="fr">18 siècle</skos:altLabel><skos:altLabel xml:lang="fr">18eme siècle</skos:altLabel><skos:altLabel xml:lang="da">1700-tallet</skos:altLabel><skos:altLabel xml:lang="hu">18. évszázad</skos:altLabel><skos:altLabel xml:lang="nl">1701-1800</skos:altLabel><skos:altLabel xml:lang="es">Siglo 18</skos:altLabel><skos:altLabel xml:lang="es">Siglo dieciocho</skos:altLabel><edm:begin>1701-01-01</edm:begin><edm:end>1800-01-01</edm:end><owl:sameAs rdf:resource="http://www.wikidata.org/entity/Q7015"/><owl:sameAs rdf:resource="http://id.loc.gov/authorities/names/sh2002012474"/><owl:sameAs rdf:resource="http://id.loc.gov/authorities/names/sh85041401"/><owl:sameAs rdf:resource="http://id.nlm.nih.gov/mesh/D049671"/><owl:sameAs rdf:resource="https://www.freebase.com/m/08b33"/><owl:sameAs rdf:resource="https://g.co/kg/m/08b33"/><owl:sameAs rdf:resource="http://id.nlm.nih.gov/mesh/K01.400.504.875"/><owl:sameAs rdf:resource="http://vocab.getty.edu/aat/300404512"/><owl:sameAs rdf:resource="http://babelnet.org/rdf/s02814699n"/><owl:sameAs rdf:resource="http://dbpedia.org/resource/18th_century"/></edm:TimeSpan><skos:Concept rdf:about="http://data.europeana.eu/concept/2090"><skos:prefLabel xml:lang="de">Papier</skos:prefLabel><skos:prefLabel xml:lang="ru">Бумага</skos:prefLabel><skos:prefLabel xml:lang="fi">Paperi</skos:prefLabel><skos:prefLabel xml:lang="pt">Papel</skos:prefLabel><skos:prefLabel xml:lang="bg">Хартия</skos:prefLabel><skos:prefLabel xml:lang="lt">Popierius</skos:prefLabel><skos:prefLabel xml:lang="lv">Papīrs</skos:prefLabel><skos:prefLabel xml:lang="hr">Papir</skos:prefLabel><skos:prefLabel xml:lang="fr">Papier</skos:prefLabel><skos:prefLabel xml:lang="hu">Papír</skos:prefLabel><skos:prefLabel xml:lang="sk">Papier</skos:prefLabel><skos:prefLabel xml:lang="sl">Papir</skos:prefLabel><skos:prefLabel xml:lang="ga">Páipéar</skos:prefLabel><skos:prefLabel xml:lang="ca">Paper</skos:prefLabel><skos:prefLabel xml:lang="sv">Papper</skos:prefLabel><skos:prefLabel xml:lang="mt">Karta</skos:prefLabel><skos:prefLabel xml:lang="el">Χαρτί</skos:prefLabel><skos:prefLabel xml:lang="en">Paper</skos:prefLabel><skos:prefLabel xml:lang="it">Carta</skos:prefLabel><skos:prefLabel xml:lang="es">Papel</skos:prefLabel><skos:prefLabel xml:lang="et">Paber</skos:prefLabel><skos:prefLabel xml:lang="eu">Paper</skos:prefLabel><skos:prefLabel xml:lang="cs">Papír</skos:prefLabel><skos:prefLabel xml:lang="pl">Papier</skos:prefLabel><skos:prefLabel xml:lang="ro">Hârtie</skos:prefLabel><skos:prefLabel xml:lang="da">Papir</skos:prefLabel><skos:prefLabel xml:lang="nl">Papier</skos:prefLabel><skos:note xml:lang="de">Werkstoff aus Fasern zum Beschreiben, Bedrucken und Verpacken</skos:note><skos:note xml:lang="fi">Ohut kuiduista tehty materiaali</skos:note><skos:note xml:lang="sv">Cellulosabaserat material</skos:note><skos:note xml:lang="ru">Волокнистый материал с минеральными добавками</skos:note><skos:note xml:lang="pt">Folha fina feita com pasta de fibras vegetais</skos:note><skos:note xml:lang="en">Thin, flexible material mainly used for writing upon, printing upon, drawing or for packaging</skos:note><skos:note xml:lang="it">Materiale igroscopico, costituito da materie prime fibrose</skos:note><skos:note xml:lang="fr">Matière fabriquée à partir de fibres cellulosiques végétales et animales</skos:note><skos:note xml:lang="es">Delgada hoja elaborada con pasta de fibras vegetales</skos:note><skos:note xml:lang="cs">Tenký, pružný, vláknitý materiál s minerálními přísadami, vyráběný převážně z celulózy, užívaný pro psaní, kreslení, tisk nebo k balení</skos:note><skos:note xml:lang="sk">Tenký, hladký materiál vyrábaný zhutnením vlákna</skos:note><skos:note xml:lang="pl">Podłoże pisarskie lub malarskie otrzymywane z makulatury, celulozy i włókien innych roślin</skos:note><skos:note xml:lang="da">Materiale man kan skrive og tegne på</skos:note><skos:note xml:lang="nl">Materiaal waarop kan worden geschreven en getekend en dat kan worden bedrukt door middel van een druktechniek</skos:note><skos:note xml:lang="ca">Làmina constituïda per un entramat tridimensional de fibres de cel·lulosa i altres substàncies</skos:note><skos:broader rdf:resource="http://data.europeana.eu/concept/2069"/><skos:exactMatch rdf:resource="http://www.wikidata.org/entity/Q11472"/><skos:exactMatch rdf:resource="https://d-nb.info/gnd/4044522-7"/><skos:exactMatch rdf:resource="http://id.loc.gov/authorities/names/sh85097578"/><skos:exactMatch rdf:resource="http://data.bnf.fr/ark:/12148/cb11949744d"/><skos:exactMatch rdf:resource="http://id.ndl.go.jp/auth/ndlna/00564806"/><skos:exactMatch rdf:resource="http://id.nlm.nih.gov/mesh/D010209"/><skos:exactMatch rdf:resource="http://purl.org/bncf/tid/1192"/><skos:exactMatch rdf:resource="https://www.freebase.com/m/0641k"/><skos:exactMatch rdf:resource="https://g.co/kg/m/0641k"/><skos:exactMatch rdf:resource="http://vocab.getty.edu/aat/300014109"/><skos:exactMatch rdf:resource="http://iconclass.org/49L641"/><skos:exactMatch rdf:resource="http://www.yso.fi/onto/yso/p8522"/><skos:exactMatch rdf:resource="http://babelnet.org/rdf/s00060464n"/><skos:exactMatch rdf:resource="http://thesaurus.europeanafashion.eu/thesaurus/10574"/><skos:exactMatch rdf:resource="http://zbw.eu/stw/descriptor/14802-1"/><skos:exactMatch rdf:resource="http://vocabularies.unesco.org/thesaurus/concept14922"/><skos:exactMatch rdf:resource="http://dbpedia.org/resource/Paper"/></skos:Concept><skos:Concept rdf:about="http://data.europeana.eu/concept/35"><skos:prefLabel xml:lang="de">Zeichnung</skos:prefLabel><skos:prefLabel xml:lang="fi">Piirustus</skos:prefLabel><skos:prefLabel xml:lang="ru">Рисунок</skos:prefLabel><skos:prefLabel xml:lang="pt">Desenho</skos:prefLabel><skos:prefLabel xml:lang="bg">Рисунка</skos:prefLabel><skos:prefLabel xml:lang="lt">Piešimas</skos:prefLabel><skos:prefLabel xml:lang="lv">Zīmējums</skos:prefLabel><skos:prefLabel xml:lang="hr">Crtež</skos:prefLabel><skos:prefLabel xml:lang="fr">Dessin</skos:prefLabel><skos:prefLabel xml:lang="hu">Rajz</skos:prefLabel><skos:prefLabel xml:lang="sk">Kresba</skos:prefLabel><skos:prefLabel xml:lang="sl">Risba</skos:prefLabel><skos:prefLabel xml:lang="ga">Líníocht</skos:prefLabel><skos:prefLabel xml:lang="ca">Dibuix</skos:prefLabel><skos:prefLabel xml:lang="sv">Teckning</skos:prefLabel><skos:prefLabel xml:lang="el">Σχέδιο</skos:prefLabel><skos:prefLabel xml:lang="en">Drawing</skos:prefLabel><skos:prefLabel xml:lang="it">Disegno</skos:prefLabel><skos:prefLabel xml:lang="es">Dibujo</skos:prefLabel><skos:prefLabel xml:lang="et">Joonistus</skos:prefLabel><skos:prefLabel xml:lang="cs">Kresba</skos:prefLabel><skos:prefLabel xml:lang="eu">Marrazki</skos:prefLabel><skos:prefLabel xml:lang="pl">Rysunek</skos:prefLabel><skos:prefLabel xml:lang="ro">Desen</skos:prefLabel><skos:prefLabel xml:lang="da">Tegning</skos:prefLabel><skos:prefLabel xml:lang="nl">Tekening</skos:prefLabel><skos:note xml:lang="de">Bildmotiv in vereinfachender Weise mit Linien und Strichen dargestellt</skos:note><skos:note xml:lang="sv">Typ av tvådimensionell bildkonst</skos:note><skos:note xml:lang="fi">Kuvataiteen teos</skos:note><skos:note xml:lang="ru">Изображение на плоскости, созданное средствами графики</skos:note><skos:note xml:lang="pt">Obra de arte visual em meio bidimensional</skos:note><skos:note xml:lang="en">Visual artwork in two-dimensional medium</skos:note><skos:note xml:lang="it">Lavoro artistico bidimensionale</skos:note><skos:note xml:lang="fr">Surface portant une représentation faite à l’aide d'un matériel d'écriture</skos:note><skos:note xml:lang="es">Arte visual en dos dimensiones</skos:note><skos:note xml:lang="cs">Umělecké dílo</skos:note><skos:note xml:lang="ga">Saothar ealaíne</skos:note><skos:note xml:lang="pl">Kompozycja linii wykonana w dwóch wymiarach</skos:note><skos:note xml:lang="da">To-dimensionel billedkunst udført med "tørre" farvestoffer</skos:note><skos:note xml:lang="ca">Obra d'art en un medi bidimensional</skos:note><skos:exactMatch rdf:resource="http://www.wikidata.org/entity/Q93184"/><skos:exactMatch rdf:resource="https://schema.org/Drawing"/><skos:exactMatch rdf:resource="https://d-nb.info/gnd/4127900-1"/><skos:exactMatch rdf:resource="http://id.loc.gov/authorities/names/sh85039408"/><skos:exactMatch rdf:resource="http://data.bnf.fr/ark:/12148/cb119362234"/><skos:exactMatch rdf:resource="http://id.ndl.go.jp/auth/ndlna/00561487"/><skos:exactMatch rdf:resource="http://id.nlm.nih.gov/mesh/D020472"/><skos:exactMatch rdf:resource="http://purl.org/bncf/tid/1062"/><skos:exactMatch rdf:resource="https://www.freebase.com/m/02csf"/><skos:exactMatch rdf:resource="https://g.co/kg/m/02csf"/><skos:exactMatch rdf:resource="http://vocab.getty.edu/aat/300033973"/><skos:exactMatch rdf:resource="http://www.yso.fi/onto/yso/p22465"/><skos:exactMatch rdf:resource="http://babelnet.org/rdf/s00028639n"/><skos:exactMatch rdf:resource="http://thesaurus.europeanafashion.eu/thesaurus/10307"/><skos:exactMatch rdf:resource="http://vocabularies.unesco.org/thesaurus/concept4716"/><skos:exactMatch rdf:resource="http://cv.iptc.org/newscodes/mediatopic/20000034"/><skos:exactMatch rdf:resource="http://dbpedia.org/resource/Drawing"/></skos:Concept><ore:Aggregation rdf:about="http://data.europeana.eu/aggregation/provider/2021672/resource_document_mauritshuis_1134"><edm:aggregatedCHO rdf:resource="http://data.europeana.eu/item/2021672/resource_document_mauritshuis_1134"/><edm:dataProvider rdf:resource="http://data.europeana.eu/organization/1482250000004509120"></edm:dataProvider><edm:isShownBy rdf:resource="https://www.mauritshuis.nl/media/2fzdopsv/1134.jpg"/><edm:provider rdf:resource="http://data.europeana.eu/organization/1482250000004671093"></edm:provider><edm:rights rdf:resource="http://creativecommons.org/publicdomain/mark/1.0/"/></ore:Aggregation><ore:Proxy rdf:about="http://data.europeana.eu/proxy/europeana/2021672/resource_document_mauritshuis_1134"><dc:date rdf:resource="#1776%2F1776"></dc:date><dc:date rdf:resource="#1776%2F1776"></dc:date><dc:identifier>resource_document_mauritshuis_1134</dc:identifier><dc:type rdf:resource="http://data.europeana.eu/concept/35"></dc:type><dcterms:medium rdf:resource="http://data.europeana.eu/concept/2090"></dcterms:medium><edm:europeanaProxy>true</edm:europeanaProxy><ore:proxyFor rdf:resource="http://data.europeana.eu/item/2021672/resource_document_mauritshuis_1134"/><ore:proxyIn rdf:resource="http://data.europeana.eu/aggregation/europeana/2021672/resource_document_mauritshuis_1134"/><ore:lineage rdf:resource="http://data.europeana.eu/proxy/provider/2021672/resource_document_mauritshuis_1134"/><edm:type>IMAGE</edm:type></ore:Proxy><ore:Proxy rdf:about="http://data.europeana.eu/proxy/provider/2021672/resource_document_mauritshuis_1134"><dc:creator>Aert Schouman</dc:creator><dc:date>1776 - 1776</dc:date><dc:format>43.1 cm</dc:format><dc:format>34 cm</dc:format><dc:identifier>1134</dc:identifier><dc:title xml:lang="nl-NL">Panorama bij Arnhem</dc:title><dc:title xml:lang="en-GB">Panorama near Arnhem</dc:title><dc:type xml:lang="nl-NL">tekening</dc:type><dc:type xml:lang="en-GB">drawing</dc:type><dcterms:medium xml:lang="nl-NL">papier</dcterms:medium><dcterms:medium xml:lang="en-GB">paper</dcterms:medium><edm:europeanaProxy>false</edm:europeanaProxy><ore:proxyFor rdf:resource="http://data.europeana.eu/item/2021672/resource_document_mauritshuis_1134"/><ore:proxyIn rdf:resource="http://data.europeana.eu/aggregation/provider/2021672/resource_document_mauritshuis_1134"/><edm:type>IMAGE</edm:type></ore:Proxy><edm:EuropeanaAggregation rdf:about="http://data.europeana.eu/aggregation/europeana/2021672/resource_document_mauritshuis_1134"><edm:aggregatedCHO rdf:resource="http://data.europeana.eu/item/2021672/resource_document_mauritshuis_1134"/><edm:datasetName>2021672_Ag_NL_DigitaleCollectie_Mauritshuis</edm:datasetName><edm:country>Netherlands</edm:country><edm:preview rdf:resource="https://www.mauritshuis.nl/media/2fzdopsv/1134.jpg"/><edm:landingPage rdf:resource="https://www.europeana.eu/item/2021672/resource_document_mauritshuis_1134"/><edm:language>nl</edm:language><edm:completeness>0</edm:completeness><dcterms:created>2017-08-02T11:48:17.734Z</dcterms:created><dcterms:modified>2023-02-28T08:45:41.077Z</dcterms:modified><dqv:hasQualityAnnotation rdf:resource="http://data.europeana.eu/item/2021672/resource_document_mauritshuis_1134#contentTier"/><dqv:hasQualityAnnotation rdf:resource="http://data.europeana.eu/item/2021672/resource_document_mauritshuis_1134#metadataTier"/></edm:EuropeanaAggregation><foaf:Organization rdf:about="http://data.europeana.eu/organization/1482250000004509120"><skos:prefLabel xml:lang="en">Mauritshuis</skos:prefLabel><skos:prefLabel xml:lang="nl">Mauritshuis</skos:prefLabel></foaf:Organization><foaf:Organization rdf:about="http://data.europeana.eu/organization/1482250000004671093"><skos:prefLabel xml:lang="en">Dutch Collections for Europe</skos:prefLabel></foaf:Organization><dqv:QualityAnnotation rdf:about="http://data.europeana.eu/item/2021672/resource_document_mauritshuis_1134#contentTier"><dcterms:created>2023-02-28T08:45:55.174650Z</dcterms:created><oa:hasTarget rdf:resource="http://data.europeana.eu/aggregation/provider/2021672/resource_document_mauritshuis_1134"/><oa:hasBody rdf:resource="http://www.europeana.eu/schemas/epf/contentTier4"/></dqv:QualityAnnotation><dqv:QualityAnnotation rdf:about="http://data.europeana.eu/item/2021672/resource_document_mauritshuis_1134#metadataTier"><dcterms:created>2023-02-28T08:45:55.174676Z</dcterms:created><oa:hasTarget rdf:resource="http://data.europeana.eu/aggregation/provider/2021672/resource_document_mauritshuis_1134"/><oa:hasBody rdf:resource="http://www.europeana.eu/schemas/epf/metadataTierA"/></dqv:QualityAnnotation></rdf:RDF>