<?xml version="1.0" encoding="UTF-8" standalone="yes"?><rdf:RDF xmlns:rdf="http://www.w3.org/1999/02/22-rdf-syntax-ns#" xmlns:dc="http://purl.org/dc/elements/1.1/" xmlns:dcterms="http://purl.org/dc/terms/" xmlns:edm="http://www.europeana.eu/schemas/edm/" xmlns:owl="http://www.w3.org/2002/07/owl#" xmlns:wgs84_pos="http://www.w3.org/2003/01/geo/wgs84_pos#" xmlns:skos="http://www.w3.org/2004/02/skos/core#" xmlns:rdaGr2="http://rdvocab.info/ElementsGr2/" xmlns:foaf="http://xmlns.com/foaf/0.1/" xmlns:ebucore="http://www.ebu.ch/metadata/ontologies/ebucore/ebucore#" xmlns:doap="http://usefulinc.com/ns/doap#" xmlns:odrl="http://www.w3.org/ns/odrl/2/" xmlns:cc="http://creativecommons.org/ns#" xmlns:ore="http://www.openarchives.org/ore/terms/" xmlns:svcs="http://rdfs.org/sioc/services#" xmlns:oa="http://www.w3.org/ns/oa#" xmlns:dqv="http://www.w3.org/ns/dqv#"><edm:ProvidedCHO rdf:about="http://data.europeana.eu/item/2021672/resource_document_mauritshuis_1058"/><edm:WebResource rdf:about="https://www.mauritshuis.nl/media/zvhguvtg/1058_repro.jpg"><ebucore:hasMimeType>image/jpeg</ebucore:hasMimeType><ebucore:fileByteSize rdf:datatype="http://www.w3.org/2001/XMLSchema#long">7200050</ebucore:fileByteSize><ebucore:width rdf:datatype="http://www.w3.org/2001/XMLSchema#integer">6000</ebucore:width><ebucore:height rdf:datatype="http://www.w3.org/2001/XMLSchema#integer">4890</ebucore:height><edm:hasColorSpace>sRGB</edm:hasColorSpace><edm:componentColor rdf:datatype="http://www.w3.org/2001/XMLSchema#hexBinary">#8FBC8F</edm:componentColor><edm:componentColor rdf:datatype="http://www.w3.org/2001/XMLSchema#hexBinary">#8B4513</edm:componentColor><edm:componentColor rdf:datatype="http://www.w3.org/2001/XMLSchema#hexBinary">#BC8F8F</edm:componentColor><edm:componentColor rdf:datatype="http://www.w3.org/2001/XMLSchema#hexBinary">#800000</edm:componentColor><edm:componentColor rdf:datatype="http://www.w3.org/2001/XMLSchema#hexBinary">#A9A9A9</edm:componentColor><edm:componentColor rdf:datatype="http://www.w3.org/2001/XMLSchema#hexBinary">#708090</edm:componentColor><ebucore:orientation rdf:datatype="http://www.w3.org/2001/XMLSchema#string">landscape</ebucore:orientation></edm:WebResource><edm:TimeSpan rdf:about="#1657%2F1657"><skos:prefLabel xml:lang="zxx">1657/1657</skos:prefLabel><dcterms:isPartOf rdf:resource="http://data.europeana.eu/timespan/17"></dcterms:isPartOf><edm:begin>1657-01-01</edm:begin><edm:end>1657-12-31</edm:end></edm:TimeSpan><edm:TimeSpan rdf:about="http://data.europeana.eu/timespan/17"><skos:prefLabel xml:lang="de">17. Jahrhundert</skos:prefLabel><skos:prefLabel xml:lang="ru">XVII век</skos:prefLabel><skos:prefLabel xml:lang="fi">1600-luku</skos:prefLabel><skos:prefLabel xml:lang="pt">Século XVII</skos:prefLabel><skos:prefLabel xml:lang="bg">17 век</skos:prefLabel><skos:prefLabel xml:lang="lt">XVII amžius</skos:prefLabel><skos:prefLabel xml:lang="lv">17. gadsimts</skos:prefLabel><skos:prefLabel xml:lang="hr">17. stoljeće</skos:prefLabel><skos:prefLabel xml:lang="fr">XVIIe siècle</skos:prefLabel><skos:prefLabel xml:lang="hu">17. század</skos:prefLabel><skos:prefLabel xml:lang="sk">17. storočie</skos:prefLabel><skos:prefLabel xml:lang="sl">17. stoletje</skos:prefLabel><skos:prefLabel xml:lang="ga">17ú haois</skos:prefLabel><skos:prefLabel xml:lang="ca">Segle XVII</skos:prefLabel><skos:prefLabel xml:lang="sv">1600-talet</skos:prefLabel><skos:prefLabel xml:lang="mt">Seklu XVII</skos:prefLabel><skos:prefLabel xml:lang="el">17ος αιώνας</skos:prefLabel><skos:prefLabel xml:lang="en">17th century</skos:prefLabel><skos:prefLabel xml:lang="it">XVII secolo</skos:prefLabel><skos:prefLabel xml:lang="es">Siglo XVII</skos:prefLabel><skos:prefLabel xml:lang="et">17. sajand</skos:prefLabel><skos:prefLabel xml:lang="eu">XVII. mendea</skos:prefLabel><skos:prefLabel xml:lang="cs">17. století</skos:prefLabel><skos:prefLabel xml:lang="pl">XVII wiek</skos:prefLabel><skos:prefLabel xml:lang="ro">Secolul al XVII-lea</skos:prefLabel><skos:prefLabel xml:lang="da">17. århundrede</skos:prefLabel><skos:prefLabel xml:lang="nl">17e eeuw</skos:prefLabel><skos:altLabel xml:lang="sv">1600-tal</skos:altLabel><skos:altLabel xml:lang="sv">17:e århundradet</skos:altLabel><skos:altLabel xml:lang="sv">17:e seklet</skos:altLabel><skos:altLabel xml:lang="sv">1600-talet (århundrade)</skos:altLabel><skos:altLabel xml:lang="sv">1600-talet (sekel)</skos:altLabel><skos:altLabel xml:lang="ru">17 век</skos:altLabel><skos:altLabel xml:lang="mt">Seklu 17</skos:altLabel><skos:altLabel xml:lang="en">17th-century</skos:altLabel><skos:altLabel xml:lang="en">17th-century</skos:altLabel><skos:altLabel xml:lang="en">History, 17th Century</skos:altLabel><skos:altLabel xml:lang="it">Seicento</skos:altLabel><skos:altLabel xml:lang="it">17° secolo</skos:altLabel><skos:altLabel xml:lang="it">Secolo XVII</skos:altLabel><skos:altLabel xml:lang="it">XVII Secolo</skos:altLabel><skos:altLabel xml:lang="it">Diciassettesimo secolo</skos:altLabel><skos:altLabel xml:lang="it">'600</skos:altLabel><skos:altLabel xml:lang="it">17º secolo</skos:altLabel><skos:altLabel xml:lang="it">Seicento</skos:altLabel><skos:altLabel xml:lang="fr">17e siècle</skos:altLabel><edm:begin>1601-01-01</edm:begin><edm:end>1700-12-31</edm:end><owl:sameAs rdf:resource="http://www.wikidata.org/entity/Q7016"/><owl:sameAs rdf:resource="http://id.loc.gov/authorities/names/sh85120427"/><owl:sameAs rdf:resource="http://data.bnf.fr/ark:/12148/cb120419182"/><owl:sameAs rdf:resource="http://id.nlm.nih.gov/mesh/D049670"/><owl:sameAs rdf:resource="https://www.freebase.com/m/08b2m"/><owl:sameAs rdf:resource="https://g.co/kg/m/08b2m"/><owl:sameAs rdf:resource="http://id.nlm.nih.gov/mesh/K01.400.504.750"/><owl:sameAs rdf:resource="http://vocab.getty.edu/aat/300404511"/><owl:sameAs rdf:resource="http://babelnet.org/rdf/s02814624n"/><owl:sameAs rdf:resource="http://dbpedia.org/resource/17th_century"/></edm:TimeSpan><ore:Aggregation rdf:about="http://data.europeana.eu/aggregation/provider/2021672/resource_document_mauritshuis_1058"><edm:aggregatedCHO rdf:resource="http://data.europeana.eu/item/2021672/resource_document_mauritshuis_1058"/><edm:dataProvider rdf:resource="http://data.europeana.eu/organization/1482250000004509120"></edm:dataProvider><edm:isShownBy rdf:resource="https://www.mauritshuis.nl/media/zvhguvtg/1058_repro.jpg"/><edm:provider rdf:resource="http://data.europeana.eu/organization/1482250000004671093"></edm:provider><edm:rights rdf:resource="http://creativecommons.org/publicdomain/mark/1.0/"/></ore:Aggregation><ore:Proxy rdf:about="http://data.europeana.eu/proxy/europeana/2021672/resource_document_mauritshuis_1058"><dc:date rdf:resource="#1657%2F1657"></dc:date><dc:date rdf:resource="#1657%2F1657"></dc:date><dc:identifier>resource_document_mauritshuis_1058</dc:identifier><edm:europeanaProxy>true</edm:europeanaProxy><ore:proxyFor rdf:resource="http://data.europeana.eu/item/2021672/resource_document_mauritshuis_1058"/><ore:proxyIn rdf:resource="http://data.europeana.eu/aggregation/europeana/2021672/resource_document_mauritshuis_1058"/><ore:lineage rdf:resource="http://data.europeana.eu/proxy/provider/2021672/resource_document_mauritshuis_1058"/><edm:type>IMAGE</edm:type></ore:Proxy><ore:Proxy rdf:about="http://data.europeana.eu/proxy/provider/2021672/resource_document_mauritshuis_1058"><dc:creator>Jan Baptist Weenix</dc:creator><dc:creator>Nicolaes Pietersz Berchem</dc:creator><dc:date>1657 - 1657</dc:date><dc:description xml:lang="nl-NL">In een zuidelijke havenstad speelt zich de roeping van Mattheüs af, een verhaal uit de Bijbel. Jezus staat bovenaan de trappen en wijst naar Mattheüs, om hem als volgeling tot zich te roepen. Mattheüs deinst geschrokken achteruit. In het boek op Mattheüs’ schoot, staan de namen van de makers van het schilderij: Berchem en Weenix. Waarschijnlijk zette Weenix de voorstelling op en schilderde Berchem de groep rond Jezus. Dat voor dit schilderij twee kunstenaars van naam samenwerkten, maakte het tot een begeerd verzamelobject.</dc:description><dc:description xml:lang="en-GB">The biblical story of the calling of St. Matthew is taking place in a southern port. Jesus is standing at the top of the steps and pointing to Matthew, calling him to become his disciple. Matthew is shrinking back in fright. The book on Matthew’s lap contains the names of the makers of the painting: Berchem and Weenix. Weenix probably composed the scene, and Berchem would have painted the group around Jesus. The fact that two renowned artists worked together on this painting made it a sought-after collectors’ item.</dc:description><dc:format>120.8 cm</dc:format><dc:format>98.2 cm</dc:format><dc:identifier>1058</dc:identifier><dc:title xml:lang="nl-NL">De roeping van Mattheüs</dc:title><dc:title xml:lang="en-GB">The Calling of St Matthew</dc:title><dc:type xml:lang="nl-NL">schilderij</dc:type><dc:type xml:lang="en-GB">painting</dc:type><dcterms:medium xml:lang="nl-NL">paneel</dcterms:medium><dcterms:medium xml:lang="en-GB">panel</dcterms:medium><edm:europeanaProxy>false</edm:europeanaProxy><ore:proxyFor rdf:resource="http://data.europeana.eu/item/2021672/resource_document_mauritshuis_1058"/><ore:proxyIn rdf:resource="http://data.europeana.eu/aggregation/provider/2021672/resource_document_mauritshuis_1058"/><edm:type>IMAGE</edm:type></ore:Proxy><edm:EuropeanaAggregation rdf:about="http://data.europeana.eu/aggregation/europeana/2021672/resource_document_mauritshuis_1058"><edm:aggregatedCHO rdf:resource="http://data.europeana.eu/item/2021672/resource_document_mauritshuis_1058"/><edm:datasetName>2021672_Ag_NL_DigitaleCollectie_Mauritshuis</edm:datasetName><edm:country>Netherlands</edm:country><edm:preview rdf:resource="https://www.mauritshuis.nl/media/zvhguvtg/1058_repro.jpg"/><edm:landingPage rdf:resource="https://www.europeana.eu/item/2021672/resource_document_mauritshuis_1058"/><edm:language>nl</edm:language><edm:completeness>0</edm:completeness><dcterms:created>2017-08-02T11:48:16.848Z</dcterms:created><dcterms:modified>2023-02-28T08:45:41.077Z</dcterms:modified><dqv:hasQualityAnnotation rdf:resource="http://data.europeana.eu/item/2021672/resource_document_mauritshuis_1058#contentTier"/><dqv:hasQualityAnnotation rdf:resource="http://data.europeana.eu/item/2021672/resource_document_mauritshuis_1058#metadataTier"/></edm:EuropeanaAggregation><foaf:Organization rdf:about="http://data.europeana.eu/organization/1482250000004509120"><skos:prefLabel xml:lang="en">Mauritshuis</skos:prefLabel><skos:prefLabel xml:lang="nl">Mauritshuis</skos:prefLabel></foaf:Organization><foaf:Organization rdf:about="http://data.europeana.eu/organization/1482250000004671093"><skos:prefLabel xml:lang="en">Dutch Collections for Europe</skos:prefLabel></foaf:Organization><dqv:QualityAnnotation rdf:about="http://data.europeana.eu/item/2021672/resource_document_mauritshuis_1058#contentTier"><dcterms:created>2023-02-28T08:46:39.713231Z</dcterms:created><oa:hasTarget rdf:resource="http://data.europeana.eu/aggregation/provider/2021672/resource_document_mauritshuis_1058"/><oa:hasBody rdf:resource="http://www.europeana.eu/schemas/epf/contentTier4"/></dqv:QualityAnnotation><dqv:QualityAnnotation rdf:about="http://data.europeana.eu/item/2021672/resource_document_mauritshuis_1058#metadataTier"><dcterms:created>2023-02-28T08:46:39.713257Z</dcterms:created><oa:hasTarget rdf:resource="http://data.europeana.eu/aggregation/provider/2021672/resource_document_mauritshuis_1058"/><oa:hasBody rdf:resource="http://www.europeana.eu/schemas/epf/metadataTierA"/></dqv:QualityAnnotation></rdf:RDF>