<?xml version="1.0" encoding="UTF-8" standalone="yes"?><rdf:RDF xmlns:rdf="http://www.w3.org/1999/02/22-rdf-syntax-ns#" xmlns:dc="http://purl.org/dc/elements/1.1/" xmlns:dcterms="http://purl.org/dc/terms/" xmlns:edm="http://www.europeana.eu/schemas/edm/" xmlns:owl="http://www.w3.org/2002/07/owl#" xmlns:wgs84_pos="http://www.w3.org/2003/01/geo/wgs84_pos#" xmlns:skos="http://www.w3.org/2004/02/skos/core#" xmlns:rdaGr2="http://rdvocab.info/ElementsGr2/" xmlns:foaf="http://xmlns.com/foaf/0.1/" xmlns:ebucore="http://www.ebu.ch/metadata/ontologies/ebucore/ebucore#" xmlns:doap="http://usefulinc.com/ns/doap#" xmlns:odrl="http://www.w3.org/ns/odrl/2/" xmlns:cc="http://creativecommons.org/ns#" xmlns:ore="http://www.openarchives.org/ore/terms/" xmlns:svcs="http://rdfs.org/sioc/services#" xmlns:oa="http://www.w3.org/ns/oa#" xmlns:dqv="http://www.w3.org/ns/dqv#"><edm:ProvidedCHO rdf:about="http://data.europeana.eu/item/2021672/resource_document_mauritshuis_120"/><edm:WebResource rdf:about="https://www.mauritshuis.nl/media/qslhskvv/0120_repro.jpg"><ebucore:hasMimeType>image/jpeg</ebucore:hasMimeType><ebucore:fileByteSize rdf:datatype="http://www.w3.org/2001/XMLSchema#long">3115033</ebucore:fileByteSize><ebucore:width rdf:datatype="http://www.w3.org/2001/XMLSchema#integer">2948</ebucore:width><ebucore:height rdf:datatype="http://www.w3.org/2001/XMLSchema#integer">3543</ebucore:height><edm:hasColorSpace>sRGB</edm:hasColorSpace><edm:componentColor rdf:datatype="http://www.w3.org/2001/XMLSchema#hexBinary">#000000</edm:componentColor><edm:componentColor rdf:datatype="http://www.w3.org/2001/XMLSchema#hexBinary">#8FBC8F</edm:componentColor><edm:componentColor rdf:datatype="http://www.w3.org/2001/XMLSchema#hexBinary">#EEE8AA</edm:componentColor><edm:componentColor rdf:datatype="http://www.w3.org/2001/XMLSchema#hexBinary">#A0522D</edm:componentColor><edm:componentColor rdf:datatype="http://www.w3.org/2001/XMLSchema#hexBinary">#DEB887</edm:componentColor><edm:componentColor rdf:datatype="http://www.w3.org/2001/XMLSchema#hexBinary">#F5DEB3</edm:componentColor><ebucore:orientation rdf:datatype="http://www.w3.org/2001/XMLSchema#string">portrait</ebucore:orientation></edm:WebResource><edm:Agent rdf:about="http://data.europeana.eu/agent/100368"><skos:prefLabel xml:lang="de">Jan van Ravesteyn</skos:prefLabel><skos:prefLabel xml:lang="sv">Jan van Ravesteyn</skos:prefLabel><skos:prefLabel xml:lang="ru">Равестейн, Ян Антонисзон ван</skos:prefLabel><skos:prefLabel xml:lang="pt">Jan van Ravesteyn</skos:prefLabel><skos:prefLabel xml:lang="el">Γιαν φαν Ραφεστάιν</skos:prefLabel><skos:prefLabel xml:lang="en">Jan van Ravesteyn</skos:prefLabel><skos:prefLabel xml:lang="it">Jan van Ravesteyn</skos:prefLabel><skos:prefLabel xml:lang="fr">Jan van Ravesteyn</skos:prefLabel><skos:prefLabel xml:lang="es">Jan Antonisz van Ravesteyn</skos:prefLabel><skos:prefLabel xml:lang="cs">Jan Anthonisz. van Ravesteyn</skos:prefLabel><skos:prefLabel xml:lang="sk">Jan Anthonisz. van Ravesteyn</skos:prefLabel><skos:prefLabel xml:lang="sl">Jan van Ravesteyn</skos:prefLabel><skos:prefLabel xml:lang="pl">Jan Antonisz van Ravesteyn</skos:prefLabel><skos:prefLabel xml:lang="da">Jan Anthonisz. van Ravesteyn</skos:prefLabel><skos:prefLabel xml:lang="ca">Jan Anthonisz. van Ravesteyn</skos:prefLabel><skos:prefLabel xml:lang="nl">Jan van Ravesteyn</skos:prefLabel><skos:altLabel xml:lang="de">Jan Antonisz. van Ravesteyn</skos:altLabel><skos:altLabel xml:lang="sv">Jan Antonisz van Ravesteyn</skos:altLabel><skos:altLabel xml:lang="ru">Ян Антонисзон ван Равестейн</skos:altLabel><skos:altLabel xml:lang="el">Γιαν Αντόνις φαν Ραφεστάιν</skos:altLabel><skos:altLabel xml:lang="en">Jan Anthonisz. Van Ravesteyn</skos:altLabel><skos:altLabel xml:lang="en">Jan Anthonisz. van Ravesteyn</skos:altLabel><skos:altLabel xml:lang="en">John Van Ravesteyn</skos:altLabel><skos:altLabel xml:lang="en">Jan Anthonisz. van Ravestyn</skos:altLabel><skos:altLabel xml:lang="en">Jan Anthonisz. van Ravenstein</skos:altLabel><skos:altLabel xml:lang="en">Jan Antonisz. Van Ravesteyn</skos:altLabel><skos:altLabel xml:lang="en">Jan Antonisz van Ravesteyn</skos:altLabel><skos:altLabel xml:lang="en">Jan Anthonisz. van Ravestein</skos:altLabel><skos:altLabel xml:lang="en">Jan Antonisz. van Ravesteijn</skos:altLabel><skos:altLabel xml:lang="en">Jan van Ravesteijn</skos:altLabel><skos:altLabel xml:lang="en">Joan van Ravestein</skos:altLabel><skos:altLabel xml:lang="en">Johan van Ravestein</skos:altLabel><skos:altLabel xml:lang="en">Johannes Ravestein</skos:altLabel><skos:altLabel xml:lang="en">Jan Anthonie van Ravesteyn</skos:altLabel><skos:altLabel xml:lang="en">Jan Antonisz. van Ravesteyn</skos:altLabel><skos:altLabel xml:lang="en">J.A. van Ravesteyn</skos:altLabel><skos:altLabel xml:lang="en">Johann von Ravestein</skos:altLabel><skos:altLabel xml:lang="en">Ravestein</skos:altLabel><skos:altLabel xml:lang="en">Jan van ravestijn</skos:altLabel><skos:altLabel xml:lang="en">Jan Antonisz Ravesteyn</skos:altLabel><skos:altLabel xml:lang="en">J. van Ravesteyn</skos:altLabel><skos:altLabel xml:lang="en">J. van Ravestein</skos:altLabel><skos:altLabel xml:lang="en">Jan Anthonisz v. Ravesteyn</skos:altLabel><skos:altLabel xml:lang="en">Ravesteyn</skos:altLabel><skos:altLabel xml:lang="en">J. a. v. ravesteijn</skos:altLabel><skos:altLabel xml:lang="en">Jan anthonisz van ravesteijn</skos:altLabel><skos:altLabel xml:lang="en">Jan Antonisz van Ravesteijn</skos:altLabel><skos:altLabel xml:lang="en">Jean De Ravestain</skos:altLabel><skos:altLabel xml:lang="en">J. van ravesteijn</skos:altLabel><skos:altLabel xml:lang="en">J. Van Ravenstyn</skos:altLabel><skos:altLabel xml:lang="en">Jan Ravesteyn</skos:altLabel><skos:altLabel xml:lang="en">J. V. Ravenstein</skos:altLabel><skos:altLabel xml:lang="en">J. Ant. v. Ravesteijn</skos:altLabel><skos:altLabel xml:lang="en">Jan Anthonisz Ravesteyn</skos:altLabel><skos:altLabel xml:lang="en">J. Ravestein</skos:altLabel><skos:altLabel xml:lang="en">Jan van ravestyn</skos:altLabel><skos:altLabel xml:lang="en">A. van Ravesteyn</skos:altLabel><skos:altLabel xml:lang="en">Anton van Ravesteyn</skos:altLabel><skos:altLabel xml:lang="en">Anthonis van Ravesteyn</skos:altLabel><skos:altLabel xml:lang="en">Ravestiyne</skos:altLabel><skos:altLabel xml:lang="en">Johannes Anthonisz van Ravesteyn</skos:altLabel><skos:altLabel xml:lang="en">Jan anthonisz van ravestijn</skos:altLabel><skos:altLabel xml:lang="en">Ravenstein</skos:altLabel><skos:altLabel xml:lang="en">Jan anth. van ravesteijn</skos:altLabel><skos:altLabel xml:lang="en">Jan anth. van ravesteyn</skos:altLabel><skos:altLabel xml:lang="en">Jan Anthoniesz van Ravesteyn</skos:altLabel><skos:altLabel xml:lang="en">J. a. van ravestijn</skos:altLabel><skos:altLabel xml:lang="en">Jan Rauelstein</skos:altLabel><skos:altLabel xml:lang="en">J.A. Ravesteyn</skos:altLabel><skos:altLabel xml:lang="en">Antonie ravesteyn</skos:altLabel><skos:altLabel xml:lang="en">J. Ravesteyn</skos:altLabel><skos:altLabel xml:lang="en">Ravenstyn</skos:altLabel><skos:altLabel xml:lang="en">Jan Anthonisz van Ravesteyn</skos:altLabel><skos:altLabel xml:lang="en">Studio of Jan van van Ravesteyn</skos:altLabel><skos:altLabel xml:lang="fr">Jan Antonisz. van Ravesteyn</skos:altLabel><skos:altLabel xml:lang="fr">Jan Anthonisz van Ravesteyn</skos:altLabel><skos:altLabel xml:lang="nl">Jan Antonisz. van Ravesteijn</skos:altLabel><skos:altLabel xml:lang="nl">Jan van Ravesteijn</skos:altLabel><skos:altLabel xml:lang="nl">Joan van Ravestein</skos:altLabel><skos:altLabel xml:lang="nl">Johan van Ravestein</skos:altLabel><skos:altLabel xml:lang="nl">Johannes Ravestein</skos:altLabel><skos:altLabel xml:lang="nl">Jan Anthonie van Ravesteyn</skos:altLabel><skos:altLabel xml:lang="nl">Jan Anthonisz. van Ravesteyn</skos:altLabel><skos:altLabel xml:lang="nl">Jan Antonisz. van Ravesteyn</skos:altLabel><skos:altLabel xml:lang="nl">Jan Anth. van Ravesteyn</skos:altLabel><skos:altLabel xml:lang="nl">Atelier van Jan van Ravesteyn</skos:altLabel><skos:altLabel xml:lang="es">Jan Anthonisz van Ravesteyn</skos:altLabel><skos:note xml:lang="eu">Margolari nederlandarra</skos:note><skos:note xml:lang="de">Niederländischer Maler</skos:note><skos:note xml:lang="pt">Pintor neerlandês</skos:note><skos:note xml:lang="el">Ολλανδός ζωγράφος</skos:note><skos:note xml:lang="en">Painter from the Northern Netherlands (1572–1657)</skos:note><skos:note xml:lang="it">Pittore olandese</skos:note><skos:note xml:lang="fr">Peintre néerlandais</skos:note><skos:note xml:lang="ca">Pintor neerlandès</skos:note><skos:note xml:lang="es">Pintor neerlandés</skos:note><skos:note xml:lang="nl">Nederlands kunstschilder</skos:note><edm:hasMet rdf:resource="http://data.europeana.eu/concept/106"/><edm:isRelatedTo rdf:resource="http://data.europeana.eu/agent/45520"></edm:isRelatedTo><rdaGr2:dateOfBirth>1572-01-01</rdaGr2:dateOfBirth><rdaGr2:dateOfDeath>1657-06-21</rdaGr2:dateOfDeath><rdaGr2:placeOfBirth rdf:resource="http://data.europeana.eu/place/40361"></rdaGr2:placeOfBirth><rdaGr2:placeOfDeath rdf:resource="http://data.europeana.eu/place/40361"></rdaGr2:placeOfDeath><rdaGr2:professionOrOccupation rdf:resource="http://data.europeana.eu/concept/47"></rdaGr2:professionOrOccupation><owl:sameAs rdf:resource="http://www.wikidata.org/entity/Q864059"/><owl:sameAs rdf:resource="http://viaf.org/viaf/71665391"/><owl:sameAs rdf:resource="https://d-nb.info/gnd/132075806"/><owl:sameAs rdf:resource="http://id.loc.gov/authorities/names/no2017030368"/><owl:sameAs rdf:resource="http://vocab.getty.edu/ulan/500008192"/><owl:sameAs rdf:resource="http://data.bnf.fr/ark:/12148/cb149666191"/><owl:sameAs rdf:resource="http://www.idref.fr/197954111/id"/><owl:sameAs rdf:resource="https://www.freebase.com/m/02ww2l0"/><owl:sameAs rdf:resource="https://g.co/kg/m/02ww2l0"/><owl:sameAs rdf:resource="http://datos.bne.es/resource/XX5239995"/><owl:sameAs rdf:resource="http://data.bibliotheken.nl/id/thes/p097739979"/><owl:sameAs rdf:resource="http://ta.sandrart.net/-person-2524"/><owl:sameAs rdf:resource="http://dbpedia.org/resource/Jan_van_Ravesteyn"/></edm:Agent><edm:TimeSpan rdf:about="#1618%2F1618"><skos:prefLabel xml:lang="zxx">1618/1618</skos:prefLabel><dcterms:isPartOf rdf:resource="http://data.europeana.eu/timespan/17"></dcterms:isPartOf><edm:begin>1618-01-01</edm:begin><edm:end>1618-12-31</edm:end></edm:TimeSpan><edm:TimeSpan rdf:about="http://data.europeana.eu/timespan/17"><skos:prefLabel xml:lang="de">17. Jahrhundert</skos:prefLabel><skos:prefLabel xml:lang="ru">XVII век</skos:prefLabel><skos:prefLabel xml:lang="fi">1600-luku</skos:prefLabel><skos:prefLabel xml:lang="pt">Século XVII</skos:prefLabel><skos:prefLabel xml:lang="bg">17 век</skos:prefLabel><skos:prefLabel xml:lang="lt">XVII amžius</skos:prefLabel><skos:prefLabel xml:lang="lv">17. gadsimts</skos:prefLabel><skos:prefLabel xml:lang="hr">17. stoljeće</skos:prefLabel><skos:prefLabel xml:lang="fr">XVIIe siècle</skos:prefLabel><skos:prefLabel xml:lang="hu">17. század</skos:prefLabel><skos:prefLabel xml:lang="sk">17. storočie</skos:prefLabel><skos:prefLabel xml:lang="sl">17. stoletje</skos:prefLabel><skos:prefLabel xml:lang="ga">17ú haois</skos:prefLabel><skos:prefLabel xml:lang="ca">Segle XVII</skos:prefLabel><skos:prefLabel xml:lang="sv">1600-talet</skos:prefLabel><skos:prefLabel xml:lang="mt">Seklu XVII</skos:prefLabel><skos:prefLabel xml:lang="el">17ος αιώνας</skos:prefLabel><skos:prefLabel xml:lang="en">17th century</skos:prefLabel><skos:prefLabel xml:lang="it">XVII secolo</skos:prefLabel><skos:prefLabel xml:lang="es">Siglo XVII</skos:prefLabel><skos:prefLabel xml:lang="et">17. sajand</skos:prefLabel><skos:prefLabel xml:lang="eu">XVII. mendea</skos:prefLabel><skos:prefLabel xml:lang="cs">17. století</skos:prefLabel><skos:prefLabel xml:lang="pl">XVII wiek</skos:prefLabel><skos:prefLabel xml:lang="ro">Secolul al XVII-lea</skos:prefLabel><skos:prefLabel xml:lang="da">17. århundrede</skos:prefLabel><skos:prefLabel xml:lang="nl">17e eeuw</skos:prefLabel><skos:altLabel xml:lang="sv">1600-tal</skos:altLabel><skos:altLabel xml:lang="sv">17:e århundradet</skos:altLabel><skos:altLabel xml:lang="sv">17:e seklet</skos:altLabel><skos:altLabel xml:lang="sv">1600-talet (århundrade)</skos:altLabel><skos:altLabel xml:lang="sv">1600-talet (sekel)</skos:altLabel><skos:altLabel xml:lang="ru">17 век</skos:altLabel><skos:altLabel xml:lang="mt">Seklu 17</skos:altLabel><skos:altLabel xml:lang="en">17th-century</skos:altLabel><skos:altLabel xml:lang="en">17th-century</skos:altLabel><skos:altLabel xml:lang="en">History, 17th Century</skos:altLabel><skos:altLabel xml:lang="it">Seicento</skos:altLabel><skos:altLabel xml:lang="it">17° secolo</skos:altLabel><skos:altLabel xml:lang="it">Secolo XVII</skos:altLabel><skos:altLabel xml:lang="it">XVII Secolo</skos:altLabel><skos:altLabel xml:lang="it">Diciassettesimo secolo</skos:altLabel><skos:altLabel xml:lang="it">'600</skos:altLabel><skos:altLabel xml:lang="it">17º secolo</skos:altLabel><skos:altLabel xml:lang="it">Seicento</skos:altLabel><skos:altLabel xml:lang="fr">17e siècle</skos:altLabel><edm:begin>1601-01-01</edm:begin><edm:end>1700-12-31</edm:end><owl:sameAs rdf:resource="http://www.wikidata.org/entity/Q7016"/><owl:sameAs rdf:resource="http://id.loc.gov/authorities/names/sh85120427"/><owl:sameAs rdf:resource="http://data.bnf.fr/ark:/12148/cb120419182"/><owl:sameAs rdf:resource="http://id.nlm.nih.gov/mesh/D049670"/><owl:sameAs rdf:resource="https://www.freebase.com/m/08b2m"/><owl:sameAs rdf:resource="https://g.co/kg/m/08b2m"/><owl:sameAs rdf:resource="http://id.nlm.nih.gov/mesh/K01.400.504.750"/><owl:sameAs rdf:resource="http://vocab.getty.edu/aat/300404511"/><owl:sameAs rdf:resource="http://babelnet.org/rdf/s02814624n"/><owl:sameAs rdf:resource="http://dbpedia.org/resource/17th_century"/></edm:TimeSpan><ore:Aggregation rdf:about="http://data.europeana.eu/aggregation/provider/2021672/resource_document_mauritshuis_120"><edm:aggregatedCHO rdf:resource="http://data.europeana.eu/item/2021672/resource_document_mauritshuis_120"/><edm:dataProvider rdf:resource="http://data.europeana.eu/organization/1482250000004509120"></edm:dataProvider><edm:isShownBy rdf:resource="https://www.mauritshuis.nl/media/qslhskvv/0120_repro.jpg"/><edm:provider rdf:resource="http://data.europeana.eu/organization/1482250000004671093"></edm:provider><edm:rights rdf:resource="http://creativecommons.org/publicdomain/mark/1.0/"/></ore:Aggregation><ore:Proxy rdf:about="http://data.europeana.eu/proxy/provider/2021672/resource_document_mauritshuis_120"><dc:creator>Jan Anthonisz van Ravesteyn</dc:creator><dc:date>1618 - 1618</dc:date><dc:description xml:lang="nl-NL">Dit schilderij is afkomstig uit de familie van Johan Maurits, degene voor wie het Mauritshuis werd gebouwd. Op het portret staat te lezen wie de dame is: Ernestina, femme de conte Jan de Nassau – vrouw van graaf Jan van Nassau. Deze Jan was een halfbroer van Johan Maurits van Nassau-Siegen en was – tot ontzetting van de rest van de protestantse familie – openlijk katholiek.  Jan van Ravesteyn schilderde Ernestina in vol ornaat, met in haar haar een kostbaar sieraad van parels en oranjebloesem.</dc:description><dc:description xml:lang="en-GB">This painting comes from the family of Johan Maurits, for whom the Mauritshuis was built. The inscription on the portrait tells us who the lady is: Ernestina, femme de conte Jan de Nassau – wife of Count Jan of Nassau. The Jan in question was the half-brother of Johan Maurits of Nassau-Siegen. To the dismay of the rest of his Protestant family, Jan was openly Catholic. Jan van Ravesteyn painted Ernestina in all her finery, with a costly tiara of pearls and orange blossom in her hair.</dc:description><dc:format>7 cm</dc:format><dc:format>69.5 cm</dc:format><dc:format>53.4 cm</dc:format><dc:format>81 cm</dc:format><dc:format>63.5 cm</dc:format><dc:identifier>120</dc:identifier><dc:title xml:lang="nl-NL">Portret van Ernestine Yolande (1594-1663), prinses van Ligne</dc:title><dc:title xml:lang="en-GB">Portrait of Ernestine Yolande (1594-1663), Princess of Ligne</dc:title><dc:type xml:lang="nl-NL">schilderij</dc:type><dc:type xml:lang="en-GB">painting</dc:type><dcterms:medium xml:lang="nl-NL">paneel</dcterms:medium><dcterms:medium xml:lang="en-GB">panel</dcterms:medium><edm:europeanaProxy>false</edm:europeanaProxy><ore:proxyFor rdf:resource="http://data.europeana.eu/item/2021672/resource_document_mauritshuis_120"/><ore:proxyIn rdf:resource="http://data.europeana.eu/aggregation/provider/2021672/resource_document_mauritshuis_120"/><edm:type>IMAGE</edm:type></ore:Proxy><ore:Proxy rdf:about="http://data.europeana.eu/proxy/europeana/2021672/resource_document_mauritshuis_120"><dc:creator rdf:resource="http://data.europeana.eu/agent/100368"></dc:creator><dc:date rdf:resource="#1618%2F1618"></dc:date><dc:date rdf:resource="#1618%2F1618"></dc:date><dc:identifier>resource_document_mauritshuis_120</dc:identifier><edm:europeanaProxy>true</edm:europeanaProxy><ore:proxyFor rdf:resource="http://data.europeana.eu/item/2021672/resource_document_mauritshuis_120"/><ore:proxyIn rdf:resource="http://data.europeana.eu/aggregation/europeana/2021672/resource_document_mauritshuis_120"/><ore:lineage rdf:resource="http://data.europeana.eu/proxy/provider/2021672/resource_document_mauritshuis_120"/><edm:type>IMAGE</edm:type></ore:Proxy><edm:EuropeanaAggregation rdf:about="http://data.europeana.eu/aggregation/europeana/2021672/resource_document_mauritshuis_120"><edm:aggregatedCHO rdf:resource="http://data.europeana.eu/item/2021672/resource_document_mauritshuis_120"/><edm:datasetName>2021672_Ag_NL_DigitaleCollectie_Mauritshuis</edm:datasetName><edm:country>Netherlands</edm:country><edm:preview rdf:resource="https://www.mauritshuis.nl/media/qslhskvv/0120_repro.jpg"/><edm:landingPage rdf:resource="https://www.europeana.eu/item/2021672/resource_document_mauritshuis_120"/><edm:language>nl</edm:language><edm:completeness>0</edm:completeness><dcterms:created>2017-08-02T11:48:18.397Z</dcterms:created><dcterms:modified>2023-02-28T08:45:41.077Z</dcterms:modified><dqv:hasQualityAnnotation rdf:resource="http://data.europeana.eu/item/2021672/resource_document_mauritshuis_120#contentTier"/><dqv:hasQualityAnnotation rdf:resource="http://data.europeana.eu/item/2021672/resource_document_mauritshuis_120#metadataTier"/></edm:EuropeanaAggregation><foaf:Organization rdf:about="http://data.europeana.eu/organization/1482250000004509120"><skos:prefLabel xml:lang="en">Mauritshuis</skos:prefLabel><skos:prefLabel xml:lang="nl">Mauritshuis</skos:prefLabel></foaf:Organization><foaf:Organization rdf:about="http://data.europeana.eu/organization/1482250000004671093"><skos:prefLabel xml:lang="en">Dutch Collections for Europe</skos:prefLabel></foaf:Organization><dqv:QualityAnnotation rdf:about="http://data.europeana.eu/item/2021672/resource_document_mauritshuis_120#contentTier"><dcterms:created>2023-02-28T08:46:33.772460Z</dcterms:created><oa:hasTarget rdf:resource="http://data.europeana.eu/aggregation/provider/2021672/resource_document_mauritshuis_120"/><oa:hasBody rdf:resource="http://www.europeana.eu/schemas/epf/contentTier4"/></dqv:QualityAnnotation><dqv:QualityAnnotation rdf:about="http://data.europeana.eu/item/2021672/resource_document_mauritshuis_120#metadataTier"><dcterms:created>2023-02-28T08:46:33.772475Z</dcterms:created><oa:hasTarget rdf:resource="http://data.europeana.eu/aggregation/provider/2021672/resource_document_mauritshuis_120"/><oa:hasBody rdf:resource="http://www.europeana.eu/schemas/epf/metadataTierA"/></dqv:QualityAnnotation></rdf:RDF>