<?xml version="1.0" encoding="UTF-8" standalone="yes"?><rdf:RDF xmlns:rdf="http://www.w3.org/1999/02/22-rdf-syntax-ns#" xmlns:dc="http://purl.org/dc/elements/1.1/" xmlns:dcterms="http://purl.org/dc/terms/" xmlns:edm="http://www.europeana.eu/schemas/edm/" xmlns:owl="http://www.w3.org/2002/07/owl#" xmlns:wgs84_pos="http://www.w3.org/2003/01/geo/wgs84_pos#" xmlns:skos="http://www.w3.org/2004/02/skos/core#" xmlns:rdaGr2="http://rdvocab.info/ElementsGr2/" xmlns:foaf="http://xmlns.com/foaf/0.1/" xmlns:ebucore="http://www.ebu.ch/metadata/ontologies/ebucore/ebucore#" xmlns:doap="http://usefulinc.com/ns/doap#" xmlns:odrl="http://www.w3.org/ns/odrl/2/" xmlns:cc="http://creativecommons.org/ns#" xmlns:ore="http://www.openarchives.org/ore/terms/" xmlns:svcs="http://rdfs.org/sioc/services#" xmlns:oa="http://www.w3.org/ns/oa#" xmlns:dqv="http://www.w3.org/ns/dqv#"><edm:ProvidedCHO rdf:about="http://data.europeana.eu/item/2021672/resource_document_mauritshuis_1202"/><edm:WebResource rdf:about="https://www.mauritshuis.nl/media/kccghfkb/1202.jpg"><ebucore:hasMimeType>image/jpeg</ebucore:hasMimeType><ebucore:fileByteSize rdf:datatype="http://www.w3.org/2001/XMLSchema#long">4346897</ebucore:fileByteSize><ebucore:width rdf:datatype="http://www.w3.org/2001/XMLSchema#integer">4191</ebucore:width><ebucore:height rdf:datatype="http://www.w3.org/2001/XMLSchema#integer">6000</ebucore:height><edm:hasColorSpace>sRGB</edm:hasColorSpace><edm:componentColor rdf:datatype="http://www.w3.org/2001/XMLSchema#hexBinary">#F5DEB3</edm:componentColor><edm:componentColor rdf:datatype="http://www.w3.org/2001/XMLSchema#hexBinary">#2F4F4F</edm:componentColor><edm:componentColor rdf:datatype="http://www.w3.org/2001/XMLSchema#hexBinary">#BDB76B</edm:componentColor><edm:componentColor rdf:datatype="http://www.w3.org/2001/XMLSchema#hexBinary">#E9967A</edm:componentColor><edm:componentColor rdf:datatype="http://www.w3.org/2001/XMLSchema#hexBinary">#A0522D</edm:componentColor><edm:componentColor rdf:datatype="http://www.w3.org/2001/XMLSchema#hexBinary">#D8BFD8</edm:componentColor><ebucore:orientation rdf:datatype="http://www.w3.org/2001/XMLSchema#string">portrait</ebucore:orientation></edm:WebResource><edm:TimeSpan rdf:about="http://data.europeana.eu/timespan/19"><skos:prefLabel xml:lang="de">19. Jahrhundert</skos:prefLabel><skos:prefLabel xml:lang="ru">XIX век</skos:prefLabel><skos:prefLabel xml:lang="fi">1800-luku</skos:prefLabel><skos:prefLabel xml:lang="pt">Século XIX</skos:prefLabel><skos:prefLabel xml:lang="bg">19 век</skos:prefLabel><skos:prefLabel xml:lang="lt">XIX amžius</skos:prefLabel><skos:prefLabel xml:lang="lv">19. gadsimts</skos:prefLabel><skos:prefLabel xml:lang="hr">19. stoljeće</skos:prefLabel><skos:prefLabel xml:lang="fr">XIXᵉ siècle</skos:prefLabel><skos:prefLabel xml:lang="hu">19. század</skos:prefLabel><skos:prefLabel xml:lang="sk">19. storočie</skos:prefLabel><skos:prefLabel xml:lang="sl">19. stoletje</skos:prefLabel><skos:prefLabel xml:lang="ga">19ú haois</skos:prefLabel><skos:prefLabel xml:lang="ca">Segle XIX</skos:prefLabel><skos:prefLabel xml:lang="sv">1800-talet</skos:prefLabel><skos:prefLabel xml:lang="el">19ος αιώνας</skos:prefLabel><skos:prefLabel xml:lang="en">19th century</skos:prefLabel><skos:prefLabel xml:lang="it">XIX secolo</skos:prefLabel><skos:prefLabel xml:lang="es">Siglo XIX</skos:prefLabel><skos:prefLabel xml:lang="et">19. sajand</skos:prefLabel><skos:prefLabel xml:lang="eu">XIX. mendea</skos:prefLabel><skos:prefLabel xml:lang="cs">19. století</skos:prefLabel><skos:prefLabel xml:lang="pl">XIX wiek</skos:prefLabel><skos:prefLabel xml:lang="ro">Secolul al XIX-lea</skos:prefLabel><skos:prefLabel xml:lang="da">19. århundrede</skos:prefLabel><skos:prefLabel xml:lang="nl">19e eeuw</skos:prefLabel><skos:altLabel xml:lang="ru">19 век</skos:altLabel><skos:altLabel xml:lang="sv">19:e århundradet</skos:altLabel><skos:altLabel xml:lang="sv">19:e seklet</skos:altLabel><skos:altLabel xml:lang="sv">1800-tal</skos:altLabel><skos:altLabel xml:lang="sv">1800-talet (århundrade)</skos:altLabel><skos:altLabel xml:lang="sv">1800-talet (sekel)</skos:altLabel><skos:altLabel xml:lang="en">19th-century</skos:altLabel><skos:altLabel xml:lang="en">19th-century</skos:altLabel><skos:altLabel xml:lang="en">Nineteenth century</skos:altLabel><skos:altLabel xml:lang="en">19. century</skos:altLabel><skos:altLabel xml:lang="en">XIX Century</skos:altLabel><skos:altLabel xml:lang="it">Ottocento</skos:altLabel><skos:altLabel xml:lang="it">19° secolo</skos:altLabel><skos:altLabel xml:lang="it">Secolo XIX</skos:altLabel><skos:altLabel xml:lang="it">XIX Secolo</skos:altLabel><skos:altLabel xml:lang="it">19esimo secolo</skos:altLabel><skos:altLabel xml:lang="it">Diciannovesimo secolo</skos:altLabel><skos:altLabel xml:lang="it">'800</skos:altLabel><skos:altLabel xml:lang="it">Ottocento</skos:altLabel><skos:altLabel xml:lang="fr">19e siècle</skos:altLabel><skos:altLabel xml:lang="fr">XIXe siècle</skos:altLabel><skos:altLabel xml:lang="da">1800-tallet</skos:altLabel><skos:altLabel xml:lang="ca">XIX</skos:altLabel><skos:altLabel xml:lang="ca">Segle dinou</skos:altLabel><skos:altLabel xml:lang="ca">Segle 19</skos:altLabel><skos:altLabel xml:lang="es">19. siglo</skos:altLabel><skos:altLabel xml:lang="es">Siglo 19</skos:altLabel><skos:altLabel xml:lang="es">Siglo diecinueve</skos:altLabel><edm:begin>1801-01-01</edm:begin><edm:end>1900-01-01</edm:end><owl:sameAs rdf:resource="http://www.wikidata.org/entity/Q6955"/><owl:sameAs rdf:resource="http://id.loc.gov/authorities/names/sh2002012475"/><owl:sameAs rdf:resource="http://id.loc.gov/authorities/names/sh85091984"/><owl:sameAs rdf:resource="http://id.nlm.nih.gov/mesh/D049672"/><owl:sameAs rdf:resource="https://www.freebase.com/m/08b3m"/><owl:sameAs rdf:resource="https://g.co/kg/m/08b3m"/><owl:sameAs rdf:resource="http://datos.bne.es/resource/XX4343988"/><owl:sameAs rdf:resource="http://vocab.getty.edu/aat/300404513"/><owl:sameAs rdf:resource="http://babelnet.org/rdf/s02210346n"/><owl:sameAs rdf:resource="http://dbpedia.org/resource/19th_century"/></edm:TimeSpan><edm:TimeSpan rdf:about="#1875%2F1875"><skos:prefLabel xml:lang="zxx">1875/1875</skos:prefLabel><dcterms:isPartOf rdf:resource="http://data.europeana.eu/timespan/19"></dcterms:isPartOf><edm:begin>1875-01-01</edm:begin><edm:end>1875-12-31</edm:end></edm:TimeSpan><skos:Concept rdf:about="http://data.europeana.eu/concept/51"><skos:prefLabel xml:lang="de">Bildhauerkunst</skos:prefLabel><skos:prefLabel xml:lang="ru">Скульптура</skos:prefLabel><skos:prefLabel xml:lang="fi">Kuvanveisto</skos:prefLabel><skos:prefLabel xml:lang="pt">Escultura</skos:prefLabel><skos:prefLabel xml:lang="bg">Скулптура</skos:prefLabel><skos:prefLabel xml:lang="lt">Skulptūra</skos:prefLabel><skos:prefLabel xml:lang="lv">Tēlniecība</skos:prefLabel><skos:prefLabel xml:lang="hr">Kiparstvo</skos:prefLabel><skos:prefLabel xml:lang="fr">Sculpture</skos:prefLabel><skos:prefLabel xml:lang="hu">Szobrászat</skos:prefLabel><skos:prefLabel xml:lang="sk">Sochárstvo</skos:prefLabel><skos:prefLabel xml:lang="sl">Kiparstvo</skos:prefLabel><skos:prefLabel xml:lang="ga">Dealbhóireacht</skos:prefLabel><skos:prefLabel xml:lang="ca">Escultura</skos:prefLabel><skos:prefLabel xml:lang="sv">Bildhuggeri</skos:prefLabel><skos:prefLabel xml:lang="mt">Skultura</skos:prefLabel><skos:prefLabel xml:lang="el">Γλυπτική</skos:prefLabel><skos:prefLabel xml:lang="en">Art of sculpture</skos:prefLabel><skos:prefLabel xml:lang="it">Scultura</skos:prefLabel><skos:prefLabel xml:lang="es">Escultura</skos:prefLabel><skos:prefLabel xml:lang="et">Skulptuur</skos:prefLabel><skos:prefLabel xml:lang="eu">Eskulturagintza</skos:prefLabel><skos:prefLabel xml:lang="cs">Sochařství</skos:prefLabel><skos:prefLabel xml:lang="pl">Rzeźbiarstwo</skos:prefLabel><skos:prefLabel xml:lang="ro">Sculptură</skos:prefLabel><skos:prefLabel xml:lang="da">Skulpturkunst</skos:prefLabel><skos:prefLabel xml:lang="nl">Beeldhouwkunst</skos:prefLabel><skos:note xml:lang="de">Gattung der bildenden Kunst, in der aus festen Stoffen bestehende, dreidimensionale Bildwerke geschaffen wurden und werden</skos:note><skos:note xml:lang="fi">Kuvataiteellista ilmaisua kolmiulotteisessa muodossa</skos:note><skos:note xml:lang="sv">Tredimensionellt konstverk</skos:note><skos:note xml:lang="ru">Разновидность искусства</skos:note><skos:note xml:lang="pt">Ramo das artes visuais (não confundir com Q860861, para obras de escultura)</skos:note><skos:note xml:lang="el">Μία εκ των καλών τεχνών, μορφή καλλιτεχνικής έκφρασης</skos:note><skos:note xml:lang="en">Branch of the visual arts that operates in three dimensions</skos:note><skos:note xml:lang="it">Arte di dare forma ad un oggetto partendo da un materiale grezzo o assemblando diversi materiali</skos:note><skos:note xml:lang="fr">Un des beaux arts, activité artistique</skos:note><skos:note xml:lang="es">Actividad artística, rama de las artes visuales</skos:note><skos:note xml:lang="et">Kujutava kunsti liik</skos:note><skos:note xml:lang="sk">Umenie vytvárania trojrozmerných sôch z rôznych materiálov</skos:note><skos:note xml:lang="ga">Ealaín</skos:note><skos:note xml:lang="pl">Sztuka polegająca na tworzeniu rzeźb</skos:note><skos:note xml:lang="da">Tre-dimensionelle illustrationer</skos:note><skos:note xml:lang="ca">Branca de les arts visuals que treballa en tres dimensions</skos:note><skos:note xml:lang="nl">Een van de beeldende kunsten</skos:note><skos:exactMatch rdf:resource="http://www.wikidata.org/entity/Q11634"/><skos:exactMatch rdf:resource="http://cv.iptc.org/newscodes/subjectcode/01015000"/><skos:exactMatch rdf:resource="https://d-nb.info/gnd/4046277-8"/><skos:exactMatch rdf:resource="http://id.loc.gov/authorities/names/sh85119004"/><skos:exactMatch rdf:resource="http://data.bnf.fr/ark:/12148/cb11933241b"/><skos:exactMatch rdf:resource="http://id.ndl.go.jp/auth/ndlna/00573617"/><skos:exactMatch rdf:resource="http://purl.org/bncf/tid/4223"/><skos:exactMatch rdf:resource="https://www.freebase.com/m/06msq"/><skos:exactMatch rdf:resource="https://g.co/kg/m/06msq"/><skos:exactMatch rdf:resource="http://datos.bne.es/resource/XX525481"/><skos:exactMatch rdf:resource="http://vocab.getty.edu/aat/300264383"/><skos:exactMatch rdf:resource="http://iconclass.org/48C2"/><skos:exactMatch rdf:resource="http://www.yso.fi/onto/yso/p5694"/><skos:exactMatch rdf:resource="http://babelnet.org/rdf/s00069924n"/><skos:exactMatch rdf:resource="http://vocabularies.unesco.org/thesaurus/concept10193"/><skos:exactMatch rdf:resource="http://id.loc.gov/authorities/genreForms/gf2017027259"/><skos:exactMatch rdf:resource="http://cv.iptc.org/newscodes/mediatopic/20000037"/><skos:exactMatch rdf:resource="http://dbpedia.org/resource/Sculpture"/><skos:related rdf:resource="http://data.europeana.eu/concept/1943"/><skos:related rdf:resource="http://data.europeana.eu/concept/194"/></skos:Concept><skos:Concept rdf:about="http://data.europeana.eu/concept/1763"><skos:prefLabel xml:lang="de">Terrakotta</skos:prefLabel><skos:prefLabel xml:lang="fi">Terrakotta</skos:prefLabel><skos:prefLabel xml:lang="ru">Терракота</skos:prefLabel><skos:prefLabel xml:lang="pt">Terracota</skos:prefLabel><skos:prefLabel xml:lang="bg">Теракота</skos:prefLabel><skos:prefLabel xml:lang="lt">Terakota</skos:prefLabel><skos:prefLabel xml:lang="hr">Terakota</skos:prefLabel><skos:prefLabel xml:lang="fr">Terre cuite</skos:prefLabel><skos:prefLabel xml:lang="hu">Terrakotta</skos:prefLabel><skos:prefLabel xml:lang="sk">Terakota</skos:prefLabel><skos:prefLabel xml:lang="sl">Terakota</skos:prefLabel><skos:prefLabel xml:lang="ga">Cré bhruite</skos:prefLabel><skos:prefLabel xml:lang="ca">Terracota</skos:prefLabel><skos:prefLabel xml:lang="sv">Terrakotta</skos:prefLabel><skos:prefLabel xml:lang="el">Τερακότα</skos:prefLabel><skos:prefLabel xml:lang="en">Terracotta</skos:prefLabel><skos:prefLabel xml:lang="it">Terracotta</skos:prefLabel><skos:prefLabel xml:lang="es">Terracota</skos:prefLabel><skos:prefLabel xml:lang="et">Terrakota</skos:prefLabel><skos:prefLabel xml:lang="cs">Terakota</skos:prefLabel><skos:prefLabel xml:lang="eu">Terrakota</skos:prefLabel><skos:prefLabel xml:lang="pl">Terakota</skos:prefLabel><skos:prefLabel xml:lang="ro">Teracotă</skos:prefLabel><skos:prefLabel xml:lang="da">Terrakotta</skos:prefLabel><skos:prefLabel xml:lang="nl">Terracotta</skos:prefLabel><skos:note xml:lang="de">Bezeichnung für unglasierte keramische Produkte</skos:note><skos:note xml:lang="sv">Bränt men oglaserat lergods</skos:note><skos:note xml:lang="fi">Lasittamaton savikeramiikka</skos:note><skos:note xml:lang="ru">Глина, которую обожгли; но не покрыли глазурью</skos:note><skos:note xml:lang="el">Κεραμικό υλικό με βάση τον άργιλο</skos:note><skos:note xml:lang="en">Clay-based unglazed ceramic</skos:note><skos:note xml:lang="it">Materiale ottenuto dalla cottura dell'argilla</skos:note><skos:note xml:lang="fr">Matériau céramique obtenu par la cuisson d'argile</skos:note><skos:note xml:lang="es">Arcilla modelada y endurecida al horno</skos:note><skos:note xml:lang="pl">Stosowany w zdobieniu wyrób z oczyszczonej i wypalonej gliny</skos:note><skos:note xml:lang="da">Keramik</skos:note><skos:note xml:lang="nl">Poreus, ongeglazuurd aardewerk van roodbakkende klei</skos:note><skos:note xml:lang="ca">Argila cuita</skos:note><skos:exactMatch rdf:resource="http://www.wikidata.org/entity/Q60424"/><skos:exactMatch rdf:resource="https://d-nb.info/gnd/4184790-8"/><skos:exactMatch rdf:resource="http://id.loc.gov/authorities/names/sh85134051"/><skos:exactMatch rdf:resource="http://data.bnf.fr/ark:/12148/cb119452651"/><skos:exactMatch rdf:resource="http://id.ndl.go.jp/auth/ndlna/00576292"/><skos:exactMatch rdf:resource="http://purl.org/bncf/tid/856"/><skos:exactMatch rdf:resource="https://www.freebase.com/m/017jcd"/><skos:exactMatch rdf:resource="https://g.co/kg/m/017jcd"/><skos:exactMatch rdf:resource="http://vocab.getty.edu/aat/300010669"/><skos:exactMatch rdf:resource="http://id.worldcat.org/fast/1147970"/><skos:exactMatch rdf:resource="http://www.yso.fi/onto/yso/p2468"/><skos:exactMatch rdf:resource="http://babelnet.org/rdf/s00076607n"/><skos:exactMatch rdf:resource="http://nomisma.org/id/terracotta"/><skos:exactMatch rdf:resource="http://thesaurus.europeanafashion.eu/thesaurus/11063"/><skos:exactMatch rdf:resource="http://www.yso.fi/onto/ysa/Y102397"/><skos:exactMatch rdf:resource="http://dbpedia.org/resource/Terracotta"/></skos:Concept><ore:Aggregation rdf:about="http://data.europeana.eu/aggregation/provider/2021672/resource_document_mauritshuis_1202"><edm:aggregatedCHO rdf:resource="http://data.europeana.eu/item/2021672/resource_document_mauritshuis_1202"/><edm:dataProvider rdf:resource="http://data.europeana.eu/organization/1482250000004509120"></edm:dataProvider><edm:isShownBy rdf:resource="https://www.mauritshuis.nl/media/kccghfkb/1202.jpg"/><edm:provider rdf:resource="http://data.europeana.eu/organization/1482250000004671093"></edm:provider><edm:rights rdf:resource="http://creativecommons.org/publicdomain/mark/1.0/"/></ore:Aggregation><ore:Proxy rdf:about="http://data.europeana.eu/proxy/europeana/2021672/resource_document_mauritshuis_1202"><dc:date rdf:resource="#1875%2F1875"></dc:date><dc:date rdf:resource="#1875%2F1875"></dc:date><dc:identifier>resource_document_mauritshuis_1202</dc:identifier><dc:type rdf:resource="http://data.europeana.eu/concept/51"></dc:type><dcterms:medium rdf:resource="http://data.europeana.eu/concept/1763"></dcterms:medium><edm:europeanaProxy>true</edm:europeanaProxy><ore:proxyFor rdf:resource="http://data.europeana.eu/item/2021672/resource_document_mauritshuis_1202"/><ore:proxyIn rdf:resource="http://data.europeana.eu/aggregation/europeana/2021672/resource_document_mauritshuis_1202"/><ore:lineage rdf:resource="http://data.europeana.eu/proxy/provider/2021672/resource_document_mauritshuis_1202"/><edm:type>IMAGE</edm:type></ore:Proxy><ore:Proxy rdf:about="http://data.europeana.eu/proxy/provider/2021672/resource_document_mauritshuis_1202"><dc:creator>Joseph Graven</dc:creator><dc:date>1875 - 1875</dc:date><dc:format>27 cm</dc:format><dc:format>53 cm</dc:format><dc:format>40 cm</dc:format><dc:identifier>1202</dc:identifier><dc:title xml:lang="nl-NL">Buste van stadhouder Maurits, prins van Oranje (1567-1625)</dc:title><dc:title xml:lang="en-GB">Bust of Stadholder Maurits, Prince of Orange (1567-1625)</dc:title><dc:type xml:lang="nl-NL">beeldhouwwerk</dc:type><dc:type xml:lang="en-GB">sculpture</dc:type><dcterms:medium xml:lang="nl-NL">terracotta</dcterms:medium><dcterms:medium xml:lang="en-GB">terracotta</dcterms:medium><edm:europeanaProxy>false</edm:europeanaProxy><ore:proxyFor rdf:resource="http://data.europeana.eu/item/2021672/resource_document_mauritshuis_1202"/><ore:proxyIn rdf:resource="http://data.europeana.eu/aggregation/provider/2021672/resource_document_mauritshuis_1202"/><edm:type>IMAGE</edm:type></ore:Proxy><edm:EuropeanaAggregation rdf:about="http://data.europeana.eu/aggregation/europeana/2021672/resource_document_mauritshuis_1202"><edm:aggregatedCHO rdf:resource="http://data.europeana.eu/item/2021672/resource_document_mauritshuis_1202"/><edm:datasetName>2021672_Ag_NL_DigitaleCollectie_Mauritshuis</edm:datasetName><edm:country>Netherlands</edm:country><edm:preview rdf:resource="https://www.mauritshuis.nl/media/kccghfkb/1202.jpg"/><edm:landingPage rdf:resource="https://www.europeana.eu/item/2021672/resource_document_mauritshuis_1202"/><edm:language>nl</edm:language><edm:completeness>0</edm:completeness><dcterms:created>2017-08-02T11:48:18.452Z</dcterms:created><dcterms:modified>2023-02-28T08:45:41.077Z</dcterms:modified><dqv:hasQualityAnnotation rdf:resource="http://data.europeana.eu/item/2021672/resource_document_mauritshuis_1202#contentTier"/><dqv:hasQualityAnnotation rdf:resource="http://data.europeana.eu/item/2021672/resource_document_mauritshuis_1202#metadataTier"/></edm:EuropeanaAggregation><foaf:Organization rdf:about="http://data.europeana.eu/organization/1482250000004509120"><skos:prefLabel xml:lang="en">Mauritshuis</skos:prefLabel><skos:prefLabel xml:lang="nl">Mauritshuis</skos:prefLabel></foaf:Organization><foaf:Organization rdf:about="http://data.europeana.eu/organization/1482250000004671093"><skos:prefLabel xml:lang="en">Dutch Collections for Europe</skos:prefLabel></foaf:Organization><dqv:QualityAnnotation rdf:about="http://data.europeana.eu/item/2021672/resource_document_mauritshuis_1202#contentTier"><dcterms:created>2023-02-28T08:45:58.027590Z</dcterms:created><oa:hasTarget rdf:resource="http://data.europeana.eu/aggregation/provider/2021672/resource_document_mauritshuis_1202"/><oa:hasBody rdf:resource="http://www.europeana.eu/schemas/epf/contentTier4"/></dqv:QualityAnnotation><dqv:QualityAnnotation rdf:about="http://data.europeana.eu/item/2021672/resource_document_mauritshuis_1202#metadataTier"><dcterms:created>2023-02-28T08:45:58.027627Z</dcterms:created><oa:hasTarget rdf:resource="http://data.europeana.eu/aggregation/provider/2021672/resource_document_mauritshuis_1202"/><oa:hasBody rdf:resource="http://www.europeana.eu/schemas/epf/metadataTierA"/></dqv:QualityAnnotation></rdf:RDF>