<?xml version="1.0" encoding="UTF-8" standalone="yes"?><rdf:RDF xmlns:rdf="http://www.w3.org/1999/02/22-rdf-syntax-ns#" xmlns:dc="http://purl.org/dc/elements/1.1/" xmlns:dcterms="http://purl.org/dc/terms/" xmlns:edm="http://www.europeana.eu/schemas/edm/" xmlns:owl="http://www.w3.org/2002/07/owl#" xmlns:wgs84_pos="http://www.w3.org/2003/01/geo/wgs84_pos#" xmlns:skos="http://www.w3.org/2004/02/skos/core#" xmlns:rdaGr2="http://rdvocab.info/ElementsGr2/" xmlns:foaf="http://xmlns.com/foaf/0.1/" xmlns:ebucore="http://www.ebu.ch/metadata/ontologies/ebucore/ebucore#" xmlns:doap="http://usefulinc.com/ns/doap#" xmlns:odrl="http://www.w3.org/ns/odrl/2/" xmlns:cc="http://creativecommons.org/ns#" xmlns:ore="http://www.openarchives.org/ore/terms/" xmlns:svcs="http://rdfs.org/sioc/services#" xmlns:oa="http://www.w3.org/ns/oa#" xmlns:dqv="http://www.w3.org/ns/dqv#"><edm:ProvidedCHO rdf:about="http://data.europeana.eu/item/2021672/resource_document_mauritshuis_1158"/><edm:WebResource rdf:about="https://www.mauritshuis.nl/media/gt2a1flt/1158_-repro-lage-resolutie.jpg"><ebucore:hasMimeType>image/jpeg</ebucore:hasMimeType><ebucore:fileByteSize rdf:datatype="http://www.w3.org/2001/XMLSchema#long">765462</ebucore:fileByteSize><ebucore:width rdf:datatype="http://www.w3.org/2001/XMLSchema#integer">4004</ebucore:width><ebucore:height rdf:datatype="http://www.w3.org/2001/XMLSchema#integer">6000</ebucore:height><edm:hasColorSpace>sRGB</edm:hasColorSpace><edm:componentColor rdf:datatype="http://www.w3.org/2001/XMLSchema#hexBinary">#FAEBD7</edm:componentColor><edm:componentColor rdf:datatype="http://www.w3.org/2001/XMLSchema#hexBinary">#C0C0C0</edm:componentColor><edm:componentColor rdf:datatype="http://www.w3.org/2001/XMLSchema#hexBinary">#CD853F</edm:componentColor><edm:componentColor rdf:datatype="http://www.w3.org/2001/XMLSchema#hexBinary">#DCDCDC</edm:componentColor><edm:componentColor rdf:datatype="http://www.w3.org/2001/XMLSchema#hexBinary">#D3D3D3</edm:componentColor><edm:componentColor rdf:datatype="http://www.w3.org/2001/XMLSchema#hexBinary">#FFE4C4</edm:componentColor><ebucore:orientation rdf:datatype="http://www.w3.org/2001/XMLSchema#string">portrait</ebucore:orientation></edm:WebResource><edm:TimeSpan rdf:about="#2002%2F2002"><skos:prefLabel xml:lang="zxx">2002/2002</skos:prefLabel><dcterms:isPartOf rdf:resource="http://data.europeana.eu/timespan/21"></dcterms:isPartOf><edm:begin>2002-01-01</edm:begin><edm:end>2002-12-31</edm:end></edm:TimeSpan><edm:TimeSpan rdf:about="http://data.europeana.eu/timespan/21"><skos:prefLabel xml:lang="de">21. Jahrhundert</skos:prefLabel><skos:prefLabel xml:lang="ru">XXI век</skos:prefLabel><skos:prefLabel xml:lang="fi">2000-luku</skos:prefLabel><skos:prefLabel xml:lang="pt">Século XXI</skos:prefLabel><skos:prefLabel xml:lang="bg">21 век</skos:prefLabel><skos:prefLabel xml:lang="lt">XXI amžius</skos:prefLabel><skos:prefLabel xml:lang="lv">21. gadsimts</skos:prefLabel><skos:prefLabel xml:lang="hr">21. stoljeće</skos:prefLabel><skos:prefLabel xml:lang="fr">XXIe siècle</skos:prefLabel><skos:prefLabel xml:lang="hu">21. század</skos:prefLabel><skos:prefLabel xml:lang="sk">21. storočie</skos:prefLabel><skos:prefLabel xml:lang="sl">21. stoletje</skos:prefLabel><skos:prefLabel xml:lang="ga">21ú haois</skos:prefLabel><skos:prefLabel xml:lang="ca">Segle XXI</skos:prefLabel><skos:prefLabel xml:lang="sv">2000-talet</skos:prefLabel><skos:prefLabel xml:lang="el">21ος αιώνας</skos:prefLabel><skos:prefLabel xml:lang="en">21st century</skos:prefLabel><skos:prefLabel xml:lang="it">XXI secolo</skos:prefLabel><skos:prefLabel xml:lang="es">Siglo XXI</skos:prefLabel><skos:prefLabel xml:lang="et">21. sajand</skos:prefLabel><skos:prefLabel xml:lang="eu">XXI. mendea</skos:prefLabel><skos:prefLabel xml:lang="cs">21. století</skos:prefLabel><skos:prefLabel xml:lang="pl">XXI wiek</skos:prefLabel><skos:prefLabel xml:lang="ro">Secolul al XXI-lea</skos:prefLabel><skos:prefLabel xml:lang="da">21. århundrede</skos:prefLabel><skos:prefLabel xml:lang="nl">21e eeuw</skos:prefLabel><skos:altLabel xml:lang="de">21. Jh.</skos:altLabel><skos:altLabel xml:lang="de">21. Jhd.</skos:altLabel><skos:altLabel xml:lang="de">21. Jhdt.</skos:altLabel><skos:altLabel xml:lang="de">21. Jhrh.</skos:altLabel><skos:altLabel xml:lang="de">21. Jahrh.</skos:altLabel><skos:altLabel xml:lang="de">21. Zentennium</skos:altLabel><skos:altLabel xml:lang="de">21. Centennium</skos:altLabel><skos:altLabel xml:lang="de">21. Hektode</skos:altLabel><skos:altLabel xml:lang="sv">21:a århundradet</skos:altLabel><skos:altLabel xml:lang="sv">21:a seklet</skos:altLabel><skos:altLabel xml:lang="sv">2000-tal</skos:altLabel><skos:altLabel xml:lang="sv">2000-talet (århundrade)</skos:altLabel><skos:altLabel xml:lang="sv">2000-talet (sekel)</skos:altLabel><skos:altLabel xml:lang="fi">21. vuosisata</skos:altLabel><skos:altLabel xml:lang="ru">21 век</skos:altLabel><skos:altLabel xml:lang="en">21st-century</skos:altLabel><skos:altLabel xml:lang="en">21st-century</skos:altLabel><skos:altLabel xml:lang="en">Twenty-first century</skos:altLabel><skos:altLabel xml:lang="en">History, 21st Century</skos:altLabel><skos:altLabel xml:lang="en">XXI Century</skos:altLabel><skos:altLabel xml:lang="en">Current century</skos:altLabel><skos:altLabel xml:lang="it">21° secolo</skos:altLabel><skos:altLabel xml:lang="it">Secolo XXI</skos:altLabel><skos:altLabel xml:lang="it">Ventunesimo secolo</skos:altLabel><skos:altLabel xml:lang="it">XXI Secolo</skos:altLabel><skos:altLabel xml:lang="it">Duemila</skos:altLabel><skos:altLabel xml:lang="pl">21 wiek</skos:altLabel><skos:altLabel xml:lang="pl">21 stulecie</skos:altLabel><skos:altLabel xml:lang="pl">XXI stulecie</skos:altLabel><skos:altLabel xml:lang="pl">XXI w</skos:altLabel><skos:altLabel xml:lang="fr">21e siècle</skos:altLabel><skos:altLabel xml:lang="fr">Vingt et unième siècle</skos:altLabel><skos:altLabel xml:lang="es">Historia, siglo 21</skos:altLabel><skos:altLabel xml:lang="es">Siglo 21</skos:altLabel><skos:altLabel xml:lang="es">Este siglo</skos:altLabel><skos:altLabel xml:lang="es">Siglo veintiuno</skos:altLabel><skos:altLabel xml:lang="ca">Segle 21</skos:altLabel><edm:begin>2001-01-01</edm:begin><edm:end>2100-12-31</edm:end><owl:sameAs rdf:resource="http://www.wikidata.org/entity/Q6939"/><owl:sameAs rdf:resource="http://data.culture.fr/thesaurus/resource/ark:/67717/T4-46"/><owl:sameAs rdf:resource="http://id.loc.gov/authorities/names/sh85139024"/><owl:sameAs rdf:resource="http://data.bnf.fr/ark:/12148/cb11930812p"/><owl:sameAs rdf:resource="http://id.nlm.nih.gov/mesh/D049674"/><owl:sameAs rdf:resource="https://www.freebase.com/m/08b43"/><owl:sameAs rdf:resource="https://g.co/kg/m/08b43"/><owl:sameAs rdf:resource="http://id.nlm.nih.gov/mesh/K01.400.504.984"/><owl:sameAs rdf:resource="http://vocab.getty.edu/aat/300404515"/><owl:sameAs rdf:resource="http://id.worldcat.org/fast/1159816"/><owl:sameAs rdf:resource="http://babelnet.org/rdf/s01157225n"/><owl:sameAs rdf:resource="http://dbpedia.org/resource/21st_century"/></edm:TimeSpan><skos:Concept rdf:about="http://data.europeana.eu/concept/51"><skos:prefLabel xml:lang="de">Bildhauerkunst</skos:prefLabel><skos:prefLabel xml:lang="ru">Скульптура</skos:prefLabel><skos:prefLabel xml:lang="fi">Kuvanveisto</skos:prefLabel><skos:prefLabel xml:lang="pt">Escultura</skos:prefLabel><skos:prefLabel xml:lang="bg">Скулптура</skos:prefLabel><skos:prefLabel xml:lang="lt">Skulptūra</skos:prefLabel><skos:prefLabel xml:lang="lv">Tēlniecība</skos:prefLabel><skos:prefLabel xml:lang="hr">Kiparstvo</skos:prefLabel><skos:prefLabel xml:lang="fr">Sculpture</skos:prefLabel><skos:prefLabel xml:lang="hu">Szobrászat</skos:prefLabel><skos:prefLabel xml:lang="sk">Sochárstvo</skos:prefLabel><skos:prefLabel xml:lang="sl">Kiparstvo</skos:prefLabel><skos:prefLabel xml:lang="ga">Dealbhóireacht</skos:prefLabel><skos:prefLabel xml:lang="ca">Escultura</skos:prefLabel><skos:prefLabel xml:lang="sv">Bildhuggeri</skos:prefLabel><skos:prefLabel xml:lang="mt">Skultura</skos:prefLabel><skos:prefLabel xml:lang="el">Γλυπτική</skos:prefLabel><skos:prefLabel xml:lang="en">Art of sculpture</skos:prefLabel><skos:prefLabel xml:lang="it">Scultura</skos:prefLabel><skos:prefLabel xml:lang="es">Escultura</skos:prefLabel><skos:prefLabel xml:lang="et">Skulptuur</skos:prefLabel><skos:prefLabel xml:lang="eu">Eskulturagintza</skos:prefLabel><skos:prefLabel xml:lang="cs">Sochařství</skos:prefLabel><skos:prefLabel xml:lang="pl">Rzeźbiarstwo</skos:prefLabel><skos:prefLabel xml:lang="ro">Sculptură</skos:prefLabel><skos:prefLabel xml:lang="da">Skulpturkunst</skos:prefLabel><skos:prefLabel xml:lang="nl">Beeldhouwkunst</skos:prefLabel><skos:note xml:lang="de">Gattung der bildenden Kunst, in der aus festen Stoffen bestehende, dreidimensionale Bildwerke geschaffen wurden und werden</skos:note><skos:note xml:lang="fi">Kuvataiteellista ilmaisua kolmiulotteisessa muodossa</skos:note><skos:note xml:lang="sv">Tredimensionellt konstverk</skos:note><skos:note xml:lang="ru">Разновидность искусства</skos:note><skos:note xml:lang="pt">Ramo das artes visuais (não confundir com Q860861, para obras de escultura)</skos:note><skos:note xml:lang="el">Μία εκ των καλών τεχνών, μορφή καλλιτεχνικής έκφρασης</skos:note><skos:note xml:lang="en">Branch of the visual arts that operates in three dimensions</skos:note><skos:note xml:lang="it">Arte di dare forma ad un oggetto partendo da un materiale grezzo o assemblando diversi materiali</skos:note><skos:note xml:lang="fr">Un des beaux arts, activité artistique</skos:note><skos:note xml:lang="es">Actividad artística, rama de las artes visuales</skos:note><skos:note xml:lang="et">Kujutava kunsti liik</skos:note><skos:note xml:lang="sk">Umenie vytvárania trojrozmerných sôch z rôznych materiálov</skos:note><skos:note xml:lang="ga">Ealaín</skos:note><skos:note xml:lang="pl">Sztuka polegająca na tworzeniu rzeźb</skos:note><skos:note xml:lang="da">Tre-dimensionelle illustrationer</skos:note><skos:note xml:lang="ca">Branca de les arts visuals que treballa en tres dimensions</skos:note><skos:note xml:lang="nl">Een van de beeldende kunsten</skos:note><skos:exactMatch rdf:resource="http://www.wikidata.org/entity/Q11634"/><skos:exactMatch rdf:resource="http://cv.iptc.org/newscodes/subjectcode/01015000"/><skos:exactMatch rdf:resource="https://d-nb.info/gnd/4046277-8"/><skos:exactMatch rdf:resource="http://id.loc.gov/authorities/names/sh85119004"/><skos:exactMatch rdf:resource="http://data.bnf.fr/ark:/12148/cb11933241b"/><skos:exactMatch rdf:resource="http://id.ndl.go.jp/auth/ndlna/00573617"/><skos:exactMatch rdf:resource="http://purl.org/bncf/tid/4223"/><skos:exactMatch rdf:resource="https://www.freebase.com/m/06msq"/><skos:exactMatch rdf:resource="https://g.co/kg/m/06msq"/><skos:exactMatch rdf:resource="http://datos.bne.es/resource/XX525481"/><skos:exactMatch rdf:resource="http://vocab.getty.edu/aat/300264383"/><skos:exactMatch rdf:resource="http://iconclass.org/48C2"/><skos:exactMatch rdf:resource="http://www.yso.fi/onto/yso/p5694"/><skos:exactMatch rdf:resource="http://babelnet.org/rdf/s00069924n"/><skos:exactMatch rdf:resource="http://vocabularies.unesco.org/thesaurus/concept10193"/><skos:exactMatch rdf:resource="http://id.loc.gov/authorities/genreForms/gf2017027259"/><skos:exactMatch rdf:resource="http://cv.iptc.org/newscodes/mediatopic/20000037"/><skos:exactMatch rdf:resource="http://dbpedia.org/resource/Sculpture"/><skos:related rdf:resource="http://data.europeana.eu/concept/1943"/><skos:related rdf:resource="http://data.europeana.eu/concept/194"/></skos:Concept><skos:Concept rdf:about="http://data.europeana.eu/concept/1769"><skos:prefLabel xml:lang="de">Bronze</skos:prefLabel><skos:prefLabel xml:lang="fi">Pronssi</skos:prefLabel><skos:prefLabel xml:lang="ru">Бронза</skos:prefLabel><skos:prefLabel xml:lang="pt">Bronze</skos:prefLabel><skos:prefLabel xml:lang="bg">Бронз</skos:prefLabel><skos:prefLabel xml:lang="lt">Bronza</skos:prefLabel><skos:prefLabel xml:lang="lv">Bronza</skos:prefLabel><skos:prefLabel xml:lang="hr">Bronca</skos:prefLabel><skos:prefLabel xml:lang="fr">Bronze</skos:prefLabel><skos:prefLabel xml:lang="hu">Bronz</skos:prefLabel><skos:prefLabel xml:lang="sk">Bronz</skos:prefLabel><skos:prefLabel xml:lang="sl">Bron</skos:prefLabel><skos:prefLabel xml:lang="ga">Cré-umha</skos:prefLabel><skos:prefLabel xml:lang="ca">Bronze</skos:prefLabel><skos:prefLabel xml:lang="sv">Brons</skos:prefLabel><skos:prefLabel xml:lang="el">Μπρούντζος</skos:prefLabel><skos:prefLabel xml:lang="en">Bronze</skos:prefLabel><skos:prefLabel xml:lang="it">Bronzo</skos:prefLabel><skos:prefLabel xml:lang="es">Bronce</skos:prefLabel><skos:prefLabel xml:lang="et">Pronks</skos:prefLabel><skos:prefLabel xml:lang="cs">Bronz</skos:prefLabel><skos:prefLabel xml:lang="eu">Brontze</skos:prefLabel><skos:prefLabel xml:lang="pl">Brąz</skos:prefLabel><skos:prefLabel xml:lang="ro">Bronz</skos:prefLabel><skos:prefLabel xml:lang="da">Bronze</skos:prefLabel><skos:prefLabel xml:lang="nl">Brons</skos:prefLabel><skos:note xml:lang="de">Legierung aus Kupfer und Zinn</skos:note><skos:note xml:lang="fi">Metalliseos</skos:note><skos:note xml:lang="sv">Legering med koppar och andra metaller, vanligen tenn</skos:note><skos:note xml:lang="ru">Сплав меди, обычно с оловом в качестве основного легирующего компонента</skos:note><skos:note xml:lang="pt">Liga metálica</skos:note><skos:note xml:lang="bg">Сплав на мед с калай</skos:note><skos:note xml:lang="en">Metal alloy</skos:note><skos:note xml:lang="lv">Metālu sakausējums, kas pamatā sastāv no vara un alvas</skos:note><skos:note xml:lang="it">Lega di rame e alluminio, nichel, berillio o stagno</skos:note><skos:note xml:lang="fr">Alliage de cuivre et d'étain</skos:note><skos:note xml:lang="hu">Rézötvözet</skos:note><skos:note xml:lang="es">Aleación metálica de cobre y estaño</skos:note><skos:note xml:lang="cs">Slitina mědi a cínu</skos:note><skos:note xml:lang="ga">Cóimhiotal</skos:note><skos:note xml:lang="pl">Stop miedzi i cyny</skos:note><skos:note xml:lang="da">Metallegering</skos:note><skos:note xml:lang="nl">Metaallegering uit koper en tin</skos:note><skos:note xml:lang="ca">Aliatge de coure i estany</skos:note><skos:broader rdf:resource="http://data.europeana.eu/concept/2069"/><skos:exactMatch rdf:resource="http://www.wikidata.org/entity/Q34095"/><skos:exactMatch rdf:resource="https://d-nb.info/gnd/4146667-6"/><skos:exactMatch rdf:resource="http://id.loc.gov/authorities/names/sh85017093"/><skos:exactMatch rdf:resource="http://data.bnf.fr/ark:/12148/cb11976193v"/><skos:exactMatch rdf:resource="http://id.ndl.go.jp/auth/ndlna/00570282"/><skos:exactMatch rdf:resource="http://purl.org/bncf/tid/40905"/><skos:exactMatch rdf:resource="https://www.freebase.com/m/01brf"/><skos:exactMatch rdf:resource="https://g.co/kg/m/01brf"/><skos:exactMatch rdf:resource="http://vocab.getty.edu/aat/300010957"/><skos:exactMatch rdf:resource="http://www.yso.fi/onto/yso/p20227"/><skos:exactMatch rdf:resource="http://babelnet.org/rdf/s00013326n"/><skos:exactMatch rdf:resource="http://nomisma.org/id/ae"/><skos:exactMatch rdf:resource="http://thesaurus.europeanafashion.eu/thesaurus/10556"/><skos:exactMatch rdf:resource="http://thesaurus.europeanafashion.eu/thesaurus/11085"/><skos:exactMatch rdf:resource="http://dbpedia.org/resource/Bronze"/><skos:related rdf:resource="http://data.europeana.eu/concept/1770"/><skos:related rdf:resource="http://data.europeana.eu/concept/1773"/></skos:Concept><ore:Aggregation rdf:about="http://data.europeana.eu/aggregation/provider/2021672/resource_document_mauritshuis_1158"><edm:aggregatedCHO rdf:resource="http://data.europeana.eu/item/2021672/resource_document_mauritshuis_1158"/><edm:dataProvider rdf:resource="http://data.europeana.eu/organization/1482250000004509120"></edm:dataProvider><edm:isShownBy rdf:resource="https://www.mauritshuis.nl/media/gt2a1flt/1158_-repro-lage-resolutie.jpg"/><edm:provider rdf:resource="http://data.europeana.eu/organization/1482250000004671093"></edm:provider><edm:rights rdf:resource="http://creativecommons.org/publicdomain/mark/1.0/"/></ore:Aggregation><ore:Proxy rdf:about="http://data.europeana.eu/proxy/europeana/2021672/resource_document_mauritshuis_1158"><dc:date rdf:resource="#2002%2F2002"></dc:date><dc:date rdf:resource="#2002%2F2002"></dc:date><dc:identifier>resource_document_mauritshuis_1158</dc:identifier><dc:type rdf:resource="http://data.europeana.eu/concept/51"></dc:type><dcterms:medium rdf:resource="http://data.europeana.eu/concept/1769"></dcterms:medium><edm:europeanaProxy>true</edm:europeanaProxy><ore:proxyFor rdf:resource="http://data.europeana.eu/item/2021672/resource_document_mauritshuis_1158"/><ore:proxyIn rdf:resource="http://data.europeana.eu/aggregation/europeana/2021672/resource_document_mauritshuis_1158"/><ore:lineage rdf:resource="http://data.europeana.eu/proxy/provider/2021672/resource_document_mauritshuis_1158"/><edm:type>IMAGE</edm:type></ore:Proxy><ore:Proxy rdf:about="http://data.europeana.eu/proxy/provider/2021672/resource_document_mauritshuis_1158"><dc:creator>Ronaldina van Dedem</dc:creator><dc:date>2002 - 2002</dc:date><dc:identifier>1158</dc:identifier><dc:title xml:lang="nl-NL">Buste van F.J. Duparc</dc:title><dc:title xml:lang="en-GB">Bust of F.J. Duparc</dc:title><dc:type xml:lang="nl-NL">beeldhouwwerk</dc:type><dc:type xml:lang="en-GB">sculpture</dc:type><dcterms:medium xml:lang="nl-NL">brons</dcterms:medium><dcterms:medium xml:lang="en-GB">bronze</dcterms:medium><edm:europeanaProxy>false</edm:europeanaProxy><ore:proxyFor rdf:resource="http://data.europeana.eu/item/2021672/resource_document_mauritshuis_1158"/><ore:proxyIn rdf:resource="http://data.europeana.eu/aggregation/provider/2021672/resource_document_mauritshuis_1158"/><edm:type>IMAGE</edm:type></ore:Proxy><edm:EuropeanaAggregation rdf:about="http://data.europeana.eu/aggregation/europeana/2021672/resource_document_mauritshuis_1158"><edm:aggregatedCHO rdf:resource="http://data.europeana.eu/item/2021672/resource_document_mauritshuis_1158"/><edm:datasetName>2021672_Ag_NL_DigitaleCollectie_Mauritshuis</edm:datasetName><edm:country>Netherlands</edm:country><edm:preview rdf:resource="https://www.mauritshuis.nl/media/gt2a1flt/1158_-repro-lage-resolutie.jpg"/><edm:landingPage rdf:resource="https://www.europeana.eu/item/2021672/resource_document_mauritshuis_1158"/><edm:language>nl</edm:language><edm:completeness>0</edm:completeness><dcterms:created>2017-08-02T11:48:17.984Z</dcterms:created><dcterms:modified>2023-02-28T08:45:41.077Z</dcterms:modified><dqv:hasQualityAnnotation rdf:resource="http://data.europeana.eu/item/2021672/resource_document_mauritshuis_1158#contentTier"/><dqv:hasQualityAnnotation rdf:resource="http://data.europeana.eu/item/2021672/resource_document_mauritshuis_1158#metadataTier"/></edm:EuropeanaAggregation><foaf:Organization rdf:about="http://data.europeana.eu/organization/1482250000004509120"><skos:prefLabel xml:lang="en">Mauritshuis</skos:prefLabel><skos:prefLabel xml:lang="nl">Mauritshuis</skos:prefLabel></foaf:Organization><foaf:Organization rdf:about="http://data.europeana.eu/organization/1482250000004671093"><skos:prefLabel xml:lang="en">Dutch Collections for Europe</skos:prefLabel></foaf:Organization><dqv:QualityAnnotation rdf:about="http://data.europeana.eu/item/2021672/resource_document_mauritshuis_1158#contentTier"><dcterms:created>2023-02-28T08:46:43.675903Z</dcterms:created><oa:hasTarget rdf:resource="http://data.europeana.eu/aggregation/provider/2021672/resource_document_mauritshuis_1158"/><oa:hasBody rdf:resource="http://www.europeana.eu/schemas/epf/contentTier4"/></dqv:QualityAnnotation><dqv:QualityAnnotation rdf:about="http://data.europeana.eu/item/2021672/resource_document_mauritshuis_1158#metadataTier"><dcterms:created>2023-02-28T08:46:43.675927Z</dcterms:created><oa:hasTarget rdf:resource="http://data.europeana.eu/aggregation/provider/2021672/resource_document_mauritshuis_1158"/><oa:hasBody rdf:resource="http://www.europeana.eu/schemas/epf/metadataTierA"/></dqv:QualityAnnotation></rdf:RDF>