<?xml version="1.0" encoding="UTF-8" standalone="yes"?><rdf:RDF xmlns:rdf="http://www.w3.org/1999/02/22-rdf-syntax-ns#" xmlns:dc="http://purl.org/dc/elements/1.1/" xmlns:dcterms="http://purl.org/dc/terms/" xmlns:edm="http://www.europeana.eu/schemas/edm/" xmlns:owl="http://www.w3.org/2002/07/owl#" xmlns:wgs84_pos="http://www.w3.org/2003/01/geo/wgs84_pos#" xmlns:skos="http://www.w3.org/2004/02/skos/core#" xmlns:rdaGr2="http://rdvocab.info/ElementsGr2/" xmlns:foaf="http://xmlns.com/foaf/0.1/" xmlns:ebucore="http://www.ebu.ch/metadata/ontologies/ebucore/ebucore#" xmlns:doap="http://usefulinc.com/ns/doap#" xmlns:odrl="http://www.w3.org/ns/odrl/2/" xmlns:cc="http://creativecommons.org/ns#" xmlns:ore="http://www.openarchives.org/ore/terms/" xmlns:svcs="http://rdfs.org/sioc/services#" xmlns:oa="http://www.w3.org/ns/oa#" xmlns:dqv="http://www.w3.org/ns/dqv#"><edm:ProvidedCHO rdf:about="http://data.europeana.eu/item/2021672/resource_document_mauritshuis_1118"/><edm:WebResource rdf:about="https://www.mauritshuis.nl/media/kvpbohwo/1118_repro.jpg"><ebucore:hasMimeType>image/jpeg</ebucore:hasMimeType><ebucore:fileByteSize rdf:datatype="http://www.w3.org/2001/XMLSchema#long">8729808</ebucore:fileByteSize><ebucore:width rdf:datatype="http://www.w3.org/2001/XMLSchema#integer">4933</ebucore:width><ebucore:height rdf:datatype="http://www.w3.org/2001/XMLSchema#integer">6000</ebucore:height><edm:hasColorSpace>sRGB</edm:hasColorSpace><edm:componentColor rdf:datatype="http://www.w3.org/2001/XMLSchema#hexBinary">#8B4513</edm:componentColor><edm:componentColor rdf:datatype="http://www.w3.org/2001/XMLSchema#hexBinary">#D2B48C</edm:componentColor><edm:componentColor rdf:datatype="http://www.w3.org/2001/XMLSchema#hexBinary">#C0C0C0</edm:componentColor><edm:componentColor rdf:datatype="http://www.w3.org/2001/XMLSchema#hexBinary">#CD5C5C</edm:componentColor><edm:componentColor rdf:datatype="http://www.w3.org/2001/XMLSchema#hexBinary">#BC8F8F</edm:componentColor><edm:componentColor rdf:datatype="http://www.w3.org/2001/XMLSchema#hexBinary">#A0522D</edm:componentColor><ebucore:orientation rdf:datatype="http://www.w3.org/2001/XMLSchema#string">portrait</ebucore:orientation></edm:WebResource><edm:TimeSpan rdf:about="http://data.europeana.eu/timespan/17"><skos:prefLabel xml:lang="de">17. Jahrhundert</skos:prefLabel><skos:prefLabel xml:lang="ru">XVII век</skos:prefLabel><skos:prefLabel xml:lang="fi">1600-luku</skos:prefLabel><skos:prefLabel xml:lang="pt">Século XVII</skos:prefLabel><skos:prefLabel xml:lang="bg">17 век</skos:prefLabel><skos:prefLabel xml:lang="lt">XVII amžius</skos:prefLabel><skos:prefLabel xml:lang="lv">17. gadsimts</skos:prefLabel><skos:prefLabel xml:lang="hr">17. stoljeće</skos:prefLabel><skos:prefLabel xml:lang="fr">XVIIe siècle</skos:prefLabel><skos:prefLabel xml:lang="hu">17. század</skos:prefLabel><skos:prefLabel xml:lang="sk">17. storočie</skos:prefLabel><skos:prefLabel xml:lang="sl">17. stoletje</skos:prefLabel><skos:prefLabel xml:lang="ga">17ú haois</skos:prefLabel><skos:prefLabel xml:lang="ca">Segle XVII</skos:prefLabel><skos:prefLabel xml:lang="sv">1600-talet</skos:prefLabel><skos:prefLabel xml:lang="mt">Seklu XVII</skos:prefLabel><skos:prefLabel xml:lang="el">17ος αιώνας</skos:prefLabel><skos:prefLabel xml:lang="en">17th century</skos:prefLabel><skos:prefLabel xml:lang="it">XVII secolo</skos:prefLabel><skos:prefLabel xml:lang="es">Siglo XVII</skos:prefLabel><skos:prefLabel xml:lang="et">17. sajand</skos:prefLabel><skos:prefLabel xml:lang="eu">XVII. mendea</skos:prefLabel><skos:prefLabel xml:lang="cs">17. století</skos:prefLabel><skos:prefLabel xml:lang="pl">XVII wiek</skos:prefLabel><skos:prefLabel xml:lang="ro">Secolul al XVII-lea</skos:prefLabel><skos:prefLabel xml:lang="da">17. århundrede</skos:prefLabel><skos:prefLabel xml:lang="nl">17e eeuw</skos:prefLabel><skos:altLabel xml:lang="sv">1600-tal</skos:altLabel><skos:altLabel xml:lang="sv">17:e århundradet</skos:altLabel><skos:altLabel xml:lang="sv">17:e seklet</skos:altLabel><skos:altLabel xml:lang="sv">1600-talet (århundrade)</skos:altLabel><skos:altLabel xml:lang="sv">1600-talet (sekel)</skos:altLabel><skos:altLabel xml:lang="ru">17 век</skos:altLabel><skos:altLabel xml:lang="mt">Seklu 17</skos:altLabel><skos:altLabel xml:lang="en">17th-century</skos:altLabel><skos:altLabel xml:lang="en">17th-century</skos:altLabel><skos:altLabel xml:lang="en">History, 17th Century</skos:altLabel><skos:altLabel xml:lang="it">Seicento</skos:altLabel><skos:altLabel xml:lang="it">17° secolo</skos:altLabel><skos:altLabel xml:lang="it">Secolo XVII</skos:altLabel><skos:altLabel xml:lang="it">XVII Secolo</skos:altLabel><skos:altLabel xml:lang="it">Diciassettesimo secolo</skos:altLabel><skos:altLabel xml:lang="it">'600</skos:altLabel><skos:altLabel xml:lang="it">17º secolo</skos:altLabel><skos:altLabel xml:lang="it">Seicento</skos:altLabel><skos:altLabel xml:lang="fr">17e siècle</skos:altLabel><edm:begin>1601-01-01</edm:begin><edm:end>1700-12-31</edm:end><owl:sameAs rdf:resource="http://www.wikidata.org/entity/Q7016"/><owl:sameAs rdf:resource="http://id.loc.gov/authorities/names/sh85120427"/><owl:sameAs rdf:resource="http://data.bnf.fr/ark:/12148/cb120419182"/><owl:sameAs rdf:resource="http://id.nlm.nih.gov/mesh/D049670"/><owl:sameAs rdf:resource="https://www.freebase.com/m/08b2m"/><owl:sameAs rdf:resource="https://g.co/kg/m/08b2m"/><owl:sameAs rdf:resource="http://id.nlm.nih.gov/mesh/K01.400.504.750"/><owl:sameAs rdf:resource="http://vocab.getty.edu/aat/300404511"/><owl:sameAs rdf:resource="http://babelnet.org/rdf/s02814624n"/><owl:sameAs rdf:resource="http://dbpedia.org/resource/17th_century"/></edm:TimeSpan><edm:TimeSpan rdf:about="#1667%2F1667"><skos:prefLabel xml:lang="zxx">1667/1667</skos:prefLabel><dcterms:isPartOf rdf:resource="http://data.europeana.eu/timespan/17"></dcterms:isPartOf><edm:begin>1667-01-01</edm:begin><edm:end>1667-12-31</edm:end></edm:TimeSpan><skos:Concept rdf:about="http://data.europeana.eu/concept/2728"><skos:prefLabel xml:lang="de">Leinwand</skos:prefLabel><skos:prefLabel xml:lang="fi">Kangas</skos:prefLabel><skos:prefLabel xml:lang="ru">Холст</skos:prefLabel><skos:prefLabel xml:lang="pt">Tela</skos:prefLabel><skos:prefLabel xml:lang="bg">Брезент</skos:prefLabel><skos:prefLabel xml:lang="lt">Drobė</skos:prefLabel><skos:prefLabel xml:lang="lv">Audekls</skos:prefLabel><skos:prefLabel xml:lang="fr">Toile</skos:prefLabel><skos:prefLabel xml:lang="hu">Vászon</skos:prefLabel><skos:prefLabel xml:lang="sk">Plátno</skos:prefLabel><skos:prefLabel xml:lang="sl">Platno</skos:prefLabel><skos:prefLabel xml:lang="ga">Canbhás</skos:prefLabel><skos:prefLabel xml:lang="ca">Llenç</skos:prefLabel><skos:prefLabel xml:lang="sv">Kanvas</skos:prefLabel><skos:prefLabel xml:lang="el">Μουσαμάς</skos:prefLabel><skos:prefLabel xml:lang="en">Canvas</skos:prefLabel><skos:prefLabel xml:lang="it">Canovaccio</skos:prefLabel><skos:prefLabel xml:lang="es">Lienzo</skos:prefLabel><skos:prefLabel xml:lang="et">Lõuend</skos:prefLabel><skos:prefLabel xml:lang="cs">Plátno</skos:prefLabel><skos:prefLabel xml:lang="eu">Mihise</skos:prefLabel><skos:prefLabel xml:lang="pl">Kanwa</skos:prefLabel><skos:prefLabel xml:lang="ro">Pânză</skos:prefLabel><skos:prefLabel xml:lang="da">Lærred</skos:prefLabel><skos:prefLabel xml:lang="nl">Canvas</skos:prefLabel><skos:note xml:lang="de">Material für Leinwände, Segel und Kleidung</skos:note><skos:note xml:lang="sv">Tygmaterial</skos:note><skos:note xml:lang="ru">Плотная ткань</skos:note><skos:note xml:lang="en">Extremely heavy-duty plain-woven fabric</skos:note><skos:note xml:lang="it">Tessuto con armatura in tela, dalla trama larga e grossolana</skos:note><skos:note xml:lang="fr">Pièce de tissu résistante</skos:note><skos:note xml:lang="es">Tela extremadamente resistente utilizada en velas, lonas, mochilas, obras pictóricas...</skos:note><skos:note xml:lang="cs">Druh tkaniny</skos:note><skos:note xml:lang="eu">Iraupen handiko ehuna, bizkar zorroetan, itsasontzietarako beletan, lonetan... erabilia</skos:note><skos:note xml:lang="pl">Rodzaj wyjątkowo wytrzymałej, gładkiej tkaniny używanej w malarstwie olejnym</skos:note><skos:note xml:lang="da">Glat vævede stoffer</skos:note><skos:note xml:lang="ca">Tela que serveix de suport per a treballs pictòrics</skos:note><skos:note xml:lang="nl">Stevig weefsel van hennep, vlas of katoen</skos:note><skos:exactMatch rdf:resource="http://www.wikidata.org/entity/Q4259259"/><skos:exactMatch rdf:resource="https://www.freebase.com/m/0jmpt"/><skos:exactMatch rdf:resource="https://g.co/kg/m/0jmpt"/><skos:exactMatch rdf:resource="http://babelnet.org/rdf/s00015381n"/><skos:exactMatch rdf:resource="http://thesaurus.europeanafashion.eu/thesaurus/10376"/><skos:exactMatch rdf:resource="http://dbpedia.org/resource/Canvas"/></skos:Concept><ore:Aggregation rdf:about="http://data.europeana.eu/aggregation/provider/2021672/resource_document_mauritshuis_1118"><edm:aggregatedCHO rdf:resource="http://data.europeana.eu/item/2021672/resource_document_mauritshuis_1118"/><edm:dataProvider rdf:resource="http://data.europeana.eu/organization/1482250000004509120"></edm:dataProvider><edm:isShownBy rdf:resource="https://www.mauritshuis.nl/media/kvpbohwo/1118_repro.jpg"/><edm:provider rdf:resource="http://data.europeana.eu/organization/1482250000004671093"></edm:provider><edm:rights rdf:resource="http://creativecommons.org/publicdomain/mark/1.0/"/></ore:Aggregation><ore:Proxy rdf:about="http://data.europeana.eu/proxy/provider/2021672/resource_document_mauritshuis_1118"><dc:creator>Rembrandt van Rijn</dc:creator><dc:date>1667 - 1667</dc:date><dc:description xml:lang="nl-NL">Deze man zit er op zijn gemak bij: zijn jas open, zijn kraag los, de hoed naar achteren geschoven. Zo’n houding is ongebruikelijk, want op portretten liet men zich juist op zijn best zien. Mogelijk was deze man een bekende van Rembrandt en was het portret geen officiële opdracht.  Rembrandt schilderde het portret heel virtuoos – hij wist precies wat hij deed. Op sommige plaatsen gebruikte hij zijn paletmes, elders kraste met de achterkant van zijn penselen in de natte verf. Zo suggereerde hij springerige grijze haren voor de rand van de hoed.</dc:description><dc:description xml:lang="en-GB">This man looks at ease: his jacket open, his collar loosened and his hat tilted back. His pose is unusual, as people normally looked their best when sitting for a portrait. This man may have been an acquaintance of Rembrandt, and the portrait was probably not a formal commission. The portrait is very virtuoso, and Rembrandt knew exactly what he was doing. In some places he used his palette knife, and elsewhere he scratched in the wet paint with the handle of his brush. This is how he suggested the springy grey hairs under the edge of the hat.</dc:description><dc:format>81.9 cm</dc:format><dc:format>67.7 cm</dc:format><dc:identifier>1118</dc:identifier><dc:title xml:lang="nl-NL">Portret van een oude man</dc:title><dc:title xml:lang="en-GB">Portrait of an Elderly Man</dc:title><dc:type xml:lang="nl-NL">schilderij</dc:type><dc:type xml:lang="en-GB">painting</dc:type><dcterms:medium xml:lang="nl-NL">doek</dcterms:medium><dcterms:medium xml:lang="en-GB">canvas</dcterms:medium><edm:europeanaProxy>false</edm:europeanaProxy><ore:proxyFor rdf:resource="http://data.europeana.eu/item/2021672/resource_document_mauritshuis_1118"/><ore:proxyIn rdf:resource="http://data.europeana.eu/aggregation/provider/2021672/resource_document_mauritshuis_1118"/><edm:type>IMAGE</edm:type></ore:Proxy><ore:Proxy rdf:about="http://data.europeana.eu/proxy/europeana/2021672/resource_document_mauritshuis_1118"><dc:date rdf:resource="#1667%2F1667"></dc:date><dc:date rdf:resource="#1667%2F1667"></dc:date><dc:identifier>resource_document_mauritshuis_1118</dc:identifier><dcterms:medium rdf:resource="http://data.europeana.eu/concept/2728"></dcterms:medium><edm:europeanaProxy>true</edm:europeanaProxy><ore:proxyFor rdf:resource="http://data.europeana.eu/item/2021672/resource_document_mauritshuis_1118"/><ore:proxyIn rdf:resource="http://data.europeana.eu/aggregation/europeana/2021672/resource_document_mauritshuis_1118"/><ore:lineage rdf:resource="http://data.europeana.eu/proxy/provider/2021672/resource_document_mauritshuis_1118"/><edm:type>IMAGE</edm:type></ore:Proxy><edm:EuropeanaAggregation rdf:about="http://data.europeana.eu/aggregation/europeana/2021672/resource_document_mauritshuis_1118"><edm:aggregatedCHO rdf:resource="http://data.europeana.eu/item/2021672/resource_document_mauritshuis_1118"/><edm:datasetName>2021672_Ag_NL_DigitaleCollectie_Mauritshuis</edm:datasetName><edm:country>Netherlands</edm:country><edm:preview rdf:resource="https://www.mauritshuis.nl/media/kvpbohwo/1118_repro.jpg"/><edm:landingPage rdf:resource="https://www.europeana.eu/item/2021672/resource_document_mauritshuis_1118"/><edm:language>nl</edm:language><edm:completeness>0</edm:completeness><dcterms:created>2017-08-02T11:48:17.589Z</dcterms:created><dcterms:modified>2023-02-28T08:45:41.077Z</dcterms:modified><dqv:hasQualityAnnotation rdf:resource="http://data.europeana.eu/item/2021672/resource_document_mauritshuis_1118#contentTier"/><dqv:hasQualityAnnotation rdf:resource="http://data.europeana.eu/item/2021672/resource_document_mauritshuis_1118#metadataTier"/></edm:EuropeanaAggregation><foaf:Organization rdf:about="http://data.europeana.eu/organization/1482250000004509120"><skos:prefLabel xml:lang="en">Mauritshuis</skos:prefLabel><skos:prefLabel xml:lang="nl">Mauritshuis</skos:prefLabel></foaf:Organization><foaf:Organization rdf:about="http://data.europeana.eu/organization/1482250000004671093"><skos:prefLabel xml:lang="en">Dutch Collections for Europe</skos:prefLabel></foaf:Organization><dqv:QualityAnnotation rdf:about="http://data.europeana.eu/item/2021672/resource_document_mauritshuis_1118#contentTier"><dcterms:created>2023-02-28T08:46:21.751427Z</dcterms:created><oa:hasTarget rdf:resource="http://data.europeana.eu/aggregation/provider/2021672/resource_document_mauritshuis_1118"/><oa:hasBody rdf:resource="http://www.europeana.eu/schemas/epf/contentTier4"/></dqv:QualityAnnotation><dqv:QualityAnnotation rdf:about="http://data.europeana.eu/item/2021672/resource_document_mauritshuis_1118#metadataTier"><dcterms:created>2023-02-28T08:46:21.751445Z</dcterms:created><oa:hasTarget rdf:resource="http://data.europeana.eu/aggregation/provider/2021672/resource_document_mauritshuis_1118"/><oa:hasBody rdf:resource="http://www.europeana.eu/schemas/epf/metadataTierA"/></dqv:QualityAnnotation></rdf:RDF>