<?xml version="1.0" encoding="UTF-8" standalone="yes"?><rdf:RDF xmlns:rdf="http://www.w3.org/1999/02/22-rdf-syntax-ns#" xmlns:dc="http://purl.org/dc/elements/1.1/" xmlns:dcterms="http://purl.org/dc/terms/" xmlns:edm="http://www.europeana.eu/schemas/edm/" xmlns:owl="http://www.w3.org/2002/07/owl#" xmlns:wgs84_pos="http://www.w3.org/2003/01/geo/wgs84_pos#" xmlns:skos="http://www.w3.org/2004/02/skos/core#" xmlns:rdaGr2="http://rdvocab.info/ElementsGr2/" xmlns:foaf="http://xmlns.com/foaf/0.1/" xmlns:ebucore="http://www.ebu.ch/metadata/ontologies/ebucore/ebucore#" xmlns:doap="http://usefulinc.com/ns/doap#" xmlns:odrl="http://www.w3.org/ns/odrl/2/" xmlns:cc="http://creativecommons.org/ns#" xmlns:ore="http://www.openarchives.org/ore/terms/" xmlns:svcs="http://rdfs.org/sioc/services#" xmlns:oa="http://www.w3.org/ns/oa#" xmlns:dqv="http://www.w3.org/ns/dqv#"><edm:ProvidedCHO rdf:about="http://data.europeana.eu/item/2021672/resource_document_mauritshuis_387"/><edm:WebResource rdf:about="https://www.mauritshuis.nl/media/jvpb0ae0/0387.jpg"><ebucore:hasMimeType>image/jpeg</ebucore:hasMimeType><ebucore:fileByteSize rdf:datatype="http://www.w3.org/2001/XMLSchema#long">7368559</ebucore:fileByteSize><ebucore:width rdf:datatype="http://www.w3.org/2001/XMLSchema#integer">4788</ebucore:width><ebucore:height rdf:datatype="http://www.w3.org/2001/XMLSchema#integer">6000</ebucore:height><edm:hasColorSpace>sRGB</edm:hasColorSpace><edm:componentColor rdf:datatype="http://www.w3.org/2001/XMLSchema#hexBinary">#FFF5EE</edm:componentColor><edm:componentColor rdf:datatype="http://www.w3.org/2001/XMLSchema#hexBinary">#F5DEB3</edm:componentColor><edm:componentColor rdf:datatype="http://www.w3.org/2001/XMLSchema#hexBinary">#E6E6FA</edm:componentColor><edm:componentColor rdf:datatype="http://www.w3.org/2001/XMLSchema#hexBinary">#B0C4DE</edm:componentColor><edm:componentColor rdf:datatype="http://www.w3.org/2001/XMLSchema#hexBinary">#CD853F</edm:componentColor><edm:componentColor rdf:datatype="http://www.w3.org/2001/XMLSchema#hexBinary">#A9A9A9</edm:componentColor><ebucore:orientation rdf:datatype="http://www.w3.org/2001/XMLSchema#string">portrait</ebucore:orientation></edm:WebResource><skos:Concept rdf:about="http://data.europeana.eu/concept/224"><skos:prefLabel xml:lang="de">Pastellkreiden</skos:prefLabel><skos:prefLabel xml:lang="sv">Pastell</skos:prefLabel><skos:prefLabel xml:lang="fi">Pastelliliitu</skos:prefLabel><skos:prefLabel xml:lang="ru">Пастель</skos:prefLabel><skos:prefLabel xml:lang="pt">Pastel</skos:prefLabel><skos:prefLabel xml:lang="el">Παστέλ</skos:prefLabel><skos:prefLabel xml:lang="lt">Pastelė</skos:prefLabel><skos:prefLabel xml:lang="en">Pastel</skos:prefLabel><skos:prefLabel xml:lang="hr">Pastel</skos:prefLabel><skos:prefLabel xml:lang="lv">Pastelis</skos:prefLabel><skos:prefLabel xml:lang="it">Pastello</skos:prefLabel><skos:prefLabel xml:lang="fr">Pastel</skos:prefLabel><skos:prefLabel xml:lang="hu">Pasztell</skos:prefLabel><skos:prefLabel xml:lang="es">Pastel</skos:prefLabel><skos:prefLabel xml:lang="et">Pastell</skos:prefLabel><skos:prefLabel xml:lang="cs">Pastel</skos:prefLabel><skos:prefLabel xml:lang="eu">Pastel (pintura)</skos:prefLabel><skos:prefLabel xml:lang="sl">Pastel</skos:prefLabel><skos:prefLabel xml:lang="ga">Pastal</skos:prefLabel><skos:prefLabel xml:lang="pl">Pastel</skos:prefLabel><skos:prefLabel xml:lang="ro">Pastel</skos:prefLabel><skos:prefLabel xml:lang="da">Pastelmaleri</skos:prefLabel><skos:prefLabel xml:lang="nl">Pastelkrijt</skos:prefLabel><skos:prefLabel xml:lang="ca">Pastel</skos:prefLabel><skos:note xml:lang="de">Material für den Farbauftrag in der Pastellmalerei und -zeichnung.</skos:note><skos:note xml:lang="ru">Наименование художественного материала и техники рисунка</skos:note><skos:note xml:lang="fi">Maalaus- tai piirustustarvike</skos:note><skos:note xml:lang="en">Painting or drawing material to color a painting surface</skos:note><skos:note xml:lang="it">Materiale artistico per colorare</skos:note><skos:note xml:lang="pl">Materiał malarski</skos:note><skos:note xml:lang="fr">Matériau de dessin et de peinture et la technique</skos:note><skos:note xml:lang="da">Kunst materialer</skos:note><skos:note xml:lang="es">Material artístico para pintura o dibujo</skos:note><skos:exactMatch rdf:resource="http://www.wikidata.org/entity/Q189085"/><skos:exactMatch rdf:resource="http://id.loc.gov/authorities/names/sh85098548"/><skos:exactMatch rdf:resource="http://data.bnf.fr/ark:/12148/cb12182417k"/><skos:exactMatch rdf:resource="http://purl.org/bncf/tid/5135"/><skos:exactMatch rdf:resource="https://www.freebase.com/m/0642x"/><skos:exactMatch rdf:resource="https://g.co/kg/m/0642x"/><skos:exactMatch rdf:resource="http://vocab.getty.edu/aat/300122621"/><skos:exactMatch rdf:resource="http://babelnet.org/rdf/s14095772n"/><skos:exactMatch rdf:resource="http://dbpedia.org/resource/Pastel"/></skos:Concept><skos:Concept rdf:about="http://data.europeana.eu/concept/2090"><skos:prefLabel xml:lang="de">Papier</skos:prefLabel><skos:prefLabel xml:lang="ru">Бумага</skos:prefLabel><skos:prefLabel xml:lang="fi">Paperi</skos:prefLabel><skos:prefLabel xml:lang="pt">Papel</skos:prefLabel><skos:prefLabel xml:lang="bg">Хартия</skos:prefLabel><skos:prefLabel xml:lang="lt">Popierius</skos:prefLabel><skos:prefLabel xml:lang="lv">Papīrs</skos:prefLabel><skos:prefLabel xml:lang="hr">Papir</skos:prefLabel><skos:prefLabel xml:lang="fr">Papier</skos:prefLabel><skos:prefLabel xml:lang="hu">Papír</skos:prefLabel><skos:prefLabel xml:lang="sk">Papier</skos:prefLabel><skos:prefLabel xml:lang="sl">Papir</skos:prefLabel><skos:prefLabel xml:lang="ga">Páipéar</skos:prefLabel><skos:prefLabel xml:lang="ca">Paper</skos:prefLabel><skos:prefLabel xml:lang="sv">Papper</skos:prefLabel><skos:prefLabel xml:lang="mt">Karta</skos:prefLabel><skos:prefLabel xml:lang="el">Χαρτί</skos:prefLabel><skos:prefLabel xml:lang="en">Paper</skos:prefLabel><skos:prefLabel xml:lang="it">Carta</skos:prefLabel><skos:prefLabel xml:lang="es">Papel</skos:prefLabel><skos:prefLabel xml:lang="et">Paber</skos:prefLabel><skos:prefLabel xml:lang="eu">Paper</skos:prefLabel><skos:prefLabel xml:lang="cs">Papír</skos:prefLabel><skos:prefLabel xml:lang="pl">Papier</skos:prefLabel><skos:prefLabel xml:lang="ro">Hârtie</skos:prefLabel><skos:prefLabel xml:lang="da">Papir</skos:prefLabel><skos:prefLabel xml:lang="nl">Papier</skos:prefLabel><skos:note xml:lang="de">Werkstoff aus Fasern zum Beschreiben, Bedrucken und Verpacken</skos:note><skos:note xml:lang="fi">Ohut kuiduista tehty materiaali</skos:note><skos:note xml:lang="sv">Cellulosabaserat material</skos:note><skos:note xml:lang="ru">Волокнистый материал с минеральными добавками</skos:note><skos:note xml:lang="pt">Folha fina feita com pasta de fibras vegetais</skos:note><skos:note xml:lang="en">Thin, flexible material mainly used for writing upon, printing upon, drawing or for packaging</skos:note><skos:note xml:lang="it">Materiale igroscopico, costituito da materie prime fibrose</skos:note><skos:note xml:lang="fr">Matière fabriquée à partir de fibres cellulosiques végétales et animales</skos:note><skos:note xml:lang="es">Delgada hoja elaborada con pasta de fibras vegetales</skos:note><skos:note xml:lang="cs">Tenký, pružný, vláknitý materiál s minerálními přísadami, vyráběný převážně z celulózy, užívaný pro psaní, kreslení, tisk nebo k balení</skos:note><skos:note xml:lang="sk">Tenký, hladký materiál vyrábaný zhutnením vlákna</skos:note><skos:note xml:lang="pl">Podłoże pisarskie lub malarskie otrzymywane z makulatury, celulozy i włókien innych roślin</skos:note><skos:note xml:lang="da">Materiale man kan skrive og tegne på</skos:note><skos:note xml:lang="nl">Materiaal waarop kan worden geschreven en getekend en dat kan worden bedrukt door middel van een druktechniek</skos:note><skos:note xml:lang="ca">Làmina constituïda per un entramat tridimensional de fibres de cel·lulosa i altres substàncies</skos:note><skos:broader rdf:resource="http://data.europeana.eu/concept/2069"/><skos:exactMatch rdf:resource="http://www.wikidata.org/entity/Q11472"/><skos:exactMatch rdf:resource="https://d-nb.info/gnd/4044522-7"/><skos:exactMatch rdf:resource="http://id.loc.gov/authorities/names/sh85097578"/><skos:exactMatch rdf:resource="http://data.bnf.fr/ark:/12148/cb11949744d"/><skos:exactMatch rdf:resource="http://id.ndl.go.jp/auth/ndlna/00564806"/><skos:exactMatch rdf:resource="http://id.nlm.nih.gov/mesh/D010209"/><skos:exactMatch rdf:resource="http://purl.org/bncf/tid/1192"/><skos:exactMatch rdf:resource="https://www.freebase.com/m/0641k"/><skos:exactMatch rdf:resource="https://g.co/kg/m/0641k"/><skos:exactMatch rdf:resource="http://vocab.getty.edu/aat/300014109"/><skos:exactMatch rdf:resource="http://iconclass.org/49L641"/><skos:exactMatch rdf:resource="http://www.yso.fi/onto/yso/p8522"/><skos:exactMatch rdf:resource="http://babelnet.org/rdf/s00060464n"/><skos:exactMatch rdf:resource="http://thesaurus.europeanafashion.eu/thesaurus/10574"/><skos:exactMatch rdf:resource="http://zbw.eu/stw/descriptor/14802-1"/><skos:exactMatch rdf:resource="http://vocabularies.unesco.org/thesaurus/concept14922"/><skos:exactMatch rdf:resource="http://dbpedia.org/resource/Paper"/></skos:Concept><ore:Aggregation rdf:about="http://data.europeana.eu/aggregation/provider/2021672/resource_document_mauritshuis_387"><edm:aggregatedCHO rdf:resource="http://data.europeana.eu/item/2021672/resource_document_mauritshuis_387"/><edm:dataProvider rdf:resource="http://data.europeana.eu/organization/1482250000004509120"></edm:dataProvider><edm:isShownBy rdf:resource="https://www.mauritshuis.nl/media/jvpb0ae0/0387.jpg"/><edm:provider rdf:resource="http://data.europeana.eu/organization/1482250000004671093"></edm:provider><edm:rights rdf:resource="http://creativecommons.org/publicdomain/mark/1.0/"/></ore:Aggregation><ore:Proxy rdf:about="http://data.europeana.eu/proxy/provider/2021672/resource_document_mauritshuis_387"><dc:creator>Johannes Anspach</dc:creator><dc:format>13.5 cm</dc:format><dc:format>11.5 cm</dc:format><dc:identifier>387</dc:identifier><dc:title xml:lang="nl-NL">Portret van een dame</dc:title><dc:title xml:lang="en-GB">Portrait of a Lady</dc:title><dc:type xml:lang="nl-NL">pastel</dc:type><dc:type xml:lang="en-GB">pastel</dc:type><dcterms:medium xml:lang="nl-NL">papier</dcterms:medium><dcterms:medium xml:lang="en-GB">paper</dcterms:medium><edm:europeanaProxy>false</edm:europeanaProxy><ore:proxyFor rdf:resource="http://data.europeana.eu/item/2021672/resource_document_mauritshuis_387"/><ore:proxyIn rdf:resource="http://data.europeana.eu/aggregation/provider/2021672/resource_document_mauritshuis_387"/><edm:type>IMAGE</edm:type></ore:Proxy><ore:Proxy rdf:about="http://data.europeana.eu/proxy/europeana/2021672/resource_document_mauritshuis_387"><dc:identifier>resource_document_mauritshuis_387</dc:identifier><dc:type rdf:resource="http://data.europeana.eu/concept/224"></dc:type><dcterms:medium rdf:resource="http://data.europeana.eu/concept/2090"></dcterms:medium><edm:europeanaProxy>true</edm:europeanaProxy><ore:proxyFor rdf:resource="http://data.europeana.eu/item/2021672/resource_document_mauritshuis_387"/><ore:proxyIn rdf:resource="http://data.europeana.eu/aggregation/europeana/2021672/resource_document_mauritshuis_387"/><ore:lineage rdf:resource="http://data.europeana.eu/proxy/provider/2021672/resource_document_mauritshuis_387"/><edm:type>IMAGE</edm:type></ore:Proxy><edm:EuropeanaAggregation rdf:about="http://data.europeana.eu/aggregation/europeana/2021672/resource_document_mauritshuis_387"><edm:aggregatedCHO rdf:resource="http://data.europeana.eu/item/2021672/resource_document_mauritshuis_387"/><edm:datasetName>2021672_Ag_NL_DigitaleCollectie_Mauritshuis</edm:datasetName><edm:country>Netherlands</edm:country><edm:preview rdf:resource="https://www.mauritshuis.nl/media/jvpb0ae0/0387.jpg"/><edm:landingPage rdf:resource="https://www.europeana.eu/item/2021672/resource_document_mauritshuis_387"/><edm:language>nl</edm:language><edm:completeness>0</edm:completeness><dcterms:created>2017-08-02T11:48:23.846Z</dcterms:created><dcterms:modified>2023-02-28T08:45:41.077Z</dcterms:modified><dqv:hasQualityAnnotation rdf:resource="http://data.europeana.eu/item/2021672/resource_document_mauritshuis_387#contentTier"/><dqv:hasQualityAnnotation rdf:resource="http://data.europeana.eu/item/2021672/resource_document_mauritshuis_387#metadataTier"/></edm:EuropeanaAggregation><foaf:Organization rdf:about="http://data.europeana.eu/organization/1482250000004509120"><skos:prefLabel xml:lang="en">Mauritshuis</skos:prefLabel><skos:prefLabel xml:lang="nl">Mauritshuis</skos:prefLabel></foaf:Organization><foaf:Organization rdf:about="http://data.europeana.eu/organization/1482250000004671093"><skos:prefLabel xml:lang="en">Dutch Collections for Europe</skos:prefLabel></foaf:Organization><dqv:QualityAnnotation rdf:about="http://data.europeana.eu/item/2021672/resource_document_mauritshuis_387#contentTier"><dcterms:created>2023-02-28T08:46:26.097574Z</dcterms:created><oa:hasTarget rdf:resource="http://data.europeana.eu/aggregation/provider/2021672/resource_document_mauritshuis_387"/><oa:hasBody rdf:resource="http://www.europeana.eu/schemas/epf/contentTier4"/></dqv:QualityAnnotation><dqv:QualityAnnotation rdf:about="http://data.europeana.eu/item/2021672/resource_document_mauritshuis_387#metadataTier"><dcterms:created>2023-02-28T08:46:26.097591Z</dcterms:created><oa:hasTarget rdf:resource="http://data.europeana.eu/aggregation/provider/2021672/resource_document_mauritshuis_387"/><oa:hasBody rdf:resource="http://www.europeana.eu/schemas/epf/metadataTierA"/></dqv:QualityAnnotation></rdf:RDF>