<?xml version="1.0" encoding="UTF-8" standalone="yes"?><rdf:RDF xmlns:rdf="http://www.w3.org/1999/02/22-rdf-syntax-ns#" xmlns:dc="http://purl.org/dc/elements/1.1/" xmlns:dcterms="http://purl.org/dc/terms/" xmlns:edm="http://www.europeana.eu/schemas/edm/" xmlns:owl="http://www.w3.org/2002/07/owl#" xmlns:wgs84_pos="http://www.w3.org/2003/01/geo/wgs84_pos#" xmlns:skos="http://www.w3.org/2004/02/skos/core#" xmlns:rdaGr2="http://rdvocab.info/ElementsGr2/" xmlns:foaf="http://xmlns.com/foaf/0.1/" xmlns:ebucore="http://www.ebu.ch/metadata/ontologies/ebucore/ebucore#" xmlns:doap="http://usefulinc.com/ns/doap#" xmlns:odrl="http://www.w3.org/ns/odrl/2/" xmlns:cc="http://creativecommons.org/ns#" xmlns:ore="http://www.openarchives.org/ore/terms/" xmlns:svcs="http://rdfs.org/sioc/services#" xmlns:oa="http://www.w3.org/ns/oa#" xmlns:dqv="http://www.w3.org/ns/dqv#"><edm:ProvidedCHO rdf:about="http://data.europeana.eu/item/2021672/resource_document_mauritshuis_27"/><edm:WebResource rdf:about="https://www.mauritshuis.nl/media/y50ioknz/0027.jpg"><ebucore:hasMimeType>image/jpeg</ebucore:hasMimeType><ebucore:fileByteSize rdf:datatype="http://www.w3.org/2001/XMLSchema#long">4670704</ebucore:fileByteSize><ebucore:width rdf:datatype="http://www.w3.org/2001/XMLSchema#integer">5000</ebucore:width><ebucore:height rdf:datatype="http://www.w3.org/2001/XMLSchema#integer">4414</ebucore:height><edm:hasColorSpace>sRGB</edm:hasColorSpace><edm:componentColor rdf:datatype="http://www.w3.org/2001/XMLSchema#hexBinary">#556B2F</edm:componentColor><edm:componentColor rdf:datatype="http://www.w3.org/2001/XMLSchema#hexBinary">#A9A9A9</edm:componentColor><edm:componentColor rdf:datatype="http://www.w3.org/2001/XMLSchema#hexBinary">#000000</edm:componentColor><edm:componentColor rdf:datatype="http://www.w3.org/2001/XMLSchema#hexBinary">#778899</edm:componentColor><edm:componentColor rdf:datatype="http://www.w3.org/2001/XMLSchema#hexBinary">#8B4513</edm:componentColor><edm:componentColor rdf:datatype="http://www.w3.org/2001/XMLSchema#hexBinary">#CD853F</edm:componentColor><ebucore:orientation rdf:datatype="http://www.w3.org/2001/XMLSchema#string">landscape</ebucore:orientation></edm:WebResource><edm:TimeSpan rdf:about="http://data.europeana.eu/timespan/18"><skos:prefLabel xml:lang="de">18. Jahrhundert</skos:prefLabel><skos:prefLabel xml:lang="ru">XVIII век</skos:prefLabel><skos:prefLabel xml:lang="fi">1700-luku</skos:prefLabel><skos:prefLabel xml:lang="pt">Século XVIII</skos:prefLabel><skos:prefLabel xml:lang="bg">18 век</skos:prefLabel><skos:prefLabel xml:lang="lt">XVIII amžius</skos:prefLabel><skos:prefLabel xml:lang="lv">18. gadsimts</skos:prefLabel><skos:prefLabel xml:lang="hr">18. stoljeće</skos:prefLabel><skos:prefLabel xml:lang="fr">XVIIIe siècle</skos:prefLabel><skos:prefLabel xml:lang="hu">18. század</skos:prefLabel><skos:prefLabel xml:lang="sk">18. storočie</skos:prefLabel><skos:prefLabel xml:lang="sl">18. stoletje</skos:prefLabel><skos:prefLabel xml:lang="ga">18ú haois</skos:prefLabel><skos:prefLabel xml:lang="ca">Segle XVIII</skos:prefLabel><skos:prefLabel xml:lang="sv">1700-talet</skos:prefLabel><skos:prefLabel xml:lang="el">18ος αιώνας</skos:prefLabel><skos:prefLabel xml:lang="en">18th century</skos:prefLabel><skos:prefLabel xml:lang="it">XVIII secolo</skos:prefLabel><skos:prefLabel xml:lang="es">Siglo XVIII</skos:prefLabel><skos:prefLabel xml:lang="et">18. sajand</skos:prefLabel><skos:prefLabel xml:lang="eu">XVIII. mendea</skos:prefLabel><skos:prefLabel xml:lang="cs">18. století</skos:prefLabel><skos:prefLabel xml:lang="pl">XVIII wiek</skos:prefLabel><skos:prefLabel xml:lang="ro">Secolul al XVIII-lea</skos:prefLabel><skos:prefLabel xml:lang="da">18. århundrede</skos:prefLabel><skos:prefLabel xml:lang="nl">18e eeuw</skos:prefLabel><skos:altLabel xml:lang="ru">18 век</skos:altLabel><skos:altLabel xml:lang="sv">18:e århundradet</skos:altLabel><skos:altLabel xml:lang="sv">18:e seklet</skos:altLabel><skos:altLabel xml:lang="sv">1700-tal</skos:altLabel><skos:altLabel xml:lang="sv">1700-talet (århundrade)</skos:altLabel><skos:altLabel xml:lang="sv">1700-talet (sekel)</skos:altLabel><skos:altLabel xml:lang="en">18th-century</skos:altLabel><skos:altLabel xml:lang="en">18th-century</skos:altLabel><skos:altLabel xml:lang="en">Eighteenth Century</skos:altLabel><skos:altLabel xml:lang="en">History, 18th Century</skos:altLabel><skos:altLabel xml:lang="it">Settecento</skos:altLabel><skos:altLabel xml:lang="it">18° secolo</skos:altLabel><skos:altLabel xml:lang="it">Secolo XVIII</skos:altLabel><skos:altLabel xml:lang="it">XVIII Secolo</skos:altLabel><skos:altLabel xml:lang="it">Diciottesimo secolo</skos:altLabel><skos:altLabel xml:lang="it">'700</skos:altLabel><skos:altLabel xml:lang="it">18º secolo</skos:altLabel><skos:altLabel xml:lang="it">Settecento</skos:altLabel><skos:altLabel xml:lang="fr">18e siècle</skos:altLabel><skos:altLabel xml:lang="fr">18 siècle</skos:altLabel><skos:altLabel xml:lang="fr">18eme siècle</skos:altLabel><skos:altLabel xml:lang="da">1700-tallet</skos:altLabel><skos:altLabel xml:lang="hu">18. évszázad</skos:altLabel><skos:altLabel xml:lang="nl">1701-1800</skos:altLabel><skos:altLabel xml:lang="es">Siglo 18</skos:altLabel><skos:altLabel xml:lang="es">Siglo dieciocho</skos:altLabel><edm:begin>1701-01-01</edm:begin><edm:end>1800-01-01</edm:end><owl:sameAs rdf:resource="http://www.wikidata.org/entity/Q7015"/><owl:sameAs rdf:resource="http://id.loc.gov/authorities/names/sh2002012474"/><owl:sameAs rdf:resource="http://id.loc.gov/authorities/names/sh85041401"/><owl:sameAs rdf:resource="http://id.nlm.nih.gov/mesh/D049671"/><owl:sameAs rdf:resource="https://www.freebase.com/m/08b33"/><owl:sameAs rdf:resource="https://g.co/kg/m/08b33"/><owl:sameAs rdf:resource="http://id.nlm.nih.gov/mesh/K01.400.504.875"/><owl:sameAs rdf:resource="http://vocab.getty.edu/aat/300404512"/><owl:sameAs rdf:resource="http://babelnet.org/rdf/s02814699n"/><owl:sameAs rdf:resource="http://dbpedia.org/resource/18th_century"/></edm:TimeSpan><edm:TimeSpan rdf:about="#1726%2F1726"><skos:prefLabel xml:lang="zxx">1726/1726</skos:prefLabel><dcterms:isPartOf rdf:resource="http://data.europeana.eu/timespan/18"></dcterms:isPartOf><edm:begin>1726-01-01</edm:begin><edm:end>1726-12-31</edm:end></edm:TimeSpan><ore:Aggregation rdf:about="http://data.europeana.eu/aggregation/provider/2021672/resource_document_mauritshuis_27"><edm:aggregatedCHO rdf:resource="http://data.europeana.eu/item/2021672/resource_document_mauritshuis_27"/><edm:dataProvider rdf:resource="http://data.europeana.eu/organization/1482250000004509120"></edm:dataProvider><edm:isShownBy rdf:resource="https://www.mauritshuis.nl/media/y50ioknz/0027.jpg"/><edm:provider rdf:resource="http://data.europeana.eu/organization/1482250000004671093"></edm:provider><edm:rights rdf:resource="http://creativecommons.org/publicdomain/mark/1.0/"/></ore:Aggregation><ore:Proxy rdf:about="http://data.europeana.eu/proxy/provider/2021672/resource_document_mauritshuis_27"><dc:creator>Philip van Dijk</dc:creator><dc:date>1726 - 1726</dc:date><dc:format>30.5 cm</dc:format><dc:format>27.7 cm</dc:format><dc:identifier>27</dc:identifier><dc:title xml:lang="nl-NL">Judith met het hoofd van Holofernes</dc:title><dc:title xml:lang="en-GB">Judith with the Head of Holofernes</dc:title><dc:type xml:lang="nl-NL">schilderij</dc:type><dc:type xml:lang="en-GB">painting</dc:type><dcterms:medium xml:lang="nl-NL">paneel</dcterms:medium><dcterms:medium xml:lang="en-GB">panel</dcterms:medium><edm:europeanaProxy>false</edm:europeanaProxy><ore:proxyFor rdf:resource="http://data.europeana.eu/item/2021672/resource_document_mauritshuis_27"/><ore:proxyIn rdf:resource="http://data.europeana.eu/aggregation/provider/2021672/resource_document_mauritshuis_27"/><edm:type>IMAGE</edm:type></ore:Proxy><ore:Proxy rdf:about="http://data.europeana.eu/proxy/europeana/2021672/resource_document_mauritshuis_27"><dc:date rdf:resource="#1726%2F1726"></dc:date><dc:date rdf:resource="#1726%2F1726"></dc:date><dc:identifier>resource_document_mauritshuis_27</dc:identifier><edm:europeanaProxy>true</edm:europeanaProxy><ore:proxyFor rdf:resource="http://data.europeana.eu/item/2021672/resource_document_mauritshuis_27"/><ore:proxyIn rdf:resource="http://data.europeana.eu/aggregation/europeana/2021672/resource_document_mauritshuis_27"/><ore:lineage rdf:resource="http://data.europeana.eu/proxy/provider/2021672/resource_document_mauritshuis_27"/><edm:type>IMAGE</edm:type></ore:Proxy><edm:EuropeanaAggregation rdf:about="http://data.europeana.eu/aggregation/europeana/2021672/resource_document_mauritshuis_27"><edm:aggregatedCHO rdf:resource="http://data.europeana.eu/item/2021672/resource_document_mauritshuis_27"/><edm:datasetName>2021672_Ag_NL_DigitaleCollectie_Mauritshuis</edm:datasetName><edm:country>Netherlands</edm:country><edm:preview rdf:resource="https://www.mauritshuis.nl/media/y50ioknz/0027.jpg"/><edm:landingPage rdf:resource="https://www.europeana.eu/item/2021672/resource_document_mauritshuis_27"/><edm:language>nl</edm:language><edm:completeness>0</edm:completeness><dcterms:created>2017-08-02T11:48:21.793Z</dcterms:created><dcterms:modified>2023-02-28T08:45:41.077Z</dcterms:modified><dqv:hasQualityAnnotation rdf:resource="http://data.europeana.eu/item/2021672/resource_document_mauritshuis_27#contentTier"/><dqv:hasQualityAnnotation rdf:resource="http://data.europeana.eu/item/2021672/resource_document_mauritshuis_27#metadataTier"/></edm:EuropeanaAggregation><foaf:Organization rdf:about="http://data.europeana.eu/organization/1482250000004509120"><skos:prefLabel xml:lang="en">Mauritshuis</skos:prefLabel><skos:prefLabel xml:lang="nl">Mauritshuis</skos:prefLabel></foaf:Organization><foaf:Organization rdf:about="http://data.europeana.eu/organization/1482250000004671093"><skos:prefLabel xml:lang="en">Dutch Collections for Europe</skos:prefLabel></foaf:Organization><dqv:QualityAnnotation rdf:about="http://data.europeana.eu/item/2021672/resource_document_mauritshuis_27#contentTier"><dcterms:created>2023-02-28T08:46:09.443258Z</dcterms:created><oa:hasTarget rdf:resource="http://data.europeana.eu/aggregation/provider/2021672/resource_document_mauritshuis_27"/><oa:hasBody rdf:resource="http://www.europeana.eu/schemas/epf/contentTier4"/></dqv:QualityAnnotation><dqv:QualityAnnotation rdf:about="http://data.europeana.eu/item/2021672/resource_document_mauritshuis_27#metadataTier"><dcterms:created>2023-02-28T08:46:09.443274Z</dcterms:created><oa:hasTarget rdf:resource="http://data.europeana.eu/aggregation/provider/2021672/resource_document_mauritshuis_27"/><oa:hasBody rdf:resource="http://www.europeana.eu/schemas/epf/metadataTierA"/></dqv:QualityAnnotation></rdf:RDF>