<?xml version="1.0" encoding="UTF-8" standalone="yes"?><rdf:RDF xmlns:rdf="http://www.w3.org/1999/02/22-rdf-syntax-ns#" xmlns:dc="http://purl.org/dc/elements/1.1/" xmlns:dcterms="http://purl.org/dc/terms/" xmlns:edm="http://www.europeana.eu/schemas/edm/" xmlns:owl="http://www.w3.org/2002/07/owl#" xmlns:wgs84_pos="http://www.w3.org/2003/01/geo/wgs84_pos#" xmlns:skos="http://www.w3.org/2004/02/skos/core#" xmlns:rdaGr2="http://rdvocab.info/ElementsGr2/" xmlns:foaf="http://xmlns.com/foaf/0.1/" xmlns:ebucore="http://www.ebu.ch/metadata/ontologies/ebucore/ebucore#" xmlns:doap="http://usefulinc.com/ns/doap#" xmlns:odrl="http://www.w3.org/ns/odrl/2/" xmlns:cc="http://creativecommons.org/ns#" xmlns:ore="http://www.openarchives.org/ore/terms/" xmlns:svcs="http://rdfs.org/sioc/services#" xmlns:oa="http://www.w3.org/ns/oa#" xmlns:dqv="http://www.w3.org/ns/dqv#"><edm:ProvidedCHO rdf:about="http://data.europeana.eu/item/2021672/resource_document_mauritshuis_357"/><edm:WebResource rdf:about="https://www.mauritshuis.nl/media/wf1ab4v3/0357.jpg"><ebucore:hasMimeType>image/jpeg</ebucore:hasMimeType><ebucore:fileByteSize rdf:datatype="http://www.w3.org/2001/XMLSchema#long">9468656</ebucore:fileByteSize><ebucore:width rdf:datatype="http://www.w3.org/2001/XMLSchema#integer">4848</ebucore:width><ebucore:height rdf:datatype="http://www.w3.org/2001/XMLSchema#integer">6000</ebucore:height><edm:hasColorSpace>sRGB</edm:hasColorSpace><edm:componentColor rdf:datatype="http://www.w3.org/2001/XMLSchema#hexBinary">#D2691E</edm:componentColor><edm:componentColor rdf:datatype="http://www.w3.org/2001/XMLSchema#hexBinary">#800000</edm:componentColor><edm:componentColor rdf:datatype="http://www.w3.org/2001/XMLSchema#hexBinary">#EEE8AA</edm:componentColor><edm:componentColor rdf:datatype="http://www.w3.org/2001/XMLSchema#hexBinary">#696969</edm:componentColor><edm:componentColor rdf:datatype="http://www.w3.org/2001/XMLSchema#hexBinary">#8B4513</edm:componentColor><edm:componentColor rdf:datatype="http://www.w3.org/2001/XMLSchema#hexBinary">#A52A2A</edm:componentColor><ebucore:orientation rdf:datatype="http://www.w3.org/2001/XMLSchema#string">portrait</ebucore:orientation></edm:WebResource><edm:Agent rdf:about="http://data.europeana.eu/agent/5"><skos:prefLabel xml:lang="de">Raffael</skos:prefLabel><skos:prefLabel xml:lang="ru">Рафаэль Санти</skos:prefLabel><skos:prefLabel xml:lang="fi">Rafael</skos:prefLabel><skos:prefLabel xml:lang="pt">Rafael Sanzio</skos:prefLabel><skos:prefLabel xml:lang="bg">Рафаело Санцио</skos:prefLabel><skos:prefLabel xml:lang="lt">Rafaelis</skos:prefLabel><skos:prefLabel xml:lang="lv">Rafaēls</skos:prefLabel><skos:prefLabel xml:lang="hr">Rafael</skos:prefLabel><skos:prefLabel xml:lang="fr">Raphaël</skos:prefLabel><skos:prefLabel xml:lang="hu">Raffaello Sanzio</skos:prefLabel><skos:prefLabel xml:lang="sk">Raffael</skos:prefLabel><skos:prefLabel xml:lang="sl">Raffaello Santi</skos:prefLabel><skos:prefLabel xml:lang="ga">Raffaello Sanzio</skos:prefLabel><skos:prefLabel xml:lang="ca">Raffaello Sanzio</skos:prefLabel><skos:prefLabel xml:lang="sv">Rafael</skos:prefLabel><skos:prefLabel xml:lang="mt">Raffaello</skos:prefLabel><skos:prefLabel xml:lang="el">Ραφαήλ</skos:prefLabel><skos:prefLabel xml:lang="en">Raphael</skos:prefLabel><skos:prefLabel xml:lang="it">Raffaello Sanzio</skos:prefLabel><skos:prefLabel xml:lang="es">Rafael Sanzio</skos:prefLabel><skos:prefLabel xml:lang="et">Raffael</skos:prefLabel><skos:prefLabel xml:lang="eu">Rafael</skos:prefLabel><skos:prefLabel xml:lang="cs">Rafael Santi</skos:prefLabel><skos:prefLabel xml:lang="pl">Rafael Santi</skos:prefLabel><skos:prefLabel xml:lang="ro">Rafael</skos:prefLabel><skos:prefLabel xml:lang="da">Raffaello Santi</skos:prefLabel><skos:prefLabel xml:lang="nl">Rafaël Santi</skos:prefLabel><skos:altLabel xml:lang="cs">Raphael</skos:altLabel><skos:altLabel xml:lang="cs">Rafael'</skos:altLabel><skos:altLabel xml:lang="cs">Raffaello Sanzio</skos:altLabel><skos:altLabel xml:lang="cs">Raffaello Santi</skos:altLabel><skos:altLabel xml:lang="cs">Raffael Santi</skos:altLabel><skos:altLabel xml:lang="de">Raffaello Sanzio da Urbino</skos:altLabel><skos:altLabel xml:lang="de">Raffael da Urbino</skos:altLabel><skos:altLabel xml:lang="de">Raffaello Santi</skos:altLabel><skos:altLabel xml:lang="de">Rafael Santis</skos:altLabel><skos:altLabel xml:lang="de">Raffaello</skos:altLabel><skos:altLabel xml:lang="ru">Санти, Рафаэль</skos:altLabel><skos:altLabel xml:lang="ru">Raffaello Sanzio</skos:altLabel><skos:altLabel xml:lang="ru">Рафаэль</skos:altLabel><skos:altLabel xml:lang="el">Ραφαέλο Σάντζιο</skos:altLabel><skos:altLabel xml:lang="en">Raffaello Sanzio da Urbino</skos:altLabel><skos:altLabel xml:lang="en">Santi Raphael</skos:altLabel><skos:altLabel xml:lang="en">Raphael, 1483-1520</skos:altLabel><skos:altLabel xml:lang="en">Raffale Sanzio</skos:altLabel><skos:altLabel xml:lang="it">Raffaello Santi</skos:altLabel><skos:altLabel xml:lang="it">Raffaello</skos:altLabel><skos:altLabel xml:lang="fr">Raffaello Sanzio</skos:altLabel><skos:altLabel xml:lang="ro">Rafael Sanzio</skos:altLabel><skos:altLabel xml:lang="nl">Rafaël</skos:altLabel><skos:altLabel xml:lang="nl">Raphael</skos:altLabel><skos:altLabel xml:lang="nl">Raffaello Sanzio</skos:altLabel><skos:altLabel xml:lang="nl">Raphael Santi</skos:altLabel><skos:altLabel xml:lang="nl">Raffaello Santi da Urbino</skos:altLabel><skos:altLabel xml:lang="nl">Raffaello Santi</skos:altLabel><skos:altLabel xml:lang="nl">Raffaello</skos:altLabel><skos:altLabel xml:lang="nl">Raffael</skos:altLabel><skos:altLabel xml:lang="nl">Rafael (kunstenaar)</skos:altLabel><skos:altLabel xml:lang="ca">Raffaello Sanzio da Urbino</skos:altLabel><skos:altLabel xml:lang="ca">Raffaello</skos:altLabel><skos:altLabel xml:lang="ca">Raphael d' Urbino</skos:altLabel><skos:altLabel xml:lang="es">Raffaello Sanzio</skos:altLabel><skos:altLabel xml:lang="et">Raffaello Santi</skos:altLabel><skos:note xml:lang="de">Italienischer Maler und Architekt</skos:note><skos:note xml:lang="sv">Italiensk konstnär</skos:note><skos:note xml:lang="fi">Italialainen taidemaalari ja arkkitehti</skos:note><skos:note xml:lang="ru">Итальянский художник и архитектор эпохи Возрождения</skos:note><skos:note xml:lang="pt">Pintor renascentista italiano</skos:note><skos:note xml:lang="el">Ιταλός ζωγράφος και αρχιτέκτονας της ύστερης Αναγέννησης</skos:note><skos:note xml:lang="en">Italian painter and architect (1483–1520)</skos:note><skos:note xml:lang="it">Pittore e architetto italiano del Rinascimento (1483-1520)</skos:note><skos:note xml:lang="fr">Peintre et architecte italien de la Renaissance</skos:note><skos:note xml:lang="es">Pintor y arquitecto renacentista italiano</skos:note><skos:note xml:lang="et">Itaalia maalikunstnik ja arhitekt</skos:note><skos:note xml:lang="cs">Italský malíř a architekt v období vrcholné renesance</skos:note><skos:note xml:lang="ga">Péintéir agus ailtire Iodálach (1483–1520)</skos:note><skos:note xml:lang="pl">Włoski malarz</skos:note><skos:note xml:lang="ro">Pictor și arhitect italian</skos:note><skos:note xml:lang="da">Italiensk maler og arkitekt (1483-1520)</skos:note><skos:note xml:lang="ca">Pintor i arquitecte renaixentista italià</skos:note><skos:note xml:lang="nl">Italiaanse kunstschilder en architect uit de renaissance (1483-1520)</skos:note><edm:hasMet rdf:resource="http://data.europeana.eu/concept/216"/><edm:hasMet rdf:resource="http://data.europeana.eu/concept/106"/><edm:hasMet rdf:resource="http://data.europeana.eu/agent/1510"/><edm:hasMet rdf:resource="http://data.europeana.eu/agent/18156"/><edm:hasMet rdf:resource="http://data.europeana.eu/agent/67082"/><edm:isRelatedTo rdf:resource="http://data.europeana.eu/agent/1510"></edm:isRelatedTo><rdaGr2:dateOfBirth>1483-04-15</rdaGr2:dateOfBirth><rdaGr2:dateOfDeath>1520-04-16</rdaGr2:dateOfDeath><rdaGr2:placeOfBirth rdf:resource="http://data.europeana.eu/place/149931"></rdaGr2:placeOfBirth><rdaGr2:placeOfDeath rdf:resource="http://data.europeana.eu/place/143433"></rdaGr2:placeOfDeath><rdaGr2:professionOrOccupation rdf:resource="http://data.europeana.eu/concept/1943"></rdaGr2:professionOrOccupation><rdaGr2:professionOrOccupation rdf:resource="http://data.europeana.eu/concept/1960"></rdaGr2:professionOrOccupation><owl:sameAs rdf:resource="http://www.wikidata.org/entity/Q5597"/><owl:sameAs rdf:resource="http://viaf.org/viaf/64055977"/><owl:sameAs rdf:resource="https://d-nb.info/gnd/118597787"/><owl:sameAs rdf:resource="http://id.loc.gov/authorities/names/n79041756"/><owl:sameAs rdf:resource="http://vocab.getty.edu/ulan/500023578"/><owl:sameAs rdf:resource="http://data.bnf.fr/ark:/12148/cb12215591q"/><owl:sameAs rdf:resource="http://www.idref.fr/027608956/id"/><owl:sameAs rdf:resource="http://id.ndl.go.jp/auth/ndlna/00453605"/><owl:sameAs rdf:resource="https://www.freebase.com/m/0c43g"/><owl:sameAs rdf:resource="https://g.co/kg/m/0c43g"/><owl:sameAs rdf:resource="http://openlibrary.org/works/OL141748A"/><owl:sameAs rdf:resource="http://libris.kb.se/resource/auth/197348"/><owl:sameAs rdf:resource="http://datos.bne.es/resource/XX1002094"/><owl:sameAs rdf:resource="http://datos.bne.es/resource/XX1081085"/><owl:sameAs rdf:resource="http://datos.bne.es/resource/XX1081084"/><owl:sameAs rdf:resource="http://data.bibliotheken.nl/id/thes/p068987978"/><owl:sameAs rdf:resource="https://livedata.bibsys.no/authority/90110140"/><owl:sameAs rdf:resource="http://kulturarvsdata.se/LSH/agents/26066"/><owl:sameAs rdf:resource="http://ta.sandrart.net/-person-446"/><owl:sameAs rdf:resource="urn:uuid:429ff0d0-5bac-4a3a-b7fd-1b431bd3a456"/><owl:sameAs rdf:resource="http://id.worldcat.org/fast/33853"/><owl:sameAs rdf:resource="http://data.cervantesvirtual.com/person/72474"/><owl:sameAs rdf:resource="http://nlg.okfn.gr/resource/authority/record78217"/><owl:sameAs rdf:resource="http://lod.nl.go.kr/resource/KAC199636045"/><owl:sameAs rdf:resource="https://libris.kb.se/qn245kj849t8hwk"/><owl:sameAs rdf:resource="http://dbpedia.org/resource/Raphael"/></edm:Agent><edm:TimeSpan rdf:about="#1600%2F1700"><skos:prefLabel xml:lang="zxx">1600/1700</skos:prefLabel><dcterms:isPartOf rdf:resource="http://data.europeana.eu/timespan/16"></dcterms:isPartOf><dcterms:isPartOf rdf:resource="http://data.europeana.eu/timespan/17"></dcterms:isPartOf><edm:begin>1600-01-01</edm:begin><edm:end>1700-12-31</edm:end></edm:TimeSpan><edm:TimeSpan rdf:about="http://data.europeana.eu/timespan/16"><skos:prefLabel xml:lang="de">16. Jahrhundert</skos:prefLabel><skos:prefLabel xml:lang="fi">1500-luku</skos:prefLabel><skos:prefLabel xml:lang="ru">XVI век</skos:prefLabel><skos:prefLabel xml:lang="pt">Século XVI</skos:prefLabel><skos:prefLabel xml:lang="bg">16 век</skos:prefLabel><skos:prefLabel xml:lang="lt">XVI amžius</skos:prefLabel><skos:prefLabel xml:lang="lv">16. gadsimts</skos:prefLabel><skos:prefLabel xml:lang="hr">16. stoljeće</skos:prefLabel><skos:prefLabel xml:lang="fr">XVIe siècle</skos:prefLabel><skos:prefLabel xml:lang="hu">16. század</skos:prefLabel><skos:prefLabel xml:lang="sk">16. storočie</skos:prefLabel><skos:prefLabel xml:lang="sl">16. stoletje</skos:prefLabel><skos:prefLabel xml:lang="ga">16ú haois</skos:prefLabel><skos:prefLabel xml:lang="ca">Segle XVI</skos:prefLabel><skos:prefLabel xml:lang="sv">1500-talet</skos:prefLabel><skos:prefLabel xml:lang="el">16ος αιώνας</skos:prefLabel><skos:prefLabel xml:lang="en">16th century</skos:prefLabel><skos:prefLabel xml:lang="it">XVI secolo</skos:prefLabel><skos:prefLabel xml:lang="es">Siglo XVI</skos:prefLabel><skos:prefLabel xml:lang="et">16. sajand</skos:prefLabel><skos:prefLabel xml:lang="eu">XVI. mendea</skos:prefLabel><skos:prefLabel xml:lang="cs">16. století</skos:prefLabel><skos:prefLabel xml:lang="pl">XVI wiek</skos:prefLabel><skos:prefLabel xml:lang="ro">Secolul al XVI-lea</skos:prefLabel><skos:prefLabel xml:lang="da">16. århundrede</skos:prefLabel><skos:prefLabel xml:lang="nl">16e eeuw</skos:prefLabel><skos:altLabel xml:lang="sv">1500-tal</skos:altLabel><skos:altLabel xml:lang="sv">16:e århundradet</skos:altLabel><skos:altLabel xml:lang="sv">16:e seklet</skos:altLabel><skos:altLabel xml:lang="sv">1500-talet (århundrade)</skos:altLabel><skos:altLabel xml:lang="sv">1500-talet (sekel)</skos:altLabel><skos:altLabel xml:lang="ru">16 век</skos:altLabel><skos:altLabel xml:lang="en">16th-century</skos:altLabel><skos:altLabel xml:lang="en">16th-century</skos:altLabel><skos:altLabel xml:lang="it">Cinquecento</skos:altLabel><skos:altLabel xml:lang="it">16° secolo</skos:altLabel><skos:altLabel xml:lang="it">Secolo XVI</skos:altLabel><skos:altLabel xml:lang="it">Cinquecento</skos:altLabel><skos:altLabel xml:lang="it">XVI Secolo</skos:altLabel><skos:altLabel xml:lang="it">Sedicesimo secolo</skos:altLabel><skos:altLabel xml:lang="it">'500</skos:altLabel><skos:altLabel xml:lang="fr">16e siècle</skos:altLabel><edm:begin>1501-01-11</edm:begin><edm:end>1600-12-31</edm:end><owl:sameAs rdf:resource="http://www.wikidata.org/entity/Q7017"/><owl:sameAs rdf:resource="http://id.loc.gov/authorities/names/sh85123070"/><owl:sameAs rdf:resource="http://id.nlm.nih.gov/mesh/D049669"/><owl:sameAs rdf:resource="https://www.freebase.com/m/08b23"/><owl:sameAs rdf:resource="https://g.co/kg/m/08b23"/><owl:sameAs rdf:resource="http://vocab.getty.edu/aat/300404510"/><owl:sameAs rdf:resource="http://babelnet.org/rdf/s02814512n"/><owl:sameAs rdf:resource="http://dbpedia.org/resource/16th_century"/></edm:TimeSpan><edm:TimeSpan rdf:about="http://data.europeana.eu/timespan/17"><skos:prefLabel xml:lang="de">17. Jahrhundert</skos:prefLabel><skos:prefLabel xml:lang="ru">XVII век</skos:prefLabel><skos:prefLabel xml:lang="fi">1600-luku</skos:prefLabel><skos:prefLabel xml:lang="pt">Século XVII</skos:prefLabel><skos:prefLabel xml:lang="bg">17 век</skos:prefLabel><skos:prefLabel xml:lang="lt">XVII amžius</skos:prefLabel><skos:prefLabel xml:lang="lv">17. gadsimts</skos:prefLabel><skos:prefLabel xml:lang="hr">17. stoljeće</skos:prefLabel><skos:prefLabel xml:lang="fr">XVIIe siècle</skos:prefLabel><skos:prefLabel xml:lang="hu">17. század</skos:prefLabel><skos:prefLabel xml:lang="sk">17. storočie</skos:prefLabel><skos:prefLabel xml:lang="sl">17. stoletje</skos:prefLabel><skos:prefLabel xml:lang="ga">17ú haois</skos:prefLabel><skos:prefLabel xml:lang="ca">Segle XVII</skos:prefLabel><skos:prefLabel xml:lang="sv">1600-talet</skos:prefLabel><skos:prefLabel xml:lang="mt">Seklu XVII</skos:prefLabel><skos:prefLabel xml:lang="el">17ος αιώνας</skos:prefLabel><skos:prefLabel xml:lang="en">17th century</skos:prefLabel><skos:prefLabel xml:lang="it">XVII secolo</skos:prefLabel><skos:prefLabel xml:lang="es">Siglo XVII</skos:prefLabel><skos:prefLabel xml:lang="et">17. sajand</skos:prefLabel><skos:prefLabel xml:lang="eu">XVII. mendea</skos:prefLabel><skos:prefLabel xml:lang="cs">17. století</skos:prefLabel><skos:prefLabel xml:lang="pl">XVII wiek</skos:prefLabel><skos:prefLabel xml:lang="ro">Secolul al XVII-lea</skos:prefLabel><skos:prefLabel xml:lang="da">17. århundrede</skos:prefLabel><skos:prefLabel xml:lang="nl">17e eeuw</skos:prefLabel><skos:altLabel xml:lang="sv">1600-tal</skos:altLabel><skos:altLabel xml:lang="sv">17:e århundradet</skos:altLabel><skos:altLabel xml:lang="sv">17:e seklet</skos:altLabel><skos:altLabel xml:lang="sv">1600-talet (århundrade)</skos:altLabel><skos:altLabel xml:lang="sv">1600-talet (sekel)</skos:altLabel><skos:altLabel xml:lang="ru">17 век</skos:altLabel><skos:altLabel xml:lang="mt">Seklu 17</skos:altLabel><skos:altLabel xml:lang="en">17th-century</skos:altLabel><skos:altLabel xml:lang="en">17th-century</skos:altLabel><skos:altLabel xml:lang="en">History, 17th Century</skos:altLabel><skos:altLabel xml:lang="it">Seicento</skos:altLabel><skos:altLabel xml:lang="it">17° secolo</skos:altLabel><skos:altLabel xml:lang="it">Secolo XVII</skos:altLabel><skos:altLabel xml:lang="it">XVII Secolo</skos:altLabel><skos:altLabel xml:lang="it">Diciassettesimo secolo</skos:altLabel><skos:altLabel xml:lang="it">'600</skos:altLabel><skos:altLabel xml:lang="it">17º secolo</skos:altLabel><skos:altLabel xml:lang="it">Seicento</skos:altLabel><skos:altLabel xml:lang="fr">17e siècle</skos:altLabel><edm:begin>1601-01-01</edm:begin><edm:end>1700-12-31</edm:end><owl:sameAs rdf:resource="http://www.wikidata.org/entity/Q7016"/><owl:sameAs rdf:resource="http://id.loc.gov/authorities/names/sh85120427"/><owl:sameAs rdf:resource="http://data.bnf.fr/ark:/12148/cb120419182"/><owl:sameAs rdf:resource="http://id.nlm.nih.gov/mesh/D049670"/><owl:sameAs rdf:resource="https://www.freebase.com/m/08b2m"/><owl:sameAs rdf:resource="https://g.co/kg/m/08b2m"/><owl:sameAs rdf:resource="http://id.nlm.nih.gov/mesh/K01.400.504.750"/><owl:sameAs rdf:resource="http://vocab.getty.edu/aat/300404511"/><owl:sameAs rdf:resource="http://babelnet.org/rdf/s02814624n"/><owl:sameAs rdf:resource="http://dbpedia.org/resource/17th_century"/></edm:TimeSpan><skos:Concept rdf:about="http://data.europeana.eu/concept/2728"><skos:prefLabel xml:lang="de">Leinwand</skos:prefLabel><skos:prefLabel xml:lang="fi">Kangas</skos:prefLabel><skos:prefLabel xml:lang="ru">Холст</skos:prefLabel><skos:prefLabel xml:lang="pt">Tela</skos:prefLabel><skos:prefLabel xml:lang="bg">Брезент</skos:prefLabel><skos:prefLabel xml:lang="lt">Drobė</skos:prefLabel><skos:prefLabel xml:lang="lv">Audekls</skos:prefLabel><skos:prefLabel xml:lang="fr">Toile</skos:prefLabel><skos:prefLabel xml:lang="hu">Vászon</skos:prefLabel><skos:prefLabel xml:lang="sk">Plátno</skos:prefLabel><skos:prefLabel xml:lang="sl">Platno</skos:prefLabel><skos:prefLabel xml:lang="ga">Canbhás</skos:prefLabel><skos:prefLabel xml:lang="ca">Llenç</skos:prefLabel><skos:prefLabel xml:lang="sv">Kanvas</skos:prefLabel><skos:prefLabel xml:lang="el">Μουσαμάς</skos:prefLabel><skos:prefLabel xml:lang="en">Canvas</skos:prefLabel><skos:prefLabel xml:lang="it">Canovaccio</skos:prefLabel><skos:prefLabel xml:lang="es">Lienzo</skos:prefLabel><skos:prefLabel xml:lang="et">Lõuend</skos:prefLabel><skos:prefLabel xml:lang="cs">Plátno</skos:prefLabel><skos:prefLabel xml:lang="eu">Mihise</skos:prefLabel><skos:prefLabel xml:lang="pl">Kanwa</skos:prefLabel><skos:prefLabel xml:lang="ro">Pânză</skos:prefLabel><skos:prefLabel xml:lang="da">Lærred</skos:prefLabel><skos:prefLabel xml:lang="nl">Canvas</skos:prefLabel><skos:note xml:lang="de">Material für Leinwände, Segel und Kleidung</skos:note><skos:note xml:lang="sv">Tygmaterial</skos:note><skos:note xml:lang="ru">Плотная ткань</skos:note><skos:note xml:lang="en">Extremely heavy-duty plain-woven fabric</skos:note><skos:note xml:lang="it">Tessuto con armatura in tela, dalla trama larga e grossolana</skos:note><skos:note xml:lang="fr">Pièce de tissu résistante</skos:note><skos:note xml:lang="es">Tela extremadamente resistente utilizada en velas, lonas, mochilas, obras pictóricas...</skos:note><skos:note xml:lang="cs">Druh tkaniny</skos:note><skos:note xml:lang="eu">Iraupen handiko ehuna, bizkar zorroetan, itsasontzietarako beletan, lonetan... erabilia</skos:note><skos:note xml:lang="pl">Rodzaj wyjątkowo wytrzymałej, gładkiej tkaniny używanej w malarstwie olejnym</skos:note><skos:note xml:lang="da">Glat vævede stoffer</skos:note><skos:note xml:lang="ca">Tela que serveix de suport per a treballs pictòrics</skos:note><skos:note xml:lang="nl">Stevig weefsel van hennep, vlas of katoen</skos:note><skos:exactMatch rdf:resource="http://www.wikidata.org/entity/Q4259259"/><skos:exactMatch rdf:resource="https://www.freebase.com/m/0jmpt"/><skos:exactMatch rdf:resource="https://g.co/kg/m/0jmpt"/><skos:exactMatch rdf:resource="http://babelnet.org/rdf/s00015381n"/><skos:exactMatch rdf:resource="http://thesaurus.europeanafashion.eu/thesaurus/10376"/><skos:exactMatch rdf:resource="http://dbpedia.org/resource/Canvas"/></skos:Concept><ore:Aggregation rdf:about="http://data.europeana.eu/aggregation/provider/2021672/resource_document_mauritshuis_357"><edm:aggregatedCHO rdf:resource="http://data.europeana.eu/item/2021672/resource_document_mauritshuis_357"/><edm:dataProvider rdf:resource="http://data.europeana.eu/organization/1482250000004509120"></edm:dataProvider><edm:isShownBy rdf:resource="https://www.mauritshuis.nl/media/wf1ab4v3/0357.jpg"/><edm:provider rdf:resource="http://data.europeana.eu/organization/1482250000004671093"></edm:provider><edm:rights rdf:resource="http://creativecommons.org/publicdomain/mark/1.0/"/></ore:Aggregation><ore:Proxy rdf:about="http://data.europeana.eu/proxy/europeana/2021672/resource_document_mauritshuis_357"><dc:creator rdf:resource="http://data.europeana.eu/agent/5"></dc:creator><dc:date rdf:resource="#1600%2F1700"></dc:date><dc:date rdf:resource="#1600%2F1700"></dc:date><dc:identifier>resource_document_mauritshuis_357</dc:identifier><dcterms:medium rdf:resource="http://data.europeana.eu/concept/2728"></dcterms:medium><edm:europeanaProxy>true</edm:europeanaProxy><ore:proxyFor rdf:resource="http://data.europeana.eu/item/2021672/resource_document_mauritshuis_357"/><ore:proxyIn rdf:resource="http://data.europeana.eu/aggregation/europeana/2021672/resource_document_mauritshuis_357"/><ore:lineage rdf:resource="http://data.europeana.eu/proxy/provider/2021672/resource_document_mauritshuis_357"/><edm:type>IMAGE</edm:type></ore:Proxy><ore:Proxy rdf:about="http://data.europeana.eu/proxy/provider/2021672/resource_document_mauritshuis_357"><dc:creator>Raphael</dc:creator><dc:date>1700 - 1600</dc:date><dc:format>40 cm</dc:format><dc:format>49 cm</dc:format><dc:identifier>357</dc:identifier><dc:title xml:lang="nl-NL">Madonna</dc:title><dc:title xml:lang="en-GB">Madonna</dc:title><dc:type xml:lang="nl-NL">schilderij</dc:type><dc:type xml:lang="en-GB">painting</dc:type><dcterms:medium xml:lang="nl-NL">doek</dcterms:medium><dcterms:medium xml:lang="en-GB">canvas</dcterms:medium><edm:europeanaProxy>false</edm:europeanaProxy><ore:proxyFor rdf:resource="http://data.europeana.eu/item/2021672/resource_document_mauritshuis_357"/><ore:proxyIn rdf:resource="http://data.europeana.eu/aggregation/provider/2021672/resource_document_mauritshuis_357"/><edm:type>IMAGE</edm:type></ore:Proxy><edm:EuropeanaAggregation rdf:about="http://data.europeana.eu/aggregation/europeana/2021672/resource_document_mauritshuis_357"><edm:aggregatedCHO rdf:resource="http://data.europeana.eu/item/2021672/resource_document_mauritshuis_357"/><edm:datasetName>2021672_Ag_NL_DigitaleCollectie_Mauritshuis</edm:datasetName><edm:country>Netherlands</edm:country><edm:preview rdf:resource="https://www.mauritshuis.nl/media/wf1ab4v3/0357.jpg"/><edm:landingPage rdf:resource="https://www.europeana.eu/item/2021672/resource_document_mauritshuis_357"/><edm:language>nl</edm:language><edm:completeness>0</edm:completeness><dcterms:created>2017-08-02T11:48:22.257Z</dcterms:created><dcterms:modified>2023-02-28T08:45:41.077Z</dcterms:modified><dqv:hasQualityAnnotation rdf:resource="http://data.europeana.eu/item/2021672/resource_document_mauritshuis_357#contentTier"/><dqv:hasQualityAnnotation rdf:resource="http://data.europeana.eu/item/2021672/resource_document_mauritshuis_357#metadataTier"/></edm:EuropeanaAggregation><foaf:Organization rdf:about="http://data.europeana.eu/organization/1482250000004509120"><skos:prefLabel xml:lang="en">Mauritshuis</skos:prefLabel><skos:prefLabel xml:lang="nl">Mauritshuis</skos:prefLabel></foaf:Organization><foaf:Organization rdf:about="http://data.europeana.eu/organization/1482250000004671093"><skos:prefLabel xml:lang="en">Dutch Collections for Europe</skos:prefLabel></foaf:Organization><dqv:QualityAnnotation rdf:about="http://data.europeana.eu/item/2021672/resource_document_mauritshuis_357#contentTier"><dcterms:created>2023-02-28T08:46:13.831910Z</dcterms:created><oa:hasTarget rdf:resource="http://data.europeana.eu/aggregation/provider/2021672/resource_document_mauritshuis_357"/><oa:hasBody rdf:resource="http://www.europeana.eu/schemas/epf/contentTier4"/></dqv:QualityAnnotation><dqv:QualityAnnotation rdf:about="http://data.europeana.eu/item/2021672/resource_document_mauritshuis_357#metadataTier"><dcterms:created>2023-02-28T08:46:13.831935Z</dcterms:created><oa:hasTarget rdf:resource="http://data.europeana.eu/aggregation/provider/2021672/resource_document_mauritshuis_357"/><oa:hasBody rdf:resource="http://www.europeana.eu/schemas/epf/metadataTierA"/></dqv:QualityAnnotation></rdf:RDF>