<?xml version="1.0" encoding="UTF-8" standalone="yes"?><rdf:RDF xmlns:rdf="http://www.w3.org/1999/02/22-rdf-syntax-ns#" xmlns:dc="http://purl.org/dc/elements/1.1/" xmlns:dcterms="http://purl.org/dc/terms/" xmlns:edm="http://www.europeana.eu/schemas/edm/" xmlns:owl="http://www.w3.org/2002/07/owl#" xmlns:wgs84_pos="http://www.w3.org/2003/01/geo/wgs84_pos#" xmlns:skos="http://www.w3.org/2004/02/skos/core#" xmlns:rdaGr2="http://rdvocab.info/ElementsGr2/" xmlns:foaf="http://xmlns.com/foaf/0.1/" xmlns:ebucore="http://www.ebu.ch/metadata/ontologies/ebucore/ebucore#" xmlns:doap="http://usefulinc.com/ns/doap#" xmlns:odrl="http://www.w3.org/ns/odrl/2/" xmlns:cc="http://creativecommons.org/ns#" xmlns:ore="http://www.openarchives.org/ore/terms/" xmlns:svcs="http://rdfs.org/sioc/services#" xmlns:oa="http://www.w3.org/ns/oa#" xmlns:dqv="http://www.w3.org/ns/dqv#"><edm:ProvidedCHO rdf:about="http://data.europeana.eu/item/2021672/resource_document_mauritshuis_1208"/><edm:WebResource rdf:about="https://www.mauritshuis.nl/media/t3shzbpq/1208_-repro-lage-resolutie.jpg"><ebucore:hasMimeType>image/jpeg</ebucore:hasMimeType><ebucore:fileByteSize rdf:datatype="http://www.w3.org/2001/XMLSchema#long">842061</ebucore:fileByteSize><ebucore:width rdf:datatype="http://www.w3.org/2001/XMLSchema#integer">4615</ebucore:width><ebucore:height rdf:datatype="http://www.w3.org/2001/XMLSchema#integer">5662</ebucore:height><edm:hasColorSpace>sRGB</edm:hasColorSpace><edm:componentColor rdf:datatype="http://www.w3.org/2001/XMLSchema#hexBinary">#696969</edm:componentColor><edm:componentColor rdf:datatype="http://www.w3.org/2001/XMLSchema#hexBinary">#5F9EA0</edm:componentColor><edm:componentColor rdf:datatype="http://www.w3.org/2001/XMLSchema#hexBinary">#3CB371</edm:componentColor><edm:componentColor rdf:datatype="http://www.w3.org/2001/XMLSchema#hexBinary">#008080</edm:componentColor><edm:componentColor rdf:datatype="http://www.w3.org/2001/XMLSchema#hexBinary">#CD853F</edm:componentColor><edm:componentColor rdf:datatype="http://www.w3.org/2001/XMLSchema#hexBinary">#008B8B</edm:componentColor><ebucore:orientation rdf:datatype="http://www.w3.org/2001/XMLSchema#string">portrait</ebucore:orientation></edm:WebResource><edm:TimeSpan rdf:about="#2009%2F2009"><skos:prefLabel xml:lang="zxx">2009/2009</skos:prefLabel><dcterms:isPartOf rdf:resource="http://data.europeana.eu/timespan/21"></dcterms:isPartOf><edm:begin>2009-01-01</edm:begin><edm:end>2009-12-31</edm:end></edm:TimeSpan><edm:TimeSpan rdf:about="http://data.europeana.eu/timespan/21"><skos:prefLabel xml:lang="de">21. Jahrhundert</skos:prefLabel><skos:prefLabel xml:lang="ru">XXI век</skos:prefLabel><skos:prefLabel xml:lang="fi">2000-luku</skos:prefLabel><skos:prefLabel xml:lang="pt">Século XXI</skos:prefLabel><skos:prefLabel xml:lang="bg">21 век</skos:prefLabel><skos:prefLabel xml:lang="lt">XXI amžius</skos:prefLabel><skos:prefLabel xml:lang="lv">21. gadsimts</skos:prefLabel><skos:prefLabel xml:lang="hr">21. stoljeće</skos:prefLabel><skos:prefLabel xml:lang="fr">XXIe siècle</skos:prefLabel><skos:prefLabel xml:lang="hu">21. század</skos:prefLabel><skos:prefLabel xml:lang="sk">21. storočie</skos:prefLabel><skos:prefLabel xml:lang="sl">21. stoletje</skos:prefLabel><skos:prefLabel xml:lang="ga">21ú haois</skos:prefLabel><skos:prefLabel xml:lang="ca">Segle XXI</skos:prefLabel><skos:prefLabel xml:lang="sv">2000-talet</skos:prefLabel><skos:prefLabel xml:lang="el">21ος αιώνας</skos:prefLabel><skos:prefLabel xml:lang="en">21st century</skos:prefLabel><skos:prefLabel xml:lang="it">XXI secolo</skos:prefLabel><skos:prefLabel xml:lang="es">Siglo XXI</skos:prefLabel><skos:prefLabel xml:lang="et">21. sajand</skos:prefLabel><skos:prefLabel xml:lang="eu">XXI. mendea</skos:prefLabel><skos:prefLabel xml:lang="cs">21. století</skos:prefLabel><skos:prefLabel xml:lang="pl">XXI wiek</skos:prefLabel><skos:prefLabel xml:lang="ro">Secolul al XXI-lea</skos:prefLabel><skos:prefLabel xml:lang="da">21. århundrede</skos:prefLabel><skos:prefLabel xml:lang="nl">21e eeuw</skos:prefLabel><skos:altLabel xml:lang="de">21. Jh.</skos:altLabel><skos:altLabel xml:lang="de">21. Jhd.</skos:altLabel><skos:altLabel xml:lang="de">21. Jhdt.</skos:altLabel><skos:altLabel xml:lang="de">21. Jhrh.</skos:altLabel><skos:altLabel xml:lang="de">21. Jahrh.</skos:altLabel><skos:altLabel xml:lang="de">21. Zentennium</skos:altLabel><skos:altLabel xml:lang="de">21. Centennium</skos:altLabel><skos:altLabel xml:lang="de">21. Hektode</skos:altLabel><skos:altLabel xml:lang="sv">21:a århundradet</skos:altLabel><skos:altLabel xml:lang="sv">21:a seklet</skos:altLabel><skos:altLabel xml:lang="sv">2000-tal</skos:altLabel><skos:altLabel xml:lang="sv">2000-talet (århundrade)</skos:altLabel><skos:altLabel xml:lang="sv">2000-talet (sekel)</skos:altLabel><skos:altLabel xml:lang="fi">21. vuosisata</skos:altLabel><skos:altLabel xml:lang="ru">21 век</skos:altLabel><skos:altLabel xml:lang="en">21st-century</skos:altLabel><skos:altLabel xml:lang="en">21st-century</skos:altLabel><skos:altLabel xml:lang="en">Twenty-first century</skos:altLabel><skos:altLabel xml:lang="en">History, 21st Century</skos:altLabel><skos:altLabel xml:lang="en">XXI Century</skos:altLabel><skos:altLabel xml:lang="en">Current century</skos:altLabel><skos:altLabel xml:lang="it">21° secolo</skos:altLabel><skos:altLabel xml:lang="it">Secolo XXI</skos:altLabel><skos:altLabel xml:lang="it">Ventunesimo secolo</skos:altLabel><skos:altLabel xml:lang="it">XXI Secolo</skos:altLabel><skos:altLabel xml:lang="it">Duemila</skos:altLabel><skos:altLabel xml:lang="pl">21 wiek</skos:altLabel><skos:altLabel xml:lang="pl">21 stulecie</skos:altLabel><skos:altLabel xml:lang="pl">XXI stulecie</skos:altLabel><skos:altLabel xml:lang="pl">XXI w</skos:altLabel><skos:altLabel xml:lang="fr">21e siècle</skos:altLabel><skos:altLabel xml:lang="fr">Vingt et unième siècle</skos:altLabel><skos:altLabel xml:lang="es">Historia, siglo 21</skos:altLabel><skos:altLabel xml:lang="es">Siglo 21</skos:altLabel><skos:altLabel xml:lang="es">Este siglo</skos:altLabel><skos:altLabel xml:lang="es">Siglo veintiuno</skos:altLabel><skos:altLabel xml:lang="ca">Segle 21</skos:altLabel><edm:begin>2001-01-01</edm:begin><edm:end>2100-12-31</edm:end><owl:sameAs rdf:resource="http://www.wikidata.org/entity/Q6939"/><owl:sameAs rdf:resource="http://data.culture.fr/thesaurus/resource/ark:/67717/T4-46"/><owl:sameAs rdf:resource="http://id.loc.gov/authorities/names/sh85139024"/><owl:sameAs rdf:resource="http://data.bnf.fr/ark:/12148/cb11930812p"/><owl:sameAs rdf:resource="http://id.nlm.nih.gov/mesh/D049674"/><owl:sameAs rdf:resource="https://www.freebase.com/m/08b43"/><owl:sameAs rdf:resource="https://g.co/kg/m/08b43"/><owl:sameAs rdf:resource="http://id.nlm.nih.gov/mesh/K01.400.504.984"/><owl:sameAs rdf:resource="http://vocab.getty.edu/aat/300404515"/><owl:sameAs rdf:resource="http://id.worldcat.org/fast/1159816"/><owl:sameAs rdf:resource="http://babelnet.org/rdf/s01157225n"/><owl:sameAs rdf:resource="http://dbpedia.org/resource/21st_century"/></edm:TimeSpan><ore:Aggregation rdf:about="http://data.europeana.eu/aggregation/provider/2021672/resource_document_mauritshuis_1208"><edm:aggregatedCHO rdf:resource="http://data.europeana.eu/item/2021672/resource_document_mauritshuis_1208"/><edm:dataProvider rdf:resource="http://data.europeana.eu/organization/1482250000004509120"></edm:dataProvider><edm:isShownBy rdf:resource="https://www.mauritshuis.nl/media/t3shzbpq/1208_-repro-lage-resolutie.jpg"/><edm:provider rdf:resource="http://data.europeana.eu/organization/1482250000004671093"></edm:provider><edm:rights rdf:resource="http://creativecommons.org/publicdomain/mark/1.0/"/></ore:Aggregation><ore:Proxy rdf:about="http://data.europeana.eu/proxy/provider/2021672/resource_document_mauritshuis_1208"><dc:creator>Nick Carter</dc:creator><dc:creator>Rob Carter</dc:creator><dc:date>2009 - 2009</dc:date><dc:format>71 cm</dc:format><dc:format>58 cm</dc:format><dc:format>13 cm</dc:format><dc:identifier>1208</dc:identifier><dc:title xml:lang="nl-NL">Transforming Still Life Painting after Ambrosius Bosschaert the Elder, Vase With Flowers in a Window, 1618</dc:title><dc:title xml:lang="en-GB">Transforming Still Life Painting after Ambrosius Bosschaert the Elder, Vase With Flowers in a Window, 1618</dc:title><dc:type xml:lang="nl-NL">video</dc:type><dc:type xml:lang="en-GB">video</dc:type><edm:europeanaProxy>false</edm:europeanaProxy><ore:proxyFor rdf:resource="http://data.europeana.eu/item/2021672/resource_document_mauritshuis_1208"/><ore:proxyIn rdf:resource="http://data.europeana.eu/aggregation/provider/2021672/resource_document_mauritshuis_1208"/><edm:type>IMAGE</edm:type></ore:Proxy><ore:Proxy rdf:about="http://data.europeana.eu/proxy/europeana/2021672/resource_document_mauritshuis_1208"><dc:date rdf:resource="#2009%2F2009"></dc:date><dc:date rdf:resource="#2009%2F2009"></dc:date><dc:identifier>resource_document_mauritshuis_1208</dc:identifier><edm:europeanaProxy>true</edm:europeanaProxy><ore:proxyFor rdf:resource="http://data.europeana.eu/item/2021672/resource_document_mauritshuis_1208"/><ore:proxyIn rdf:resource="http://data.europeana.eu/aggregation/europeana/2021672/resource_document_mauritshuis_1208"/><ore:lineage rdf:resource="http://data.europeana.eu/proxy/provider/2021672/resource_document_mauritshuis_1208"/><edm:type>IMAGE</edm:type></ore:Proxy><edm:EuropeanaAggregation rdf:about="http://data.europeana.eu/aggregation/europeana/2021672/resource_document_mauritshuis_1208"><edm:aggregatedCHO rdf:resource="http://data.europeana.eu/item/2021672/resource_document_mauritshuis_1208"/><edm:datasetName>2021672_Ag_NL_DigitaleCollectie_Mauritshuis</edm:datasetName><edm:country>Netherlands</edm:country><edm:preview rdf:resource="https://www.mauritshuis.nl/media/t3shzbpq/1208_-repro-lage-resolutie.jpg"/><edm:landingPage rdf:resource="https://www.europeana.eu/item/2021672/resource_document_mauritshuis_1208"/><edm:language>nl</edm:language><edm:completeness>0</edm:completeness><dcterms:created>2017-08-02T11:48:18.709Z</dcterms:created><dcterms:modified>2023-02-28T08:45:41.077Z</dcterms:modified><dqv:hasQualityAnnotation rdf:resource="http://data.europeana.eu/item/2021672/resource_document_mauritshuis_1208#contentTier"/><dqv:hasQualityAnnotation rdf:resource="http://data.europeana.eu/item/2021672/resource_document_mauritshuis_1208#metadataTier"/></edm:EuropeanaAggregation><foaf:Organization rdf:about="http://data.europeana.eu/organization/1482250000004509120"><skos:prefLabel xml:lang="en">Mauritshuis</skos:prefLabel><skos:prefLabel xml:lang="nl">Mauritshuis</skos:prefLabel></foaf:Organization><foaf:Organization rdf:about="http://data.europeana.eu/organization/1482250000004671093"><skos:prefLabel xml:lang="en">Dutch Collections for Europe</skos:prefLabel></foaf:Organization><dqv:QualityAnnotation rdf:about="http://data.europeana.eu/item/2021672/resource_document_mauritshuis_1208#contentTier"><dcterms:created>2023-02-28T08:46:42.906320Z</dcterms:created><oa:hasTarget rdf:resource="http://data.europeana.eu/aggregation/provider/2021672/resource_document_mauritshuis_1208"/><oa:hasBody rdf:resource="http://www.europeana.eu/schemas/epf/contentTier4"/></dqv:QualityAnnotation><dqv:QualityAnnotation rdf:about="http://data.europeana.eu/item/2021672/resource_document_mauritshuis_1208#metadataTier"><dcterms:created>2023-02-28T08:46:42.906346Z</dcterms:created><oa:hasTarget rdf:resource="http://data.europeana.eu/aggregation/provider/2021672/resource_document_mauritshuis_1208"/><oa:hasBody rdf:resource="http://www.europeana.eu/schemas/epf/metadataTierA"/></dqv:QualityAnnotation></rdf:RDF>