<?xml version="1.0" encoding="UTF-8" standalone="yes"?><rdf:RDF xmlns:rdf="http://www.w3.org/1999/02/22-rdf-syntax-ns#" xmlns:dc="http://purl.org/dc/elements/1.1/" xmlns:dcterms="http://purl.org/dc/terms/" xmlns:edm="http://www.europeana.eu/schemas/edm/" xmlns:owl="http://www.w3.org/2002/07/owl#" xmlns:wgs84_pos="http://www.w3.org/2003/01/geo/wgs84_pos#" xmlns:skos="http://www.w3.org/2004/02/skos/core#" xmlns:rdaGr2="http://rdvocab.info/ElementsGr2/" xmlns:foaf="http://xmlns.com/foaf/0.1/" xmlns:ebucore="http://www.ebu.ch/metadata/ontologies/ebucore/ebucore#" xmlns:doap="http://usefulinc.com/ns/doap#" xmlns:odrl="http://www.w3.org/ns/odrl/2/" xmlns:cc="http://creativecommons.org/ns#" xmlns:ore="http://www.openarchives.org/ore/terms/" xmlns:svcs="http://rdfs.org/sioc/services#" xmlns:oa="http://www.w3.org/ns/oa#" xmlns:dqv="http://www.w3.org/ns/dqv#"><edm:ProvidedCHO rdf:about="http://data.europeana.eu/item/2021672/resource_document_mauritshuis_183"/><edm:WebResource rdf:about="https://www.mauritshuis.nl/media/0nhhpne4/183.jpg"><ebucore:hasMimeType>image/jpeg</ebucore:hasMimeType><ebucore:fileByteSize rdf:datatype="http://www.w3.org/2001/XMLSchema#long">2365703</ebucore:fileByteSize><ebucore:width rdf:datatype="http://www.w3.org/2001/XMLSchema#integer">1834</ebucore:width><ebucore:height rdf:datatype="http://www.w3.org/2001/XMLSchema#integer">2266</ebucore:height><edm:hasColorSpace>sRGB</edm:hasColorSpace><edm:componentColor rdf:datatype="http://www.w3.org/2001/XMLSchema#hexBinary">#4682B4</edm:componentColor><edm:componentColor rdf:datatype="http://www.w3.org/2001/XMLSchema#hexBinary">#FAF0E6</edm:componentColor><edm:componentColor rdf:datatype="http://www.w3.org/2001/XMLSchema#hexBinary">#8FBC8F</edm:componentColor><edm:componentColor rdf:datatype="http://www.w3.org/2001/XMLSchema#hexBinary">#D2B48C</edm:componentColor><edm:componentColor rdf:datatype="http://www.w3.org/2001/XMLSchema#hexBinary">#BDB76B</edm:componentColor><edm:componentColor rdf:datatype="http://www.w3.org/2001/XMLSchema#hexBinary">#C0C0C0</edm:componentColor><ebucore:orientation rdf:datatype="http://www.w3.org/2001/XMLSchema#string">portrait</ebucore:orientation></edm:WebResource><edm:TimeSpan rdf:about="#1738%2F1738"><skos:prefLabel xml:lang="zxx">1738/1738</skos:prefLabel><dcterms:isPartOf rdf:resource="http://data.europeana.eu/timespan/18"></dcterms:isPartOf><edm:begin>1738-01-01</edm:begin><edm:end>1738-12-31</edm:end></edm:TimeSpan><edm:TimeSpan rdf:about="http://data.europeana.eu/timespan/18"><skos:prefLabel xml:lang="de">18. Jahrhundert</skos:prefLabel><skos:prefLabel xml:lang="ru">XVIII век</skos:prefLabel><skos:prefLabel xml:lang="fi">1700-luku</skos:prefLabel><skos:prefLabel xml:lang="pt">Século XVIII</skos:prefLabel><skos:prefLabel xml:lang="bg">18 век</skos:prefLabel><skos:prefLabel xml:lang="lt">XVIII amžius</skos:prefLabel><skos:prefLabel xml:lang="lv">18. gadsimts</skos:prefLabel><skos:prefLabel xml:lang="hr">18. stoljeće</skos:prefLabel><skos:prefLabel xml:lang="fr">XVIIIe siècle</skos:prefLabel><skos:prefLabel xml:lang="hu">18. század</skos:prefLabel><skos:prefLabel xml:lang="sk">18. storočie</skos:prefLabel><skos:prefLabel xml:lang="sl">18. stoletje</skos:prefLabel><skos:prefLabel xml:lang="ga">18ú haois</skos:prefLabel><skos:prefLabel xml:lang="ca">Segle XVIII</skos:prefLabel><skos:prefLabel xml:lang="sv">1700-talet</skos:prefLabel><skos:prefLabel xml:lang="el">18ος αιώνας</skos:prefLabel><skos:prefLabel xml:lang="en">18th century</skos:prefLabel><skos:prefLabel xml:lang="it">XVIII secolo</skos:prefLabel><skos:prefLabel xml:lang="es">Siglo XVIII</skos:prefLabel><skos:prefLabel xml:lang="et">18. sajand</skos:prefLabel><skos:prefLabel xml:lang="eu">XVIII. mendea</skos:prefLabel><skos:prefLabel xml:lang="cs">18. století</skos:prefLabel><skos:prefLabel xml:lang="pl">XVIII wiek</skos:prefLabel><skos:prefLabel xml:lang="ro">Secolul al XVIII-lea</skos:prefLabel><skos:prefLabel xml:lang="da">18. århundrede</skos:prefLabel><skos:prefLabel xml:lang="nl">18e eeuw</skos:prefLabel><skos:altLabel xml:lang="ru">18 век</skos:altLabel><skos:altLabel xml:lang="sv">18:e århundradet</skos:altLabel><skos:altLabel xml:lang="sv">18:e seklet</skos:altLabel><skos:altLabel xml:lang="sv">1700-tal</skos:altLabel><skos:altLabel xml:lang="sv">1700-talet (århundrade)</skos:altLabel><skos:altLabel xml:lang="sv">1700-talet (sekel)</skos:altLabel><skos:altLabel xml:lang="en">18th-century</skos:altLabel><skos:altLabel xml:lang="en">18th-century</skos:altLabel><skos:altLabel xml:lang="en">Eighteenth Century</skos:altLabel><skos:altLabel xml:lang="en">History, 18th Century</skos:altLabel><skos:altLabel xml:lang="it">Settecento</skos:altLabel><skos:altLabel xml:lang="it">18° secolo</skos:altLabel><skos:altLabel xml:lang="it">Secolo XVIII</skos:altLabel><skos:altLabel xml:lang="it">XVIII Secolo</skos:altLabel><skos:altLabel xml:lang="it">Diciottesimo secolo</skos:altLabel><skos:altLabel xml:lang="it">'700</skos:altLabel><skos:altLabel xml:lang="it">18º secolo</skos:altLabel><skos:altLabel xml:lang="it">Settecento</skos:altLabel><skos:altLabel xml:lang="fr">18e siècle</skos:altLabel><skos:altLabel xml:lang="fr">18 siècle</skos:altLabel><skos:altLabel xml:lang="fr">18eme siècle</skos:altLabel><skos:altLabel xml:lang="da">1700-tallet</skos:altLabel><skos:altLabel xml:lang="hu">18. évszázad</skos:altLabel><skos:altLabel xml:lang="nl">1701-1800</skos:altLabel><skos:altLabel xml:lang="es">Siglo 18</skos:altLabel><skos:altLabel xml:lang="es">Siglo dieciocho</skos:altLabel><edm:begin>1701-01-01</edm:begin><edm:end>1800-01-01</edm:end><owl:sameAs rdf:resource="http://www.wikidata.org/entity/Q7015"/><owl:sameAs rdf:resource="http://id.loc.gov/authorities/names/sh2002012474"/><owl:sameAs rdf:resource="http://id.loc.gov/authorities/names/sh85041401"/><owl:sameAs rdf:resource="http://id.nlm.nih.gov/mesh/D049671"/><owl:sameAs rdf:resource="https://www.freebase.com/m/08b33"/><owl:sameAs rdf:resource="https://g.co/kg/m/08b33"/><owl:sameAs rdf:resource="http://id.nlm.nih.gov/mesh/K01.400.504.875"/><owl:sameAs rdf:resource="http://vocab.getty.edu/aat/300404512"/><owl:sameAs rdf:resource="http://babelnet.org/rdf/s02814699n"/><owl:sameAs rdf:resource="http://dbpedia.org/resource/18th_century"/></edm:TimeSpan><skos:Concept rdf:about="http://data.europeana.eu/concept/224"><skos:prefLabel xml:lang="de">Pastellkreiden</skos:prefLabel><skos:prefLabel xml:lang="sv">Pastell</skos:prefLabel><skos:prefLabel xml:lang="fi">Pastelliliitu</skos:prefLabel><skos:prefLabel xml:lang="ru">Пастель</skos:prefLabel><skos:prefLabel xml:lang="pt">Pastel</skos:prefLabel><skos:prefLabel xml:lang="el">Παστέλ</skos:prefLabel><skos:prefLabel xml:lang="lt">Pastelė</skos:prefLabel><skos:prefLabel xml:lang="en">Pastel</skos:prefLabel><skos:prefLabel xml:lang="hr">Pastel</skos:prefLabel><skos:prefLabel xml:lang="lv">Pastelis</skos:prefLabel><skos:prefLabel xml:lang="it">Pastello</skos:prefLabel><skos:prefLabel xml:lang="fr">Pastel</skos:prefLabel><skos:prefLabel xml:lang="hu">Pasztell</skos:prefLabel><skos:prefLabel xml:lang="es">Pastel</skos:prefLabel><skos:prefLabel xml:lang="et">Pastell</skos:prefLabel><skos:prefLabel xml:lang="cs">Pastel</skos:prefLabel><skos:prefLabel xml:lang="eu">Pastel (pintura)</skos:prefLabel><skos:prefLabel xml:lang="sl">Pastel</skos:prefLabel><skos:prefLabel xml:lang="ga">Pastal</skos:prefLabel><skos:prefLabel xml:lang="pl">Pastel</skos:prefLabel><skos:prefLabel xml:lang="ro">Pastel</skos:prefLabel><skos:prefLabel xml:lang="da">Pastelmaleri</skos:prefLabel><skos:prefLabel xml:lang="nl">Pastelkrijt</skos:prefLabel><skos:prefLabel xml:lang="ca">Pastel</skos:prefLabel><skos:note xml:lang="de">Material für den Farbauftrag in der Pastellmalerei und -zeichnung.</skos:note><skos:note xml:lang="ru">Наименование художественного материала и техники рисунка</skos:note><skos:note xml:lang="fi">Maalaus- tai piirustustarvike</skos:note><skos:note xml:lang="en">Painting or drawing material to color a painting surface</skos:note><skos:note xml:lang="it">Materiale artistico per colorare</skos:note><skos:note xml:lang="pl">Materiał malarski</skos:note><skos:note xml:lang="fr">Matériau de dessin et de peinture et la technique</skos:note><skos:note xml:lang="da">Kunst materialer</skos:note><skos:note xml:lang="es">Material artístico para pintura o dibujo</skos:note><skos:exactMatch rdf:resource="http://www.wikidata.org/entity/Q189085"/><skos:exactMatch rdf:resource="http://id.loc.gov/authorities/names/sh85098548"/><skos:exactMatch rdf:resource="http://data.bnf.fr/ark:/12148/cb12182417k"/><skos:exactMatch rdf:resource="http://purl.org/bncf/tid/5135"/><skos:exactMatch rdf:resource="https://www.freebase.com/m/0642x"/><skos:exactMatch rdf:resource="https://g.co/kg/m/0642x"/><skos:exactMatch rdf:resource="http://vocab.getty.edu/aat/300122621"/><skos:exactMatch rdf:resource="http://babelnet.org/rdf/s14095772n"/><skos:exactMatch rdf:resource="http://dbpedia.org/resource/Pastel"/></skos:Concept><skos:Concept rdf:about="http://data.europeana.eu/concept/2090"><skos:prefLabel xml:lang="de">Papier</skos:prefLabel><skos:prefLabel xml:lang="ru">Бумага</skos:prefLabel><skos:prefLabel xml:lang="fi">Paperi</skos:prefLabel><skos:prefLabel xml:lang="pt">Papel</skos:prefLabel><skos:prefLabel xml:lang="bg">Хартия</skos:prefLabel><skos:prefLabel xml:lang="lt">Popierius</skos:prefLabel><skos:prefLabel xml:lang="lv">Papīrs</skos:prefLabel><skos:prefLabel xml:lang="hr">Papir</skos:prefLabel><skos:prefLabel xml:lang="fr">Papier</skos:prefLabel><skos:prefLabel xml:lang="hu">Papír</skos:prefLabel><skos:prefLabel xml:lang="sk">Papier</skos:prefLabel><skos:prefLabel xml:lang="sl">Papir</skos:prefLabel><skos:prefLabel xml:lang="ga">Páipéar</skos:prefLabel><skos:prefLabel xml:lang="ca">Paper</skos:prefLabel><skos:prefLabel xml:lang="sv">Papper</skos:prefLabel><skos:prefLabel xml:lang="mt">Karta</skos:prefLabel><skos:prefLabel xml:lang="el">Χαρτί</skos:prefLabel><skos:prefLabel xml:lang="en">Paper</skos:prefLabel><skos:prefLabel xml:lang="it">Carta</skos:prefLabel><skos:prefLabel xml:lang="es">Papel</skos:prefLabel><skos:prefLabel xml:lang="et">Paber</skos:prefLabel><skos:prefLabel xml:lang="eu">Paper</skos:prefLabel><skos:prefLabel xml:lang="cs">Papír</skos:prefLabel><skos:prefLabel xml:lang="pl">Papier</skos:prefLabel><skos:prefLabel xml:lang="ro">Hârtie</skos:prefLabel><skos:prefLabel xml:lang="da">Papir</skos:prefLabel><skos:prefLabel xml:lang="nl">Papier</skos:prefLabel><skos:note xml:lang="de">Werkstoff aus Fasern zum Beschreiben, Bedrucken und Verpacken</skos:note><skos:note xml:lang="fi">Ohut kuiduista tehty materiaali</skos:note><skos:note xml:lang="sv">Cellulosabaserat material</skos:note><skos:note xml:lang="ru">Волокнистый материал с минеральными добавками</skos:note><skos:note xml:lang="pt">Folha fina feita com pasta de fibras vegetais</skos:note><skos:note xml:lang="en">Thin, flexible material mainly used for writing upon, printing upon, drawing or for packaging</skos:note><skos:note xml:lang="it">Materiale igroscopico, costituito da materie prime fibrose</skos:note><skos:note xml:lang="fr">Matière fabriquée à partir de fibres cellulosiques végétales et animales</skos:note><skos:note xml:lang="es">Delgada hoja elaborada con pasta de fibras vegetales</skos:note><skos:note xml:lang="cs">Tenký, pružný, vláknitý materiál s minerálními přísadami, vyráběný převážně z celulózy, užívaný pro psaní, kreslení, tisk nebo k balení</skos:note><skos:note xml:lang="sk">Tenký, hladký materiál vyrábaný zhutnením vlákna</skos:note><skos:note xml:lang="pl">Podłoże pisarskie lub malarskie otrzymywane z makulatury, celulozy i włókien innych roślin</skos:note><skos:note xml:lang="da">Materiale man kan skrive og tegne på</skos:note><skos:note xml:lang="nl">Materiaal waarop kan worden geschreven en getekend en dat kan worden bedrukt door middel van een druktechniek</skos:note><skos:note xml:lang="ca">Làmina constituïda per un entramat tridimensional de fibres de cel·lulosa i altres substàncies</skos:note><skos:broader rdf:resource="http://data.europeana.eu/concept/2069"/><skos:exactMatch rdf:resource="http://www.wikidata.org/entity/Q11472"/><skos:exactMatch rdf:resource="https://d-nb.info/gnd/4044522-7"/><skos:exactMatch rdf:resource="http://id.loc.gov/authorities/names/sh85097578"/><skos:exactMatch rdf:resource="http://data.bnf.fr/ark:/12148/cb11949744d"/><skos:exactMatch rdf:resource="http://id.ndl.go.jp/auth/ndlna/00564806"/><skos:exactMatch rdf:resource="http://id.nlm.nih.gov/mesh/D010209"/><skos:exactMatch rdf:resource="http://purl.org/bncf/tid/1192"/><skos:exactMatch rdf:resource="https://www.freebase.com/m/0641k"/><skos:exactMatch rdf:resource="https://g.co/kg/m/0641k"/><skos:exactMatch rdf:resource="http://vocab.getty.edu/aat/300014109"/><skos:exactMatch rdf:resource="http://iconclass.org/49L641"/><skos:exactMatch rdf:resource="http://www.yso.fi/onto/yso/p8522"/><skos:exactMatch rdf:resource="http://babelnet.org/rdf/s00060464n"/><skos:exactMatch rdf:resource="http://thesaurus.europeanafashion.eu/thesaurus/10574"/><skos:exactMatch rdf:resource="http://zbw.eu/stw/descriptor/14802-1"/><skos:exactMatch rdf:resource="http://vocabularies.unesco.org/thesaurus/concept14922"/><skos:exactMatch rdf:resource="http://dbpedia.org/resource/Paper"/></skos:Concept><ore:Aggregation rdf:about="http://data.europeana.eu/aggregation/provider/2021672/resource_document_mauritshuis_183"><edm:aggregatedCHO rdf:resource="http://data.europeana.eu/item/2021672/resource_document_mauritshuis_183"/><edm:dataProvider rdf:resource="http://data.europeana.eu/organization/1482250000004509120"></edm:dataProvider><edm:isShownBy rdf:resource="https://www.mauritshuis.nl/media/0nhhpne4/183.jpg"/><edm:provider rdf:resource="http://data.europeana.eu/organization/1482250000004671093"></edm:provider><edm:rights rdf:resource="http://creativecommons.org/publicdomain/mark/1.0/"/></ore:Aggregation><ore:Proxy rdf:about="http://data.europeana.eu/proxy/provider/2021672/resource_document_mauritshuis_183"><dc:creator>Cornelis Troost</dc:creator><dc:date>1738 - 1738</dc:date><dc:format>50 cm</dc:format><dc:format>62 cm</dc:format><dc:identifier>183</dc:identifier><dc:title xml:lang="nl-NL">Arlequin, tovenaar en barbier: De bedrogen rivalen</dc:title><dc:title xml:lang="en-GB">Harlequin, Magician and Barber: The Rivals Exposed</dc:title><dc:type xml:lang="nl-NL">pastel</dc:type><dc:type xml:lang="en-GB">pastel</dc:type><dcterms:medium xml:lang="nl-NL">papier</dcterms:medium><dcterms:medium xml:lang="en-GB">paper</dcterms:medium><edm:europeanaProxy>false</edm:europeanaProxy><ore:proxyFor rdf:resource="http://data.europeana.eu/item/2021672/resource_document_mauritshuis_183"/><ore:proxyIn rdf:resource="http://data.europeana.eu/aggregation/provider/2021672/resource_document_mauritshuis_183"/><edm:type>IMAGE</edm:type></ore:Proxy><ore:Proxy rdf:about="http://data.europeana.eu/proxy/europeana/2021672/resource_document_mauritshuis_183"><dc:date rdf:resource="#1738%2F1738"></dc:date><dc:date rdf:resource="#1738%2F1738"></dc:date><dc:identifier>resource_document_mauritshuis_183</dc:identifier><dc:type rdf:resource="http://data.europeana.eu/concept/224"></dc:type><dcterms:medium rdf:resource="http://data.europeana.eu/concept/2090"></dcterms:medium><edm:europeanaProxy>true</edm:europeanaProxy><ore:proxyFor rdf:resource="http://data.europeana.eu/item/2021672/resource_document_mauritshuis_183"/><ore:proxyIn rdf:resource="http://data.europeana.eu/aggregation/europeana/2021672/resource_document_mauritshuis_183"/><ore:lineage rdf:resource="http://data.europeana.eu/proxy/provider/2021672/resource_document_mauritshuis_183"/><edm:type>IMAGE</edm:type></ore:Proxy><edm:EuropeanaAggregation rdf:about="http://data.europeana.eu/aggregation/europeana/2021672/resource_document_mauritshuis_183"><edm:aggregatedCHO rdf:resource="http://data.europeana.eu/item/2021672/resource_document_mauritshuis_183"/><edm:datasetName>2021672_Ag_NL_DigitaleCollectie_Mauritshuis</edm:datasetName><edm:country>Netherlands</edm:country><edm:preview rdf:resource="https://www.mauritshuis.nl/media/0nhhpne4/183.jpg"/><edm:landingPage rdf:resource="https://www.europeana.eu/item/2021672/resource_document_mauritshuis_183"/><edm:language>nl</edm:language><edm:completeness>0</edm:completeness><dcterms:created>2017-08-02T11:48:20.669Z</dcterms:created><dcterms:modified>2023-02-28T08:45:41.077Z</dcterms:modified><dqv:hasQualityAnnotation rdf:resource="http://data.europeana.eu/item/2021672/resource_document_mauritshuis_183#contentTier"/><dqv:hasQualityAnnotation rdf:resource="http://data.europeana.eu/item/2021672/resource_document_mauritshuis_183#metadataTier"/></edm:EuropeanaAggregation><foaf:Organization rdf:about="http://data.europeana.eu/organization/1482250000004509120"><skos:prefLabel xml:lang="en">Mauritshuis</skos:prefLabel><skos:prefLabel xml:lang="nl">Mauritshuis</skos:prefLabel></foaf:Organization><foaf:Organization rdf:about="http://data.europeana.eu/organization/1482250000004671093"><skos:prefLabel xml:lang="en">Dutch Collections for Europe</skos:prefLabel></foaf:Organization><dqv:QualityAnnotation rdf:about="http://data.europeana.eu/item/2021672/resource_document_mauritshuis_183#contentTier"><dcterms:created>2023-02-28T08:46:34.803156Z</dcterms:created><oa:hasTarget rdf:resource="http://data.europeana.eu/aggregation/provider/2021672/resource_document_mauritshuis_183"/><oa:hasBody rdf:resource="http://www.europeana.eu/schemas/epf/contentTier4"/></dqv:QualityAnnotation><dqv:QualityAnnotation rdf:about="http://data.europeana.eu/item/2021672/resource_document_mauritshuis_183#metadataTier"><dcterms:created>2023-02-28T08:46:34.803178Z</dcterms:created><oa:hasTarget rdf:resource="http://data.europeana.eu/aggregation/provider/2021672/resource_document_mauritshuis_183"/><oa:hasBody rdf:resource="http://www.europeana.eu/schemas/epf/metadataTierA"/></dqv:QualityAnnotation></rdf:RDF>