<?xml version="1.0" encoding="UTF-8" standalone="yes"?><rdf:RDF xmlns:rdf="http://www.w3.org/1999/02/22-rdf-syntax-ns#" xmlns:dc="http://purl.org/dc/elements/1.1/" xmlns:dcterms="http://purl.org/dc/terms/" xmlns:edm="http://www.europeana.eu/schemas/edm/" xmlns:owl="http://www.w3.org/2002/07/owl#" xmlns:wgs84_pos="http://www.w3.org/2003/01/geo/wgs84_pos#" xmlns:skos="http://www.w3.org/2004/02/skos/core#" xmlns:rdaGr2="http://rdvocab.info/ElementsGr2/" xmlns:foaf="http://xmlns.com/foaf/0.1/" xmlns:ebucore="http://www.ebu.ch/metadata/ontologies/ebucore/ebucore#" xmlns:doap="http://usefulinc.com/ns/doap#" xmlns:odrl="http://www.w3.org/ns/odrl/2/" xmlns:cc="http://creativecommons.org/ns#" xmlns:ore="http://www.openarchives.org/ore/terms/" xmlns:svcs="http://rdfs.org/sioc/services#" xmlns:oa="http://www.w3.org/ns/oa#" xmlns:dqv="http://www.w3.org/ns/dqv#"><edm:ProvidedCHO rdf:about="http://data.europeana.eu/item/2021672/resource_document_mauritshuis_399"/><edm:WebResource rdf:about="https://www.mauritshuis.nl/media/a1wnipuc/0399.jpg"><ebucore:hasMimeType>image/jpeg</ebucore:hasMimeType><ebucore:fileByteSize rdf:datatype="http://www.w3.org/2001/XMLSchema#long">4745866</ebucore:fileByteSize><ebucore:width rdf:datatype="http://www.w3.org/2001/XMLSchema#integer">5700</ebucore:width><ebucore:height rdf:datatype="http://www.w3.org/2001/XMLSchema#integer">3594</ebucore:height><edm:hasColorSpace>sRGB</edm:hasColorSpace><edm:componentColor rdf:datatype="http://www.w3.org/2001/XMLSchema#hexBinary">#556B2F</edm:componentColor><edm:componentColor rdf:datatype="http://www.w3.org/2001/XMLSchema#hexBinary">#8B4513</edm:componentColor><edm:componentColor rdf:datatype="http://www.w3.org/2001/XMLSchema#hexBinary">#696969</edm:componentColor><edm:componentColor rdf:datatype="http://www.w3.org/2001/XMLSchema#hexBinary">#2F4F4F</edm:componentColor><edm:componentColor rdf:datatype="http://www.w3.org/2001/XMLSchema#hexBinary">#CD853F</edm:componentColor><edm:componentColor rdf:datatype="http://www.w3.org/2001/XMLSchema#hexBinary">#000000</edm:componentColor><ebucore:orientation rdf:datatype="http://www.w3.org/2001/XMLSchema#string">landscape</ebucore:orientation></edm:WebResource><skos:Concept rdf:about="http://data.europeana.eu/concept/1770"><skos:prefLabel xml:lang="de">Kupfer</skos:prefLabel><skos:prefLabel xml:lang="ru">Медь</skos:prefLabel><skos:prefLabel xml:lang="fi">Kupari</skos:prefLabel><skos:prefLabel xml:lang="pt">Cobre</skos:prefLabel><skos:prefLabel xml:lang="bg">Мед</skos:prefLabel><skos:prefLabel xml:lang="lt">Varis</skos:prefLabel><skos:prefLabel xml:lang="lv">Varš</skos:prefLabel><skos:prefLabel xml:lang="hr">Bakar</skos:prefLabel><skos:prefLabel xml:lang="fr">Cuivre</skos:prefLabel><skos:prefLabel xml:lang="hu">Réz</skos:prefLabel><skos:prefLabel xml:lang="sk">Meď</skos:prefLabel><skos:prefLabel xml:lang="sl">Baker</skos:prefLabel><skos:prefLabel xml:lang="ga">Copar</skos:prefLabel><skos:prefLabel xml:lang="ca">Coure</skos:prefLabel><skos:prefLabel xml:lang="sv">Koppar</skos:prefLabel><skos:prefLabel xml:lang="mt">Ram</skos:prefLabel><skos:prefLabel xml:lang="el">Χαλκός</skos:prefLabel><skos:prefLabel xml:lang="en">Copper</skos:prefLabel><skos:prefLabel xml:lang="it">Rame</skos:prefLabel><skos:prefLabel xml:lang="es">Cobre</skos:prefLabel><skos:prefLabel xml:lang="et">Vask</skos:prefLabel><skos:prefLabel xml:lang="eu">Kobre</skos:prefLabel><skos:prefLabel xml:lang="cs">Měď</skos:prefLabel><skos:prefLabel xml:lang="pl">Miedź</skos:prefLabel><skos:prefLabel xml:lang="ro">Cupru</skos:prefLabel><skos:prefLabel xml:lang="da">Kobber</skos:prefLabel><skos:prefLabel xml:lang="nl">Koper</skos:prefLabel><skos:note xml:lang="de">Chemisches Element mit dem Symbol Cu und der Ordnungszahl 29</skos:note><skos:note xml:lang="sv">Grundämne</skos:note><skos:note xml:lang="fi">Alkuaine, jonka järjestysluku 29</skos:note><skos:note xml:lang="ru">Химический элемент с порядковым номером 29, металл</skos:note><skos:note xml:lang="pt">Elemento químico com número atómico 29</skos:note><skos:note xml:lang="bg">Химичен елемент с атомен номер 29</skos:note><skos:note xml:lang="el">Χημικό στοιχείο με σύμβολο Cu και ατομικό αριθμό 29</skos:note><skos:note xml:lang="en">Chemical element with symbol Cu and atomic number 29</skos:note><skos:note xml:lang="lv">Ķīmiskais elements</skos:note><skos:note xml:lang="hr">Kemijski element s atomskim brojem 29</skos:note><skos:note xml:lang="it">Elemento chimico con simbolo Cu e avente numero atomico 29</skos:note><skos:note xml:lang="fr">Élément chimique de numéro atomique 29 et de symbole Cu</skos:note><skos:note xml:lang="hu">Kémiai elem, rendszáma 29, vegyjele Cu</skos:note><skos:note xml:lang="es">Elemento químico con número atómico 29</skos:note><skos:note xml:lang="cs">Chemický prvek, značka Cu, atomové číslo 29</skos:note><skos:note xml:lang="eu">29 zenbaki atomikoa duen elementu kimikoa</skos:note><skos:note xml:lang="sk">Chemický prvok s protónovým číslom 29</skos:note><skos:note xml:lang="pl">29. pierwiastek chemiczny</skos:note><skos:note xml:lang="ro">Elementul chimic cu numărul de ordine 29</skos:note><skos:note xml:lang="da">Grundstof med atomnummer 29</skos:note><skos:note xml:lang="ca">Element químic amb nombre atòmic 29</skos:note><skos:note xml:lang="nl">Scheikundig element met symbool Cu en atoomnummer 29</skos:note><skos:broader rdf:resource="http://data.europeana.eu/concept/2069"/><skos:broader rdf:resource="http://data.europeana.eu/concept/1766"/><skos:exactMatch rdf:resource="http://www.wikidata.org/entity/Q753"/><skos:exactMatch rdf:resource="https://d-nb.info/gnd/4033734-0"/><skos:exactMatch rdf:resource="http://id.loc.gov/authorities/names/sh85032278"/><skos:exactMatch rdf:resource="http://data.bnf.fr/ark:/12148/cb119470591"/><skos:exactMatch rdf:resource="http://id.ndl.go.jp/auth/ndlna/00561504"/><skos:exactMatch rdf:resource="http://id.nlm.nih.gov/mesh/D003300"/><skos:exactMatch rdf:resource="http://purl.org/bncf/tid/2735"/><skos:exactMatch rdf:resource="https://www.freebase.com/m/025rsfk"/><skos:exactMatch rdf:resource="https://g.co/kg/m/025rsfk"/><skos:exactMatch rdf:resource="http://id.nlm.nih.gov/mesh/D01.268.556.195"/><skos:exactMatch rdf:resource="http://id.nlm.nih.gov/mesh/D01.268.956.170"/><skos:exactMatch rdf:resource="http://id.nlm.nih.gov/mesh/D01.552.544.195"/><skos:exactMatch rdf:resource="http://datos.bne.es/resource/XX530125"/><skos:exactMatch rdf:resource="http://vocab.getty.edu/aat/300011020"/><skos:exactMatch rdf:resource="http://www.yso.fi/onto/yso/p19074"/><skos:exactMatch rdf:resource="http://babelnet.org/rdf/s00006859n"/><skos:exactMatch rdf:resource="http://thesaurus.europeanafashion.eu/thesaurus/10548"/><skos:exactMatch rdf:resource="http://zbw.eu/stw/descriptor/14299-5"/><skos:exactMatch rdf:resource="http://vocabularies.unesco.org/thesaurus/concept5524"/><skos:exactMatch rdf:resource="http://dbpedia.org/resource/Copper"/></skos:Concept><ore:Aggregation rdf:about="http://data.europeana.eu/aggregation/provider/2021672/resource_document_mauritshuis_399"><edm:aggregatedCHO rdf:resource="http://data.europeana.eu/item/2021672/resource_document_mauritshuis_399"/><edm:dataProvider rdf:resource="http://data.europeana.eu/organization/1482250000004509120"></edm:dataProvider><edm:isShownBy rdf:resource="https://www.mauritshuis.nl/media/a1wnipuc/0399.jpg"/><edm:provider rdf:resource="http://data.europeana.eu/organization/1482250000004671093"></edm:provider><edm:rights rdf:resource="http://creativecommons.org/publicdomain/mark/1.0/"/></ore:Aggregation><ore:Proxy rdf:about="http://data.europeana.eu/proxy/provider/2021672/resource_document_mauritshuis_399"><dc:creator>Balthasar van der Ast</dc:creator><dc:format>7.8 cm</dc:format><dc:format>12.5 cm</dc:format><dc:identifier>399</dc:identifier><dc:title xml:lang="nl-NL">Schelpen op een tafel</dc:title><dc:title xml:lang="en-GB">Shells on a Table</dc:title><dc:type xml:lang="nl-NL">schilderij</dc:type><dc:type xml:lang="en-GB">painting</dc:type><dcterms:medium xml:lang="nl-NL">koper</dcterms:medium><dcterms:medium xml:lang="en-GB">copper</dcterms:medium><edm:europeanaProxy>false</edm:europeanaProxy><ore:proxyFor rdf:resource="http://data.europeana.eu/item/2021672/resource_document_mauritshuis_399"/><ore:proxyIn rdf:resource="http://data.europeana.eu/aggregation/provider/2021672/resource_document_mauritshuis_399"/><edm:type>IMAGE</edm:type></ore:Proxy><ore:Proxy rdf:about="http://data.europeana.eu/proxy/europeana/2021672/resource_document_mauritshuis_399"><dc:identifier>resource_document_mauritshuis_399</dc:identifier><dcterms:medium rdf:resource="http://data.europeana.eu/concept/1770"></dcterms:medium><edm:europeanaProxy>true</edm:europeanaProxy><ore:proxyFor rdf:resource="http://data.europeana.eu/item/2021672/resource_document_mauritshuis_399"/><ore:proxyIn rdf:resource="http://data.europeana.eu/aggregation/europeana/2021672/resource_document_mauritshuis_399"/><ore:lineage rdf:resource="http://data.europeana.eu/proxy/provider/2021672/resource_document_mauritshuis_399"/><edm:type>IMAGE</edm:type></ore:Proxy><edm:EuropeanaAggregation rdf:about="http://data.europeana.eu/aggregation/europeana/2021672/resource_document_mauritshuis_399"><edm:aggregatedCHO rdf:resource="http://data.europeana.eu/item/2021672/resource_document_mauritshuis_399"/><edm:datasetName>2021672_Ag_NL_DigitaleCollectie_Mauritshuis</edm:datasetName><edm:country>Netherlands</edm:country><edm:preview rdf:resource="https://www.mauritshuis.nl/media/a1wnipuc/0399.jpg"/><edm:landingPage rdf:resource="https://www.europeana.eu/item/2021672/resource_document_mauritshuis_399"/><edm:language>nl</edm:language><edm:completeness>0</edm:completeness><dcterms:created>2017-08-02T11:48:23.943Z</dcterms:created><dcterms:modified>2023-02-28T08:45:41.077Z</dcterms:modified><dqv:hasQualityAnnotation rdf:resource="http://data.europeana.eu/item/2021672/resource_document_mauritshuis_399#contentTier"/><dqv:hasQualityAnnotation rdf:resource="http://data.europeana.eu/item/2021672/resource_document_mauritshuis_399#metadataTier"/></edm:EuropeanaAggregation><foaf:Organization rdf:about="http://data.europeana.eu/organization/1482250000004509120"><skos:prefLabel xml:lang="en">Mauritshuis</skos:prefLabel><skos:prefLabel xml:lang="nl">Mauritshuis</skos:prefLabel></foaf:Organization><foaf:Organization rdf:about="http://data.europeana.eu/organization/1482250000004671093"><skos:prefLabel xml:lang="en">Dutch Collections for Europe</skos:prefLabel></foaf:Organization><dqv:QualityAnnotation rdf:about="http://data.europeana.eu/item/2021672/resource_document_mauritshuis_399#contentTier"><dcterms:created>2023-02-28T08:46:01.502182Z</dcterms:created><oa:hasTarget rdf:resource="http://data.europeana.eu/aggregation/provider/2021672/resource_document_mauritshuis_399"/><oa:hasBody rdf:resource="http://www.europeana.eu/schemas/epf/contentTier4"/></dqv:QualityAnnotation><dqv:QualityAnnotation rdf:about="http://data.europeana.eu/item/2021672/resource_document_mauritshuis_399#metadataTier"><dcterms:created>2023-02-28T08:46:01.502236Z</dcterms:created><oa:hasTarget rdf:resource="http://data.europeana.eu/aggregation/provider/2021672/resource_document_mauritshuis_399"/><oa:hasBody rdf:resource="http://www.europeana.eu/schemas/epf/metadataTierA"/></dqv:QualityAnnotation></rdf:RDF>